pipe_id,duration,event,risk_score,expected_lifespan,days_since_inspection,inspection_overdue
237191,365,0,0.9558468749855729,382,215,1
237214,365,0,0.9558466886996275,382,241,1
237225,365,0,0.95584734610266,382,214,1
237249,365,0,0.9558468125713327,382,236,1
237299,365,0,0.9558473214752863,382,206,1
237314,365,0,0.9558467009659668,382,243,1
237318,365,0,0.9558488185949036,382,213,1
237327,365,0,0.9558474873096016,382,204,1
237342,365,0,0.9558465692665302,382,225,1
237377,365,0,0.9558474061183667,382,225,1
237401,365,0,0.9558473021082373,382,237,1
237404,365,0,0.9558473817945499,382,223,1
237427,247,1,4.25981527215879,58,215,1
237429,365,0,0.9558468476993306,382,203,1
237431,365,0,0.9558472478165914,382,204,1
237452,365,0,0.9558475711094956,382,208,1
237465,365,0,0.9558469279718246,382,217,1
237472,365,0,0.955847131982637,382,209,1
237533,365,0,0.9558465090600192,382,223,1
237573,365,0,0.9558466549273067,382,248,1
237575,365,0,0.9558473235482564,382,217,1
237585,365,0,0.9558469538163957,382,224,1
237621,365,0,0.9558480424825628,382,242,1
237657,365,0,0.9558471282257399,382,240,1
237659,365,0,0.9558468295118921,382,251,1
237660,365,0,0.9558481226099831,382,229,1
237672,365,0,0.9558467187065686,382,202,1
237704,365,0,0.9558475741744887,382,206,1
237725,365,0,0.9558467471365415,382,236,1
237747,365,0,0.9558466690982607,382,213,1
237762,365,0,0.9558483746088559,382,207,1
237780,365,0,0.9558467189718713,382,217,1
237783,365,0,0.955846745865381,382,208,1
237794,365,0,0.9558472092064246,382,228,1
237798,365,0,0.9558469803250702,382,233,1
237813,365,0,0.9558473340244795,382,214,1
237830,365,0,0.9558466586207762,382,202,1
237843,365,0,0.9558473134793276,382,250,1
237851,365,0,0.95584712440422,382,216,1
237858,365,0,0.9558472574796538,382,216,1
237910,365,0,0.9558467518922549,382,203,1
237918,365,0,0.955846780486984,382,225,1
237926,365,0,0.9558472715628762,382,215,1
237942,365,0,0.9558473374856455,382,222,1
237944,365,0,0.9558471790636586,382,239,1
237957,365,0,0.9558471981509572,382,213,1
237960,365,0,0.9558468121542927,382,207,1
237961,365,0,0.9558467823867416,382,216,1
237962,365,0,0.9558472057561633,382,273,1
238016,365,0,0.9558467867066481,382,206,1
238040,365,0,0.9558469002430319,382,218,1
238047,365,0,0.9558475669981027,382,217,1
238071,365,0,0.9558467906036233,382,221,1
238077,365,0,0.9558471377615886,382,249,1
238082,365,0,0.9558474589783148,382,238,1
238091,365,0,0.9558470741209376,382,228,1
238094,365,0,0.9558467376473264,382,239,1
238095,365,0,0.9558470254252863,382,220,1
238118,365,0,0.9558465516928613,382,225,1
238119,365,0,0.9558469890262202,382,222,1
238122,365,0,0.95584729289868,382,214,1
238123,365,0,0.9558470948968425,382,238,1
238126,365,0,0.9558467962012692,382,221,1
238132,365,0,0.9558474632398044,382,250,1
238136,365,0,0.9558468206089916,382,206,1
238144,365,0,0.9558470349572008,382,222,1
238150,365,0,0.9558474181581894,382,211,1
238156,365,0,0.9558471422870648,382,248,1
238157,365,0,0.9558467680798463,382,220,1
238180,365,0,0.9558471248114487,382,246,1
238276,365,0,0.9558475356417534,382,218,1
238294,365,0,0.9558482655251384,382,225,1
238310,365,0,0.9558468528869164,382,233,1
238348,365,0,0.9558466346560309,382,204,1
238372,365,0,0.9558467097691432,382,266,1
238386,365,0,0.9558473090176165,382,212,1
238395,365,0,0.9558472871843746,382,216,1
238405,365,0,0.9558480437487312,382,234,1
238410,365,0,0.9558473727873156,382,215,1
238419,365,0,0.9558469024130976,382,207,1
238436,365,0,0.9558466990449238,382,207,1
238447,365,0,0.9558474847610208,382,213,1
238448,365,0,0.9558470740204398,382,222,1
238477,365,0,0.95584787668813,382,215,1
238500,365,0,0.9558472038258397,382,233,1
238519,365,0,0.9558470803846332,382,217,1
238523,365,0,0.9558470708037414,382,236,1
238589,365,0,0.9558468453449979,382,205,1
238592,365,0,0.9558471530848588,382,250,1
238599,365,0,0.955847369334989,382,203,1
238615,365,0,0.955846592101303,382,221,1
238625,365,0,0.955846618241377,382,219,1
238655,365,0,0.9558465241840861,382,218,1
238660,365,0,0.9558465491885235,382,202,1
238668,365,0,0.9558466836469097,382,202,1
238676,365,0,0.9558477872639634,382,215,1
238757,365,0,0.955847360114842,382,205,1
238765,19,1,4.259820758792117,4,232,1
238779,365,0,0.9558468534549737,382,222,1
238786,365,0,0.9558472021746364,382,227,1
238813,365,0,0.9558472784341489,382,215,1
238837,365,0,0.9558473136852331,382,221,1
238851,365,0,0.9558465703322819,382,210,1
238854,365,0,0.955846713472846,382,216,1
238873,365,0,0.9558469590091331,382,222,1
238877,365,0,0.9558465259839861,382,260,1
238886,365,0,0.9558471693167245,382,202,1
238888,365,0,0.9558468095987812,382,240,1
238895,365,0,0.9558466119916459,382,219,1
238901,365,0,0.9558474201840462,382,219,1
238907,365,0,0.9558485625512505,382,212,1
238915,365,0,0.9558472356888551,382,215,1
238924,365,0,0.9558470949411736,382,261,1
238968,365,0,0.9558468190838657,382,204,1
238970,365,0,0.9558472962666067,382,213,1
238972,365,0,0.955846916253859,382,212,1
238973,365,0,0.955846595191459,382,216,1
238987,365,0,0.9558486537602254,382,208,1
239059,365,0,0.9558472218198683,382,219,1
239060,365,0,0.9558469439146355,382,235,1
239069,365,0,0.9558466461619306,382,217,1
239093,365,0,0.9558468172898114,382,235,1
239095,365,0,0.9558472510214403,382,205,1
239099,365,0,0.9558467348682265,382,216,1
239116,37,1,4.259813794583812,9,253,1
239117,365,0,0.9558469142632804,382,241,1
239118,365,0,0.9558466557255338,382,257,1
239120,365,0,0.9558469712441728,382,224,1
239121,365,0,0.9558467693054341,382,205,1
239122,365,0,0.9558471150492247,382,243,1
239132,365,0,0.955847330442727,382,209,1
239139,365,0,0.955847478989575,382,233,1
239148,365,0,0.9558466089977675,382,213,1
239150,365,0,0.9558470827706331,382,253,1
239155,365,0,0.9558474981631145,382,203,1
239162,365,0,0.9558466493536356,382,221,1
239163,365,0,0.9558470485918826,382,251,1
239166,365,0,0.9558469427654261,382,222,1
239180,365,0,0.9558466475388744,382,205,1
239192,365,0,0.9558482625490541,382,239,1
239220,365,0,0.9558473567562482,382,209,1
239227,365,0,0.9558484080340237,382,211,1
239235,365,0,0.9558467901818076,382,219,1
239236,365,0,0.9558467134706198,382,257,1
239251,365,0,0.9558474132336331,382,233,1
239252,365,0,0.955846922552027,382,253,1
239253,365,0,0.9558467158001293,382,225,1
239311,365,0,0.9558467163231246,382,215,1
239315,365,0,0.955846905637911,382,223,1
239324,365,0,0.9558472032251737,382,237,1
239327,365,0,0.9558467649251586,382,217,1
239329,365,0,0.9558472270417848,382,217,1
239333,365,0,0.9558466305631204,382,246,1
239352,365,0,0.9558469010924044,382,265,1
239363,365,0,0.9558472455208471,382,211,1
239365,365,0,0.9558471160278006,382,214,1
239366,365,0,0.9558472268250314,382,238,1
239377,365,0,0.9558469015550581,382,263,1
239401,365,0,0.9558469764580239,382,218,1
239407,365,0,0.9558466794411384,382,236,1
239409,93,1,4.259814563085376,22,212,1
239413,365,0,0.9558467344229676,382,208,1
239422,365,0,0.955846755092605,382,249,1
239425,365,0,0.9558474390465885,382,233,1
239426,365,0,0.9558474249923349,382,212,1
239439,365,0,0.9558487597530755,382,227,1
239443,365,0,0.9558469044483932,382,214,1
239449,365,0,0.9558470821321337,382,208,1
239451,365,0,0.9558473078350559,382,215,1
239457,365,0,0.9558469195670636,382,215,1
239484,365,0,0.9558468500686438,382,225,1
239492,365,0,0.9558472338001256,382,216,1
239495,365,0,0.9558475173127589,382,216,1
239498,365,0,0.9558464826537075,382,224,1
239499,365,0,0.9558469629604837,382,248,1
239500,365,0,0.9558467925587388,382,229,1
239503,365,0,0.9558467333008057,382,225,1
239504,365,0,0.9558468892460636,382,236,1
239526,365,0,0.9558468631455904,382,267,1
239530,365,0,0.9558472970364309,382,209,1
239531,365,0,0.9558469336990096,382,247,1
239533,365,0,0.9558468593625299,382,223,1
239539,365,0,0.9558487917327533,382,208,1
239581,365,0,0.9558467544775615,382,241,1
239595,365,0,0.9558470073692101,382,209,1
239600,365,0,0.9558467469157242,382,233,1
239618,365,0,0.9558471914912464,382,208,1
239628,365,0,0.9558473131930815,382,225,1
239633,365,0,0.9558469366410755,382,218,1
239643,365,0,0.9558473018209405,382,201,1
239648,365,0,0.9558474033407809,382,226,1
239679,365,0,0.9558467270682591,382,216,1
239683,365,0,0.9558481609122108,382,210,1
239691,365,0,0.955847454616537,382,206,1
239720,365,0,0.9558470314615138,382,238,1
239725,365,0,0.9558468058865117,382,265,1
239728,365,0,0.9558489506952336,382,208,1
239749,365,0,0.9558472706293928,382,203,1
239757,365,0,0.9558472232518181,382,223,1
239766,365,0,0.9558466205640146,382,220,1
239768,365,0,0.9558468726653032,382,209,1
239784,365,0,0.9558472033349212,382,217,1
239804,365,0,0.9558474140937006,382,207,1
239806,365,0,0.9558467769152205,382,205,1
239820,365,0,0.9558488705005049,382,208,1
239833,365,0,0.9558474350257029,382,271,1
239848,365,0,0.9558467530229277,382,209,1
239849,365,0,0.9558467305037064,382,226,1
239861,365,0,0.9558471401518365,382,253,1
239863,365,0,0.9558469673535082,382,220,1
239881,365,0,0.9558466125369565,382,210,1
239916,365,0,0.9558472979746748,382,229,1
239941,365,0,0.955846527647796,382,215,1
239943,365,0,0.9558474085939308,382,209,1
239959,365,0,0.9558472591836779,382,237,1
239968,365,0,0.9558465419143425,382,268,1
239970,365,0,0.9558468523088378,382,220,1
239989,365,0,0.955846971852971,382,239,1
239993,365,0,0.9558468384846994,382,230,1
240000,365,0,0.9558473423413543,382,210,1
240019,365,0,0.9558466628721597,382,204,1
240029,365,0,0.9558469899180987,382,214,1
240030,365,0,0.9558468423628241,382,206,1
240034,365,0,0.9558472550490884,382,210,1
240085,365,0,0.9558474234632881,382,253,1
240086,365,0,0.9558469873296093,382,245,1
240095,365,0,0.9558466029822057,382,236,1
240099,365,0,0.9558465841937188,382,212,1
240102,365,0,0.9558466243257763,382,223,1
240112,365,0,0.9558466608745729,382,207,1
240129,365,0,0.9558473456243797,382,209,1
240133,365,0,0.9558472714101796,382,228,1
240145,365,0,0.9558470273923386,382,277,1
240162,365,0,0.9558474226461148,382,202,1
240177,365,0,0.9558465633590907,382,204,1
240206,365,0,0.9558470948722911,382,228,1
240220,365,0,0.9558468942446412,382,228,1
240225,365,0,0.9558465283298552,382,212,1
240229,365,0,0.9558474532983658,382,202,1
240230,365,0,0.9558468437009201,382,206,1
240252,365,0,0.955846902666328,382,249,1
240260,365,0,0.9558466406659424,382,206,1
240265,365,0,0.9558466100904187,382,215,1
240281,365,0,0.9558466407283883,382,228,1
240285,365,0,0.9558466041436244,382,223,1
240287,365,0,0.9558473650384591,382,223,1
240311,365,0,0.955848048260721,382,244,1
240369,365,0,0.9558468364834025,382,239,1
240395,365,0,0.95584685912069,382,209,1
240402,365,0,0.9558470036933114,382,209,1
240406,365,0,0.9558472465880016,382,247,1
240437,365,0,0.955846866162058,382,241,1
240466,365,0,0.9558472853626075,382,230,1
240470,359,1,4.259820297832964,84,203,1
240483,256,1,4.25982373867793,60,203,1
240485,365,0,0.9558474716082754,382,211,1
240520,365,0,0.9558467524903291,382,252,1
240530,365,0,0.9558472966623478,382,232,1
240531,365,0,0.955846613988762,382,215,1
240582,365,0,0.9558472119557039,382,208,1
240589,365,0,0.9558476178685955,382,217,1
240638,365,0,0.9558466942511807,382,222,1
240639,365,0,0.9558466507591962,382,217,1
240669,365,0,0.9558473651985548,382,214,1
240700,365,0,0.9558468402793767,382,221,1
240715,365,0,0.9558467074241027,382,210,1
240732,365,0,0.9558471763852944,382,237,1
240736,365,0,0.9558470916790007,382,234,1
240739,365,0,0.9558471688626543,382,236,1
240749,365,0,0.9558492344905045,382,213,1
240764,365,0,0.9558468634154302,382,242,1
240765,365,0,0.9558469879773949,382,277,1
240772,365,0,0.9558471182021704,382,215,1
240786,365,0,0.9558473362879323,382,215,1
240799,365,0,0.955846727604774,382,211,1
240822,365,0,0.9558468223063707,382,235,1
240828,365,0,0.9558468178899662,382,235,1
240840,365,0,0.9558467034794239,382,204,1
240894,365,0,0.9558466067043278,382,212,1
240930,365,0,0.9558478402479971,382,237,1
240942,365,0,0.9558470876593003,382,222,1
240962,365,0,0.9558467358191957,382,217,1
240983,365,0,0.9558469604279948,382,215,1
240990,365,0,0.9558465796377067,382,219,1
241016,365,0,0.9558464975871502,382,225,1
241033,365,0,0.9558468230986638,382,255,1
241053,365,0,0.9558464578529352,382,216,1
241055,365,0,0.9558464822880464,382,259,1
241059,365,0,0.9558466598245902,382,202,1
241071,365,0,0.9558466946354695,382,212,1
241117,365,0,0.9558480872726732,382,249,1
241143,365,0,0.9558464840835083,382,219,1
241147,365,0,0.9558469200804698,382,236,1
241149,365,0,0.9558474856316067,382,231,1
241214,365,0,0.9558464800672729,382,220,1
241218,365,0,0.9558471517877569,382,240,1
241243,365,0,0.9558465985422723,382,240,1
241247,365,0,0.9558468708646956,382,249,1
241248,365,0,0.955847114435306,382,235,1
241273,365,0,0.9558465191168611,382,222,1
241275,365,0,0.9558471529440495,382,249,1
241276,365,0,0.9558467883899973,382,220,1
241277,365,0,0.9558466519585535,382,205,1
241308,184,1,4.259812535689313,43,214,1
241315,365,0,0.9558467930242557,382,219,1
241342,365,0,0.9558468420279258,382,210,1
241366,365,0,0.9558464631037181,382,272,1
241384,365,0,0.9558465165873726,382,209,1
241411,365,0,0.9558466621233463,382,241,1
241415,365,0,0.9558480082995936,382,221,1
241417,365,0,0.9558467181940322,382,251,1
241418,365,0,0.9558470998377528,382,222,1
241445,365,0,0.9558471470725086,382,216,1
241483,365,0,0.9558466281970232,382,207,1
241520,365,0,0.955847339924741,382,217,1
241523,365,0,0.9558487697070046,382,219,1
241537,365,0,0.9558467451302002,382,219,1
241561,365,0,0.9558473848354809,382,219,1
241572,365,0,0.9558483135244095,382,220,1
241604,365,0,0.9558466956828596,382,207,1
241650,365,0,0.955847006488487,382,225,1
241654,365,0,0.9558471648961304,382,250,1
241670,365,0,0.9558470140018176,382,208,1
241672,365,0,0.9558467758037261,382,216,1
241679,365,0,0.9558469241949167,382,220,1
241682,365,0,0.9558467704955099,382,232,1
241702,365,0,0.95584691355033,382,264,1
241712,365,0,0.9558472090827062,382,221,1
241749,365,0,0.9558467293240821,382,210,1
241757,365,0,0.9558467483191031,382,212,1
241770,365,0,0.9558471767516601,382,238,1
241771,365,0,0.9558485530182235,382,217,1
241779,365,0,0.955846872996891,382,238,1
241780,365,0,0.9558465989780107,382,219,1
241828,365,0,0.955848400791558,382,226,1
241830,365,0,0.955847181834418,382,212,1
241848,365,0,0.9558465570272972,382,220,1
241855,365,0,0.9558473297334504,382,215,1
241873,365,0,0.9558469336215717,382,226,1
241882,365,0,0.9558470856383526,382,241,1
241891,365,0,0.9558475474935334,382,204,1
241906,365,0,0.9558470226295767,382,221,1
241930,365,0,0.9558465033354845,382,225,1
241941,365,0,0.9558466126580313,382,208,1
241979,365,0,0.955847493235803,382,253,1
241990,365,0,0.9558471253942338,382,204,1
242009,365,0,0.9558465236853566,382,211,1
242045,365,0,0.9558465215798526,382,222,1
242047,365,0,0.9558466835512612,382,236,1
242060,365,0,0.9558466917944682,382,218,1
242071,365,0,0.9558467489746854,382,206,1
242074,365,0,0.9558466950077577,382,206,1
242095,365,0,0.9558472551068573,382,233,1
242104,365,0,0.9558466622658897,382,273,1
242105,365,0,0.9558470169131144,382,225,1
242115,365,0,0.9558465550147265,382,221,1
242117,365,0,0.9558473333054286,382,212,1
242130,365,0,0.9558473344213126,382,211,1
242132,365,0,0.955847529477322,382,207,1
242149,365,0,0.9558466407299488,382,245,1
242155,365,0,0.9558466206548528,382,209,1
242180,365,0,0.9558474336640306,382,219,1
242200,365,0,0.9558486498618914,382,229,1
242212,365,0,0.9558466859580963,382,207,1
242233,365,0,0.9558469885182083,382,248,1
242246,365,0,0.9558466252791114,382,210,1
242286,365,0,0.9558469340657987,382,207,1
242288,365,0,0.9558468626241358,382,216,1
242296,214,1,4.259814626572544,50,218,1
242298,365,0,0.9558469116547101,382,222,1
242330,365,0,0.9558486214895162,382,218,1
242334,365,0,0.9558486891548266,382,202,1
242341,365,0,0.9558472760583865,382,208,1
242367,365,0,0.9558471033897912,382,242,1
242368,365,0,0.9558465990536655,382,208,1
242396,365,0,0.9558472189309434,382,210,1
242410,365,0,0.9558487795926347,382,206,1
242439,365,0,0.9558466543344399,382,224,1
242445,365,0,0.9558467981815529,382,216,1
242451,365,0,0.9558466077153704,382,257,1
242490,365,0,0.9558471627773583,382,230,1
242498,365,0,0.9558470482430902,382,212,1
242503,365,0,0.9558473603732864,382,235,1
242558,365,0,0.9558470704634141,382,242,1
242573,365,0,0.9558466607200404,382,239,1
242579,365,0,0.9558466294069111,382,226,1
242581,365,0,0.955846839205075,382,237,1
242597,365,0,0.9558470089922844,382,203,1
242614,365,0,0.9558474248849478,382,211,1
242685,365,0,0.9558467354285881,382,206,1
242687,365,0,0.9558472258749551,382,215,1
242700,365,0,0.9558472947136948,382,214,1
242706,365,0,0.9558474625977806,382,207,1
242707,9,1,4.259821085593212,2,228,1
242775,365,0,0.9558467671735859,382,245,1
242782,365,0,0.9558473548165322,382,206,1
242789,365,0,0.9558465054573311,382,264,1
242802,365,0,0.9558472418632034,382,204,1
242826,365,0,0.9558469350296712,382,228,1
242828,365,0,0.9558469595142131,382,238,1
242837,365,0,0.9558465294978032,382,239,1
242842,365,0,0.9558467498598134,382,215,1
242848,365,0,0.9558466312589451,382,213,1
242854,365,0,0.9558467428100367,382,209,1
242859,365,0,0.9558467887686207,382,213,1
242873,365,0,0.9558473203106923,382,264,1
242884,365,0,0.9558464481099294,382,251,1
242891,365,0,0.9558468220986663,382,249,1
242892,365,0,0.9558468994536776,382,279,1
242916,365,0,0.9558469495656652,382,235,1
242924,365,0,0.9558467654362046,382,203,1
242937,365,0,0.9558465543575635,382,210,1
242946,365,0,0.9558475040760626,382,206,1
242951,365,0,0.9558486376675877,382,221,1
242953,365,0,0.9558472157856779,382,263,1
242989,365,0,0.9558468320759662,382,206,1
243026,365,0,0.9558473502196051,382,233,1
243049,365,0,0.9558471266601294,382,242,1
243054,365,0,0.9558472957832794,382,231,1
243067,365,0,0.9558466485003297,382,216,1
243096,365,0,0.9558464730462201,382,211,1
243121,365,0,0.955846659325467,382,218,1
243145,365,0,0.9558466368396881,382,220,1
243174,365,0,0.9558474835986868,382,248,1
243188,365,0,0.9558468239142448,382,203,1
243198,365,0,0.9558466032949671,382,225,1
243214,365,0,0.9558471474110531,382,208,1
243236,365,0,0.95584680434424,382,268,1
243253,365,0,0.955847187628487,382,225,1
243260,365,0,0.9558466753462348,382,223,1
243264,365,0,0.9558468561151274,382,217,1
243272,365,0,0.9558474627827416,382,206,1
243274,365,0,0.9558472350232993,382,219,1
243276,365,0,0.9558467280872233,382,210,1
243297,365,0,0.9558469354424175,382,204,1
243313,365,0,0.9558472873793803,382,250,1
243333,365,0,0.9558469399702378,382,243,1
243358,365,0,0.9558468721513198,382,218,1
243361,365,0,0.9558469017713056,382,204,1
243385,365,0,0.9558467154055473,382,245,1
243411,365,0,0.9558468163501166,382,244,1
243428,365,0,0.9558476450747743,382,213,1
243434,365,0,0.9558474564522643,382,269,1
243444,365,0,0.9558466598132838,382,210,1
243472,365,0,0.955846820377522,382,209,1
243481,365,0,0.9558469308108839,382,228,1
243511,365,0,0.9558468537275088,382,212,1
243513,365,0,0.9558467699160478,382,242,1
243602,365,0,0.9558467985062249,382,254,1
243611,365,0,0.9558466088904641,382,272,1
243619,13,1,4.259821007410332,3,222,1
243653,365,0,0.9558468051203899,382,219,1
243667,365,0,0.9558468744996735,382,213,1
243679,365,0,0.9558470699847964,382,246,1
243724,365,0,0.9558473864157724,382,243,1
243734,365,0,0.9558475201809766,382,212,1
243760,365,0,0.955847290197047,382,217,1
243774,365,0,0.9558467347575234,382,205,1
243778,365,0,0.9558468725124791,382,216,1
243802,365,0,0.9558468898568002,382,263,1
243813,365,0,0.9558487152828213,382,209,1
243828,365,0,0.9558466155175754,382,245,1
243842,365,0,0.955846778707223,382,266,1
243843,365,0,0.9558468328280736,382,216,1
243861,365,0,0.9558475211847305,382,213,1
243865,365,0,0.9558467056810837,382,278,1
243881,365,0,0.9558468294103243,382,249,1
243899,365,0,0.9558474306400793,382,227,1
243960,365,0,0.9558474833493369,382,226,1
243980,365,0,0.9558469711521255,382,205,1
243998,365,0,0.955846968807643,382,206,1
244006,365,0,0.9558474902412405,382,221,1
244079,365,0,0.955846792576356,382,275,1
244080,365,0,0.9558470157447291,382,224,1
244117,365,0,0.955847236926724,382,246,1
244118,365,0,0.9558473360097332,382,236,1
244149,365,0,0.9558470367298348,382,221,1
244171,365,0,0.9558467374024234,382,243,1
244195,365,0,0.9558468030678314,382,209,1
244203,365,0,0.9558467705884096,382,209,1
244210,365,0,0.9558470439611506,382,234,1
244211,365,0,0.9558467829081407,382,213,1
244260,365,0,0.9558468858417425,382,224,1
244279,365,0,0.9558470631240367,382,233,1
244289,365,0,0.9558465996594344,382,224,1
244299,365,0,0.9558465911908509,382,211,1
244300,365,0,0.955847250423731,382,204,1
244303,365,0,0.9558474043721092,382,204,1
244333,365,0,0.9558467581212939,382,213,1
244337,365,0,0.9558478717018084,382,224,1
244379,365,0,0.9558472773770019,382,221,1
244404,365,0,0.9558472483890453,382,245,1
244406,365,0,0.9558473222877982,382,208,1
244412,365,0,0.9558471650212039,382,257,1
244423,365,0,0.9558473292060723,382,233,1
244426,365,0,0.9558482207742317,382,212,1
244428,365,0,0.9558466902426758,382,237,1
244429,365,0,0.9558472063434595,382,233,1
244440,227,1,4.259822305531962,53,216,1
244443,365,0,0.9558467406090168,382,207,1
244445,365,0,0.9558473172595692,382,222,1
244459,365,0,0.9558467540714497,382,219,1
244463,365,0,0.9558468862361817,382,232,1
244465,365,0,0.9558469345976678,382,206,1
244473,365,0,0.9558465427969427,382,208,1
244487,365,0,0.955847427119023,382,216,1
244524,365,0,0.955846707373235,382,209,1
244542,365,0,0.9558467803388022,382,215,1
244548,365,0,0.9558489386075254,382,205,1
244563,365,0,0.9558469469810293,382,211,1
244580,365,0,0.955846664839862,382,210,1
244590,365,0,0.95584706128847,382,215,1
244598,365,0,0.955846732606225,382,272,1
244622,365,0,0.9558471583652949,382,252,1
244624,365,0,0.9558470583010393,382,219,1
244680,365,0,0.9558470899607978,382,230,1
244681,365,0,0.9558468258425901,382,239,1
244683,365,0,0.9558471016870006,382,218,1
244709,365,0,0.9558465230207174,382,246,1
244717,365,0,0.9558481632964435,382,221,1
244778,365,0,0.9558472192329793,382,234,1
244781,365,0,0.955847124508859,382,221,1
244782,365,0,0.955846677292129,382,226,1
244795,365,0,0.9558465861137385,382,210,1
244871,365,0,0.9558465740887432,382,273,1
244898,365,0,0.9558469151639081,382,246,1
244901,365,0,0.9558471293434314,382,248,1
244910,365,0,0.9558486187915937,382,212,1
245007,365,0,0.9558472052954311,382,238,1
245044,365,0,0.9558465311251779,382,266,1
245119,365,0,0.955847443877311,382,225,1
245138,365,0,0.9558468045876573,382,203,1
245177,365,0,0.9558486721337855,382,225,1
245203,365,0,0.955847102988833,382,248,1
245210,365,0,0.9558474120626855,382,239,1
245223,365,0,0.9558471882967018,382,224,1
245225,365,0,0.9558471333401222,382,224,1
245231,365,0,0.9558468896430667,382,248,1
245252,365,0,0.9558472987418505,382,209,1
245261,365,0,0.9558466105270764,382,219,1
245284,365,0,0.9558471780911799,382,238,1
245292,365,0,0.9558472029560435,382,208,1
245300,105,1,4.259821175399009,25,230,1
245305,365,0,0.9558471392218774,382,259,1
245323,365,0,0.9558473372131265,382,214,1
245337,365,0,0.9558468557923844,382,203,1
245357,365,0,0.955847040682159,382,208,1
245358,365,0,0.955846623005165,382,219,1
245377,365,0,0.9558467254012791,382,224,1
245379,365,0,0.9558470775400967,382,225,1
245393,365,0,0.9558471327379198,382,229,1
245395,365,0,0.9558471467440485,382,264,1
245398,365,0,0.9558467334474674,382,217,1
245400,365,0,0.9558464827397912,382,241,1
245445,365,0,0.9558465458153675,382,214,1
245446,365,0,0.9558465421248147,382,277,1
245459,365,0,0.9558468423989934,382,258,1
245516,365,0,0.9558465898735176,382,216,1
245540,365,0,0.9558464533875283,382,236,1
245541,365,0,0.9558471907580037,382,233,1
245548,365,0,0.9558465505119055,382,213,1
245554,365,0,0.9558464400586459,382,220,1
245555,365,0,0.9558469498818623,382,221,1
245559,365,0,0.9558467151795342,382,225,1
245605,365,0,0.9558465976986033,382,226,1
245620,365,0,0.9558471948838893,382,219,1
245629,365,0,0.9558466534656561,382,208,1
245644,365,0,0.9558471236408669,382,249,1
245645,365,0,0.9558479574983325,382,214,1
245655,365,0,0.9558466858849761,382,220,1
245689,365,0,0.9558470452547476,382,209,1
245713,156,1,4.2598223794036025,37,209,1
245718,365,0,0.9558472466605447,382,252,1
245733,365,0,0.9558467447598481,382,224,1
245741,365,0,0.9558471512736627,382,242,1
245759,365,0,0.9558465811556968,382,253,1
245783,365,0,0.955847018121704,382,262,1
245838,365,0,0.9558466001536517,382,223,1
245845,365,0,0.95584866107226,382,204,1
245866,365,0,0.9558467037906029,382,209,1
245874,365,0,0.9558467943827204,382,207,1
245914,365,0,0.9558470492680369,382,245,1
245926,365,0,0.9558467016155648,382,210,1
245934,365,0,0.9558474486028428,382,235,1
245963,365,0,0.9558472521207395,382,205,1
245977,365,0,0.9558466844489902,382,213,1
245978,365,0,0.9558467000482576,382,209,1
245984,365,0,0.9558465550936335,382,226,1
245986,365,0,0.9558470564596249,382,209,1
245994,365,0,0.9558469509205167,382,214,1
246011,18,1,4.259818294705842,4,228,1
246019,365,0,0.9558485980399806,382,220,1
246049,365,0,0.955846920033824,382,220,1
246055,365,0,0.9558465830238944,382,228,1
246065,365,0,0.9558474568594917,382,242,1
246092,365,0,0.9558471074905862,382,231,1
246100,365,0,0.9558466715171303,382,206,1
246104,365,0,0.9558468363175264,382,231,1
246121,365,0,0.955847425724078,382,212,1
246127,365,0,0.9558487541313655,382,203,1
246134,365,0,0.9558468568038044,382,216,1
246137,365,0,0.9558472703607261,382,216,1
246139,365,0,0.9558467363207297,382,208,1
246143,365,0,0.955846865939757,382,261,1
246144,365,0,0.9558487468319807,382,252,1
246147,365,0,0.9558467437454287,382,261,1
246153,365,0,0.955848660836726,382,207,1
246171,125,1,4.2598121549835675,29,215,1
246184,365,0,0.9558488228599092,382,209,1
246209,365,0,0.9558468038518638,382,220,1
246210,365,0,0.9558467494681594,382,207,1
246223,365,0,0.9558468125158802,382,211,1
246255,365,0,0.9558464726451379,382,209,1
246275,365,0,0.9558470196198742,382,234,1
246284,365,0,0.9558465614224476,382,214,1
246309,365,0,0.9558466660172587,382,203,1
246325,365,0,0.9558465754797,382,219,1
246333,365,0,0.9558471822826249,382,225,1
246356,365,0,0.9558487476193677,382,205,1
246382,365,0,0.95584708112778,382,245,1
246461,365,0,0.9558472644565186,382,224,1
246467,365,0,0.9558467324289269,382,223,1
246490,365,0,0.9558482504328912,382,216,1
246493,365,0,0.955847407662719,382,220,1
246516,19,1,4.25982147714245,4,215,1
246530,365,0,0.9558470376885556,382,224,1
246577,365,0,0.9558469512763893,382,218,1
246599,365,0,0.9558466214051179,382,206,1
246609,365,0,0.9558465066646261,382,236,1
246618,365,0,0.9558471998682855,382,211,1
246623,365,0,0.9558465321838647,382,273,1
246645,221,1,4.259822167127698,52,211,1
246654,365,0,0.9558471659519653,382,225,1
246665,365,0,0.9558474751128209,382,224,1
246677,365,0,0.9558464935497966,382,244,1
246723,365,0,0.9558469392865505,382,204,1
246728,365,0,0.9558473651812707,382,221,1
246785,365,0,0.955846606386883,382,213,1
246797,365,0,0.9558467749022377,382,207,1
246810,365,0,0.9558471444175854,382,250,1
246836,365,0,0.9558469557848491,382,216,1
246841,365,0,0.9558468130898989,382,250,1
246842,365,0,0.9558473442208927,382,251,1
246911,365,0,0.9558468610156873,382,211,1
246921,365,0,0.9558465261422927,382,235,1
246933,365,0,0.9558466943832026,382,222,1
246935,365,0,0.9558487372156117,382,219,1
246948,365,0,0.9558467910565186,382,215,1
246972,268,1,4.259813574731863,63,205,1
246976,365,0,0.9558473512427699,382,250,1
246990,365,0,0.955847214541334,382,222,1
246992,365,0,0.955847206727771,382,225,1
247005,365,0,0.9558465378853455,382,217,1
247043,365,0,0.9558471028986448,382,223,1
247072,365,0,0.9558468265430242,382,204,1
247110,365,0,0.9558466240196554,382,235,1
247124,365,0,0.9558465296845617,382,239,1
247134,365,0,0.955847171850991,382,224,1
247182,365,0,0.9558466845529813,382,243,1
247222,365,0,0.955848692346212,382,203,1
247231,365,0,0.9558467988745488,382,213,1
247234,365,0,0.9558475570168451,382,219,1
247268,365,0,0.9558474157023606,382,232,1
247273,365,0,0.9558467120159724,382,219,1
247276,365,0,0.9558486804311868,382,212,1
247289,365,0,0.9558467610533742,382,272,1
247293,365,0,0.9558466911796705,382,209,1
247333,365,0,0.9558464571347712,382,246,1
247334,365,0,0.9558469805704947,382,214,1
247352,365,0,0.9558465882313297,382,244,1
247374,365,0,0.9558470931024923,382,228,1
247390,365,0,0.9558467286854646,382,235,1
247411,365,0,0.9558467898300544,382,278,1
247429,365,0,0.955846862268381,382,222,1
247462,365,0,0.9558465657320291,382,243,1
247474,365,0,0.9558474904051434,382,219,1
247492,365,0,0.9558486759432427,382,235,1
247506,365,0,0.9558469751079735,382,265,1
247510,365,0,0.9558474032664095,382,215,1
247521,365,0,0.9558471967391362,382,235,1
247540,365,0,0.9558472207445353,382,252,1
247542,365,0,0.9558470493068054,382,236,1
247554,365,0,0.9558474064604887,382,213,1
247555,365,0,0.9558470271577443,382,221,1
247601,365,0,0.9558473019762834,382,224,1
247625,365,0,0.9558469666991251,382,215,1
247628,365,0,0.9558472670100213,382,222,1
247636,365,0,0.9558465381635206,382,252,1
247660,365,0,0.9558470379044156,382,249,1
247702,365,0,0.9558467656939464,382,223,1
247705,365,0,0.9558477547867902,382,204,1
247715,365,0,0.9558471091620295,382,222,1
247719,365,0,0.9558473066419593,382,203,1
247748,206,1,4.259815715070644,48,209,1
247757,365,0,0.9558465768476041,382,206,1
247765,365,0,0.9558472580930648,382,223,1
247771,365,0,0.9558466967764009,382,222,1
247776,365,0,0.955848997791254,382,211,1
247788,365,0,0.9558467576678393,382,223,1
247798,365,0,0.9558471438458692,382,209,1
247808,365,0,0.9558487557312315,382,209,1
247811,365,0,0.9558469387261399,382,209,1
247819,365,0,0.9558472897306952,382,212,1
247820,365,0,0.9558486194613688,382,207,1
247843,365,0,0.9558481650721004,382,240,1
247857,365,0,0.9558474916883567,382,220,1
247860,365,0,0.9558470923612022,382,232,1
247881,365,0,0.9558470817783373,382,213,1
247897,365,0,0.9558467386384982,382,202,1
247908,365,0,0.955847361869773,382,238,1
247923,365,0,0.9558470928404996,382,205,1
247924,365,0,0.9558488848665048,382,210,1
247928,365,0,0.9558466820358266,382,243,1
247954,365,0,0.9558469374935386,382,248,1
247957,365,0,0.955848684672106,382,219,1
248002,365,0,0.9558467182842161,382,205,1
248007,365,0,0.9558472916705181,382,210,1
248023,365,0,0.9558467583869205,382,255,1
248024,365,0,0.9558466669937209,382,221,1
248025,365,0,0.955846689708257,382,219,1
248088,365,0,0.9558468184001631,382,220,1
248141,365,0,0.9558484131390517,382,224,1
248162,365,0,0.9558466280522598,382,217,1
248171,365,0,0.9558467988855801,382,211,1
248200,365,0,0.9558471885182837,382,230,1
248204,365,0,0.9558470613426316,382,241,1
248209,365,0,0.9558473423303536,382,222,1
248265,365,0,0.955846692366808,382,206,1
248290,365,0,0.955846622782794,382,242,1
248323,365,0,0.9558470797854824,382,224,1
248335,365,0,0.9558471932085871,382,223,1
248344,365,0,0.9558477801656469,382,246,1
248356,365,0,0.9558470880474795,382,219,1
248368,365,0,0.9558466006535553,382,225,1
248428,365,0,0.9558471594898664,382,239,1
248446,365,0,0.9558471719248478,382,216,1
248473,365,0,0.955848596266477,382,203,1
248488,365,0,0.9558470020483588,382,216,1
248491,365,0,0.9558484420366513,382,224,1
248505,365,0,0.9558469104815438,382,205,1
248554,365,0,0.9558487312409321,382,249,1
248556,365,0,0.955846813703155,382,209,1
248567,365,0,0.955846641987423,382,217,1
248579,365,0,0.9558470218502553,382,217,1
248597,365,0,0.9558464850840934,382,222,1
248648,365,0,0.9558471356817909,382,246,1
248652,365,0,0.9558466231342782,382,210,1
248672,365,0,0.9558471005044521,382,219,1
248677,365,0,0.9558467987782301,382,214,1
248689,365,0,0.9558468135615588,382,210,1
248692,365,0,0.955847223847719,382,218,1
248693,365,0,0.9558473207501891,382,227,1
248697,365,0,0.9558471765938216,382,234,1
248706,365,0,0.9558472908755639,382,213,1
248717,365,0,0.9558473033820188,382,243,1
248745,365,0,0.955847205078384,382,243,1
248779,365,0,0.955847078249865,382,220,1
248783,365,0,0.9558466590326914,382,203,1
248786,365,0,0.9558466667105754,382,221,1
248821,365,0,0.9558465830226858,382,220,1
248853,365,0,0.9558489119483617,382,217,1
248872,365,0,0.9558467458746621,382,223,1
248879,365,0,0.9558475080302515,382,208,1
248897,365,0,0.9558475081437644,382,213,1
248913,365,0,0.9558465578950561,382,235,1
248917,365,0,0.9558466512183166,382,203,1
248918,365,0,0.955846621748578,382,276,1
248924,365,0,0.9558472966204772,382,275,1
248937,75,1,4.259820599524031,18,220,1
248962,365,0,0.9558467803592607,382,216,1
248980,365,0,0.9558472667892137,382,205,1
248983,365,0,0.9558473478126889,382,208,1
248991,365,0,0.9558466728419689,382,220,1
249013,365,0,0.9558469415806875,382,223,1
249038,365,0,0.9558469199028838,382,208,1
249045,365,0,0.955846841135366,382,225,1
249046,365,0,0.955847538177064,382,225,1
249052,365,0,0.955848291188095,382,212,1
249075,365,0,0.9558473737426234,382,207,1
249080,365,0,0.9558484239229087,382,209,1
249082,365,0,0.9558468045307104,382,268,1
249101,365,0,0.9558486471611107,382,206,1
249113,365,0,0.9558475711140949,382,223,1
249131,365,0,0.9558465109037393,382,247,1
249134,365,0,0.9558483251911504,382,218,1
249149,365,0,0.9558468606639893,382,252,1
249152,365,0,0.9558466506128893,382,213,1
249164,365,0,0.9558474145923488,382,210,1
249179,365,0,0.9558473484059883,382,215,1
249180,365,0,0.9558477570379621,382,215,1
249184,365,0,0.9558466157275435,382,208,1
249225,365,0,0.9558472301021818,382,210,1
249231,365,0,0.9558471366024256,382,221,1
249246,365,0,0.9558472930914507,382,209,1
249257,365,0,0.9558467252697822,382,210,1
249291,185,1,4.259818108020066,43,229,1
249295,365,0,0.9558472840342359,382,223,1
249296,365,0,0.9558467017060431,382,241,1
249322,365,0,0.9558465530685428,382,202,1
249339,365,0,0.9558470489518256,382,211,1
249342,365,0,0.9558469519197111,382,217,1
249371,365,0,0.9558472373494493,382,210,1
249396,365,0,0.9558472246774822,382,243,1
249420,365,0,0.9558468252023836,382,264,1
249421,365,0,0.9558466062523356,382,216,1
249423,365,0,0.9558472423435602,382,218,1
249428,365,0,0.955847411830394,382,252,1
249435,365,0,0.9558471771499921,382,217,1
249447,365,0,0.9558473858194967,382,221,1
249453,365,0,0.9558467118968076,382,216,1
249494,365,0,0.9558475089170436,382,214,1
249495,365,0,0.955846837375349,382,219,1
249536,365,0,0.9558466315602216,382,206,1
249546,365,0,0.955846625438178,382,208,1
249549,365,0,0.9558466804739856,382,210,1
249566,365,0,0.9558487958921467,382,207,1
249604,365,0,0.9558466960506798,382,250,1
249610,365,0,0.9558467821782725,382,221,1
249636,365,0,0.9558469171016956,382,219,1
249667,365,0,0.955847020341371,382,205,1
249671,365,0,0.9558471343159456,382,220,1
249679,365,0,0.9558472722494834,382,210,1
249684,365,0,0.9558487721952467,382,245,1
249685,365,0,0.9558469120879587,382,215,1
249699,365,0,0.9558465059918988,382,240,1
249709,365,0,0.9558467295070889,382,209,1
249718,365,0,0.9558486228934178,382,220,1
249720,365,0,0.9558488467971626,382,214,1
249727,365,0,0.9558466739166143,382,219,1
249729,365,0,0.955847848041109,382,219,1
249730,365,0,0.9558469092824198,382,250,1
249733,365,0,0.9558472795872601,382,202,1
249790,365,0,0.9558467357078118,382,208,1
249804,365,0,0.9558465536554525,382,244,1
249809,365,0,0.9558473802978845,382,240,1
249816,365,0,0.9558466666317655,382,204,1
249821,365,0,0.9558470812456354,382,223,1
249828,365,0,0.9558473221586452,382,208,1
249837,365,0,0.9558470057745807,382,244,1
249854,365,0,0.9558473607444655,382,219,1
249856,365,0,0.9558486630999476,382,205,1
249863,365,0,0.9558476329808624,382,233,1
249871,365,0,0.9558488526213619,382,225,1
249874,365,0,0.9558467451272985,382,202,1
249875,365,0,0.9558466959757353,382,225,1
249901,365,0,0.9558485805937952,382,215,1
249915,365,0,0.9558472553595219,382,231,1
249921,365,0,0.9558472092275119,382,229,1
249951,365,0,0.9558467740433467,382,225,1
249960,365,0,0.9558472656416633,382,217,1
249962,365,0,0.9558470120895565,382,237,1
249966,365,0,0.9558471246050048,382,206,1
249981,365,0,0.9558466453293903,382,214,1
249982,365,0,0.955846828357426,382,201,1
250053,365,0,0.9558474965597211,382,229,1
250071,365,0,0.9558471940645444,382,245,1
250080,365,0,0.9558473242137032,382,227,1
250081,365,0,0.9558469589121149,382,216,1
250086,365,0,0.9558466148726212,382,213,1
250092,192,1,4.2598211093892715,45,215,1
250094,365,0,0.9558466110269888,382,215,1
250127,365,0,0.955846524511039,382,213,1
250130,365,0,0.9558466869642591,382,207,1
250136,365,0,0.9558470144439338,382,234,1
250145,365,0,0.9558466099212869,382,204,1
250163,365,0,0.9558472400567645,382,268,1
250182,365,0,0.9558471028804532,382,250,1
250185,365,0,0.9558487312397208,382,224,1
250204,365,0,0.9558488190240734,382,205,1
250219,365,0,0.9558465186497308,382,233,1
250252,365,0,0.955848884499937,382,214,1
250268,365,0,0.9558465757604366,382,229,1
250276,365,0,0.9558472162718263,382,212,1
250285,365,0,0.9558473538972367,382,225,1
250292,365,0,0.9558472455373075,382,245,1
250298,365,0,0.9558465986661159,382,214,1
250300,238,1,4.259814614965527,56,232,1
250318,365,0,0.9558470573567436,382,228,1
250319,365,0,0.955846612146177,382,214,1
250320,365,0,0.9558468223613799,382,207,1
250327,365,0,0.9558470916485228,382,234,1
250333,365,0,0.9558466775046095,382,214,1
250350,365,0,0.955847577435349,382,277,1
250356,365,0,0.955846726146856,382,209,1
250357,365,0,0.95584663464381,382,208,1
250362,365,0,0.955847328882641,382,221,1
250366,365,0,0.9558473971536021,382,221,1
250379,365,0,0.9558469202048641,382,221,1
250381,365,0,0.9558466278228676,382,221,1
250388,365,0,0.9558467065649983,382,251,1
250409,365,0,0.9558470367064319,382,204,1
250412,365,0,0.9558467899465293,382,206,1
250421,365,0,0.9558473216978276,382,243,1
250432,365,0,0.9558468778548964,382,218,1
250440,365,0,0.9558467876557493,382,210,1
250472,365,0,0.9558473342637146,382,215,1
250474,365,0,0.9558468082279561,382,214,1
250494,365,0,0.9558466930814374,382,242,1
250502,365,0,0.9558488065354942,382,217,1
250510,365,0,0.9558471443676598,382,232,1
250513,365,0,0.9558469503671247,382,215,1
250532,365,0,0.9558465423457048,382,230,1
250548,365,0,0.9558470003514202,382,209,1
250563,365,0,0.9558469421897672,382,205,1
250585,365,0,0.9558474595683107,382,215,1
250635,365,0,0.9558469382361432,382,253,1
250636,365,0,0.9558470643388861,382,224,1
250689,365,0,0.9558469137090717,382,202,1
250702,365,0,0.9558470744271562,382,249,1
250733,365,0,0.9558466194365262,382,213,1
250736,365,0,0.9558483917645215,382,207,1
250740,365,0,0.9558469990121683,382,274,1
250747,365,0,0.9558475105448805,382,206,1
250752,365,0,0.9558471955608371,382,229,1
250768,365,0,0.9558469346014792,382,205,1
250771,365,0,0.9558474568509115,382,220,1
250784,348,1,4.259818869716392,82,227,1
250785,365,0,0.955846554756521,382,212,1
250792,365,0,0.9558466696131255,382,207,1
250793,365,0,0.9558470737306208,382,246,1
250798,365,0,0.9558470616658373,382,234,1
250875,365,0,0.9558472139101094,382,229,1
250890,365,0,0.9558466834677941,382,219,1
250892,365,0,0.9558473026284512,382,219,1
250893,365,0,0.9558465423219257,382,215,1
250926,365,0,0.9558486798420822,382,211,1
250933,365,0,0.9558465070264532,382,249,1
250941,365,0,0.9558474229465275,382,204,1
250956,365,0,0.9558489571847941,382,212,1
250962,365,0,0.9558474646247302,382,215,1
250976,365,0,0.9558474355941052,382,218,1
250982,180,1,4.259818069234761,42,209,1
250988,365,0,0.9558467125703224,382,253,1
251004,365,0,0.9558468623579846,382,237,1
251012,365,0,0.9558483843490335,382,219,1
251021,365,0,0.9558465958451268,382,215,1
251048,365,0,0.9558471409789645,382,218,1
251053,365,0,0.9558467974811468,382,223,1
251078,365,0,0.9558467608724583,382,240,1
251087,365,0,0.9558472866778454,382,220,1
251099,365,0,0.955846987128362,382,214,1
251109,365,0,0.9558469762533481,382,210,1
251120,365,0,0.955846596260837,382,243,1
251123,365,0,0.9558468129887094,382,206,1
251131,365,0,0.955847397853839,382,213,1
251142,365,0,0.9558470736806962,382,219,1
251153,365,0,0.955846631577961,382,210,1
251173,365,0,0.9558489959065617,382,218,1
251186,365,0,0.9558482307745918,382,227,1
251187,365,0,0.9558478649891207,382,225,1
251215,365,0,0.9558473383325142,382,274,1
251223,365,0,0.9558469229124625,382,229,1
251241,365,0,0.9558471935059296,382,215,1
251261,365,0,0.9558468235944344,382,211,1
251276,365,0,0.9558465050146202,382,267,1
251308,365,0,0.9558469354211091,382,219,1
251321,365,0,0.9558470131234039,382,234,1
251352,365,0,0.9558475896914123,382,210,1
251400,365,0,0.9558473670152574,382,224,1
251402,365,0,0.9558471333084434,382,215,1
251406,365,0,0.955847502845057,382,242,1
251420,365,0,0.9558472762052892,382,212,1
251440,365,0,0.9558472036582735,382,221,1
251463,365,0,0.9558469237390789,382,232,1
251477,365,0,0.9558473101539431,382,226,1
251480,365,0,0.9558471322078257,382,212,1
251488,365,0,0.9558471439216404,382,204,1
251494,365,0,0.9558487053524898,382,217,1
251531,365,0,0.9558486793663201,382,219,1
251533,365,0,0.955846801106238,382,222,1
251547,365,0,0.9558468507946559,382,246,1
251564,365,0,0.9558471236681302,382,205,1
251568,365,0,0.9558467349647959,382,209,1
251604,365,0,0.9558467262031375,382,222,1
251617,365,0,0.9558469174726275,382,239,1
251619,365,0,0.9558468649590727,382,251,1
251629,365,0,0.9558467441991593,382,208,1
251633,365,0,0.9558470581012823,382,229,1
251635,365,0,0.9558466704907351,382,205,1
251649,365,0,0.955849014459116,382,208,1
251655,365,0,0.9558467905743129,382,265,1
251664,365,0,0.9558472450465909,382,215,1
251713,365,0,0.9558473461114224,382,218,1
251722,365,0,0.9558472931457606,382,212,1
251732,365,0,0.9558466167465682,382,223,1
251739,365,0,0.9558470834460848,382,208,1
251766,365,0,0.9558468486264394,382,235,1
251774,365,0,0.9558471964779198,382,229,1
251779,365,0,0.9558471355743358,382,219,1
251791,365,0,0.9558465340464676,382,208,1
251797,365,0,0.9558483875701205,382,225,1
251814,365,0,0.9558467865383802,382,219,1
251832,365,0,0.9558480506861515,382,214,1
251845,365,0,0.9558472055386147,382,228,1
251877,365,0,0.9558486482322535,382,201,1
251897,365,0,0.9558471865198033,382,212,1
251916,365,0,0.9558471415211348,382,230,1
251922,365,0,0.9558485635593389,382,211,1
251926,365,0,0.9558471966736454,382,210,1
251927,365,0,0.95584798829109,382,217,1
251938,365,0,0.9558467869578013,382,245,1
251944,365,0,0.9558467477755626,382,222,1
251946,365,0,0.9558467469462161,382,211,1
251947,365,0,0.9558473773439466,382,212,1
251955,365,0,0.9558465619363534,382,247,1
251960,365,0,0.9558472781964021,382,219,1
251970,365,0,0.955846622460102,382,214,1
251981,365,0,0.9558472126147202,382,218,1
252006,365,0,0.9558470198881153,382,232,1
252025,365,0,0.9558470512275999,382,241,1
252026,365,0,0.9558467659591493,382,207,1
252034,365,0,0.9558466366298907,382,220,1
252040,365,0,0.9558467097762732,382,219,1
252061,365,0,0.9558472789442322,382,216,1
252078,365,0,0.9558478554974241,382,214,1
252114,365,0,0.9558471941616468,382,228,1
252131,365,0,0.9558469220654191,382,223,1
252145,365,0,0.9558469272429972,382,206,1
252160,365,0,0.9558472357248985,382,208,1
252161,365,0,0.9558465853528016,382,215,1
252192,365,0,0.9558472156381486,382,211,1
252195,365,0,0.9558466299372146,382,216,1
252201,365,0,0.9558468566781821,382,218,1
252226,365,0,0.955846574978749,382,207,1
252239,365,0,0.9558466420419228,382,203,1
252241,365,0,0.9558470600238331,382,221,1
252250,365,0,0.9558481706659699,382,226,1
252255,365,0,0.955846813817798,382,225,1
252257,365,0,0.9558465638093436,382,211,1
252259,365,0,0.9558471210398605,382,241,1
252278,365,0,0.9558467165740643,382,213,1
252311,365,0,0.9558467072585163,382,218,1
252314,365,0,0.9558468226456911,382,225,1
252326,365,0,0.9558466772130428,382,225,1
252332,365,0,0.9558466780007984,382,218,1
252342,365,0,0.9558472715782002,382,238,1
252359,365,0,0.9558468348431068,382,218,1
252375,365,0,0.9558469901925496,382,250,1
252377,365,0,0.9558467940311185,382,218,1
252386,365,0,0.9558469968498815,382,222,1
252411,365,0,0.955846873734872,382,225,1
252433,365,0,0.9558471942370983,382,212,1
252470,365,0,0.9558466697513125,382,213,1
252499,365,0,0.9558472794396041,382,217,1
252505,365,0,0.955847359109494,382,255,1
252508,365,0,0.9558468267307808,382,208,1
252530,365,0,0.9558473034098022,382,208,1
252550,365,0,0.9558468278525128,382,206,1
252555,365,0,0.9558487308640906,382,214,1
252562,365,0,0.9558470800498983,382,231,1
252565,365,0,0.9558469717362332,382,227,1
252575,365,0,0.9558466031104809,382,217,1
252578,365,0,0.955847108163645,382,275,1
252595,365,0,0.955846847760292,382,239,1
252640,365,0,0.9558465071157489,382,226,1
252667,365,0,0.9558473264059142,382,205,1
252679,365,0,0.9558472893785432,382,247,1
252685,365,0,0.9558466344768919,382,213,1
252691,365,0,0.9558465803334879,382,223,1
252701,365,0,0.9558466734305062,382,238,1
252706,365,0,0.9558469663040184,382,241,1
252708,365,0,0.9558466926905366,382,221,1
252727,365,0,0.9558466634222633,382,225,1
252740,365,0,0.9558486988583559,382,223,1
252761,365,0,0.9558467176852167,382,265,1
252780,365,0,0.9558471724353436,382,218,1
252784,300,1,4.25982108386607,70,222,1
252823,365,0,0.9558471199115635,382,235,1
252835,365,0,0.9558473625999615,382,213,1
252838,365,0,0.9558473552995166,382,203,1
252846,365,0,0.9558466426359257,382,206,1
252861,365,0,0.9558489107851895,382,221,1
252863,365,0,0.9558473144771223,382,224,1
252873,365,0,0.9558472245123315,382,214,1
252881,365,0,0.9558483828612259,382,245,1
252886,365,0,0.9558472023765118,382,216,1
252903,365,0,0.9558467849900503,382,246,1
252912,365,0,0.9558467643160867,382,225,1
252924,365,0,0.9558470082082501,382,217,1
252929,365,0,0.9558474910836399,382,240,1
252941,365,0,0.9558472612803927,382,220,1
252942,365,0,0.9558488803659007,382,223,1
252964,365,0,0.9558466889639043,382,209,1
252969,365,0,0.9558473151493905,382,224,1
253028,365,0,0.9558466807182006,382,220,1
253041,8,1,4.259821177810262,2,205,1
253049,365,0,0.955846771191838,382,222,1
253060,365,0,0.955847176327328,382,209,1
253066,365,0,0.9558472803520336,382,213,1
253068,365,0,0.955847258746761,382,210,1
253080,365,0,0.955848410050046,382,206,1
253097,365,0,0.955846545868734,382,222,1
253102,365,0,0.9558470316464474,382,207,1
253105,365,0,0.955847481143854,382,220,1
253128,365,0,0.955846636116237,382,248,1
253159,365,0,0.9558472970734964,382,214,1
253174,365,0,0.9558465476397547,382,224,1
253183,365,0,0.9558471784421498,382,230,1
253203,365,0,0.9558471597283218,382,209,1
253220,365,0,0.955848795078199,382,213,1
253316,365,0,0.9558474273121825,382,235,1
253328,365,0,0.955846747440311,382,211,1
253330,365,0,0.9558471460465258,382,218,1
253337,365,0,0.9558487491570892,382,208,1
253343,365,0,0.9558469887046646,382,218,1
253352,365,0,0.9558485654204127,382,216,1
253373,12,1,4.259821142644571,3,214,1
253390,365,0,0.9558471870425119,382,239,1
253397,365,0,0.9558492708711701,382,215,1
253414,365,0,0.9558473096388032,382,208,1
253417,365,0,0.955847559117028,382,216,1
253421,365,0,0.9558469524745632,382,217,1
253431,365,0,0.9558471048613509,382,248,1
253453,365,0,0.9558470471284036,382,212,1
253466,365,0,0.9558466930338296,382,215,1
253505,365,0,0.9558471987132426,382,213,1
253511,365,0,0.9558474044470164,382,212,1
253528,365,0,0.9558483385289498,382,247,1
253530,365,0,0.9558469504885146,382,211,1
253535,365,0,0.9558488226935178,382,225,1
253541,365,0,0.9558465695553641,382,219,1
253550,365,0,0.9558473915743845,382,254,1
253558,365,0,0.9558465464096185,382,204,1
253559,365,0,0.9558472116196105,382,230,1
253576,365,0,0.9558467503641255,382,204,1
253586,365,0,0.9558465567178576,382,226,1
253593,365,0,0.9558466686629462,382,213,1
253606,365,0,0.9558486831737993,382,235,1
253615,365,0,0.9558469413299464,382,206,1
253659,365,0,0.9558484606485229,382,210,1
253668,365,0,0.9558467336868346,382,209,1
253673,365,0,0.955846726647297,382,213,1
253719,365,0,0.9558471925908788,382,240,1
253729,365,0,0.9558473514737651,382,210,1
253779,319,1,4.259818006315471,75,239,1
253804,365,0,0.9558471930913027,382,250,1
253810,365,0,0.9558468931712787,382,220,1
253812,365,0,0.9558465244057106,382,216,1
253815,365,0,0.9558471582502711,382,228,1
253851,365,0,0.9558466769324168,382,215,1
253863,365,0,0.9558470001502586,382,208,1
253869,365,0,0.9558469642842522,382,274,1
253874,365,0,0.9558467663485269,382,277,1
253891,365,0,0.9558470349688186,382,253,1
253899,365,0,0.95584678797836,382,244,1
253904,365,0,0.9558483752573346,382,215,1
253911,365,0,0.955847212020432,382,226,1
253917,365,0,0.9558474501440274,382,233,1
253929,365,0,0.9558474385428826,382,217,1
253940,365,0,0.9558471721487948,382,234,1
253948,365,0,0.9558480024116518,382,225,1
253954,365,0,0.9558467212636677,382,208,1
253957,365,0,0.9558468304309055,382,222,1
253987,365,0,0.9558478190451687,382,246,1
253989,365,0,0.9558466618194219,382,215,1
254002,365,0,0.9558476097997424,382,227,1
254011,365,0,0.9558473167050339,382,220,1
254012,365,0,0.9558472111433155,382,211,1
254017,365,0,0.9558471117880463,382,217,1
254029,365,0,0.9558468740229283,382,272,1
254035,365,0,0.9558468436025322,382,206,1
254044,365,0,0.9558472746337521,382,233,1
254057,365,0,0.9558466453727078,382,211,1
254076,96,1,4.2598185268297755,23,205,1
254089,365,0,0.9558472294456893,382,233,1
254106,365,0,0.9558466592270727,382,215,1
254107,365,0,0.955847523507715,382,225,1
254131,365,0,0.9558472808768467,382,253,1
254148,365,0,0.9558468584588459,382,203,1
254157,365,0,0.9558468228906929,382,220,1
254159,365,0,0.9558471262569673,382,214,1
254189,365,0,0.9558475594339986,382,244,1
254198,365,0,0.9558467474228609,382,214,1
254200,365,0,0.955846874013317,382,214,1
254225,365,0,0.9558472542316359,382,216,1
254247,365,0,0.9558486279751507,382,219,1
254253,365,0,0.9558474360491342,382,255,1
254276,237,1,4.259821180634496,56,211,1
254279,365,0,0.9558471277658195,382,205,1
254286,365,0,0.9558465746914204,382,205,1
254295,365,0,0.9558476592212936,382,221,1
254298,34,1,4.259815605640745,8,204,1
254315,365,0,0.9558466893517452,382,208,1
254342,365,0,0.9558474494154542,382,206,1
254357,365,0,0.9558475302343259,382,238,1
254362,365,0,0.9558467048970096,382,208,1
254373,365,0,0.9558469986750766,382,236,1
254374,365,0,0.9558472554792342,382,224,1
254377,365,0,0.9558487669695344,382,205,1
254383,365,0,0.955848414039,382,206,1
254388,365,0,0.9558473571223468,382,228,1
254398,365,0,0.9558470019303258,382,218,1
254407,365,0,0.9558466778676582,382,206,1
254409,365,0,0.9558473904462634,382,223,1
254441,365,0,0.9558487853967407,382,203,1
254447,365,0,0.9558474058102883,382,242,1
254483,365,0,0.9558470880925527,382,212,1
254485,365,0,0.9558471251545569,382,223,1
254493,365,0,0.9558470882013785,382,244,1
254497,198,1,4.259821233609816,46,218,1
254516,365,0,0.9558471237002097,382,249,1
254526,365,0,0.9558465289632505,382,213,1
254529,365,0,0.9558466386942751,382,240,1
254571,365,0,0.9558467373269304,382,214,1
254586,365,0,0.9558471879995075,382,232,1
254587,365,0,0.9558469360118088,382,207,1
254595,365,0,0.9558482172032505,382,203,1
254598,365,0,0.9558466119640285,382,213,1
254606,365,0,0.9558476023813653,382,208,1
254615,365,0,0.9558464887017,382,250,1
254623,365,0,0.9558471418036961,382,246,1
254624,365,0,0.955847365412779,382,217,1
254625,365,0,0.9558474507678358,382,210,1
254631,365,0,0.9558471640144901,382,205,1
254636,365,0,0.9558472599221648,382,240,1
254671,365,0,0.9558471537415948,382,213,1
254675,365,0,0.9558471000660368,382,278,1
254678,365,0,0.9558476537920183,382,215,1
254681,365,0,0.955847141186588,382,202,1
254686,365,0,0.955846749583035,382,205,1
254687,365,0,0.9558488687681659,382,204,1
254693,365,0,0.9558487192940921,382,218,1
254697,365,0,0.9558468367626259,382,243,1
254713,365,0,0.9558469928938085,382,206,1
254721,365,0,0.9558467777585287,382,225,1
254733,365,0,0.9558474229496796,382,263,1
254748,365,0,0.9558472423552752,382,206,1
254757,365,0,0.9558467035182326,382,219,1
254761,365,0,0.9558472718295707,382,270,1
254775,365,0,0.9558468668776277,382,228,1
254788,365,0,0.9558471721736841,382,226,1
254814,365,0,0.9558472568457701,382,245,1
254822,365,0,0.9558475149531478,382,211,1
254824,365,0,0.9558468393151729,382,225,1
254844,365,0,0.9558468712850094,382,242,1
254860,365,0,0.955846912007987,382,222,1
254870,365,0,0.9558468155533812,382,209,1
254876,365,0,0.9558473211286732,382,214,1
254906,365,0,0.9558470166837304,382,205,1
254918,365,0,0.955847170311479,382,221,1
254939,365,0,0.9558470323703087,382,229,1
254943,365,0,0.9558469255870873,382,239,1
254949,365,0,0.9558475791763823,382,250,1
254960,365,0,0.9558467740134895,382,227,1
254980,365,0,0.9558468792859014,382,237,1
254998,365,0,0.9558472738053102,382,248,1
255004,365,0,0.955846948909701,382,203,1
255027,365,0,0.9558471043861007,382,217,1
255094,365,0,0.9558467672411308,382,250,1
255095,365,0,0.9558466211626157,382,220,1
255098,365,0,0.9558467965464817,382,243,1
255133,365,0,0.9558469481825469,382,248,1
255134,365,0,0.955847370684795,382,221,1
255135,365,0,0.9558471083505785,382,219,1
255140,365,0,0.9558472240305341,382,209,1
255173,365,0,0.955846851665157,382,205,1
255214,365,0,0.9558469298296332,382,226,1
255215,365,0,0.9558474408768528,382,204,1
255219,365,0,0.9558469214949541,382,225,1
255223,365,0,0.9558471547731616,382,222,1
255243,365,0,0.9558467291790347,382,219,1
255244,365,0,0.9558473515745729,382,221,1
255287,365,0,0.9558469110812489,382,219,1
255288,365,0,0.9558466128787461,382,225,1
255342,365,0,0.9558469040579688,382,259,1
255355,365,0,0.9558471555548502,382,236,1
255360,365,0,0.9558467279908031,382,223,1
255373,365,0,0.9558470136938692,382,223,1
255396,365,0,0.9558471472472395,382,243,1
255398,365,0,0.9558471518036645,382,240,1
255455,365,0,0.9558467876846446,382,205,1
255461,365,0,0.9558469207768673,382,210,1
255463,365,0,0.9558470615146223,382,212,1
255464,365,0,0.955846995736334,382,203,1
255465,365,0,0.9558468588195587,382,233,1
255471,365,0,0.9558465586481009,382,236,1
255478,365,0,0.9558472481698598,382,206,1
255489,365,0,0.9558468337097354,382,211,1
255516,365,0,0.9558468325644919,382,274,1
255526,365,0,0.9558473532234143,382,206,1
255549,365,0,0.9558470272695113,382,276,1
255550,365,0,0.9558468755405622,382,224,1
255563,365,0,0.9558468820751926,382,212,1
255596,365,0,0.9558471484731044,382,253,1
255597,365,0,0.9558469545316894,382,232,1
255685,365,0,0.955847496646387,382,257,1
255703,365,0,0.9558469768831134,382,235,1
255756,365,0,0.955847172381679,382,226,1
255774,365,0,0.9558470848265945,382,220,1
255819,365,0,0.9558466315493926,382,231,1
255825,365,0,0.9558466474627179,382,214,1
255844,365,0,0.9558468792148395,382,243,1
255858,365,0,0.9558471656098142,382,216,1
255866,365,0,0.9558468525622246,382,253,1
255883,365,0,0.9558473209075159,382,218,1
255888,365,0,0.9558467998515994,382,216,1
255890,365,0,0.9558468772106199,382,213,1
255901,365,0,0.9558468882971538,382,235,1
255905,365,0,0.9558474460222873,382,230,1
255908,365,0,0.9558472295724066,382,227,1
255921,365,0,0.9558466920232851,382,216,1
255928,365,0,0.9558474418334938,382,217,1
255972,365,0,0.9558465168622449,382,203,1
255978,365,0,0.9558474653601833,382,204,1
255983,365,0,0.9558467516584807,382,222,1
256012,365,0,0.955847416202589,382,211,1
256023,365,0,0.9558480512039899,382,208,1
256024,365,0,0.9558466860214735,382,220,1
256072,365,0,0.9558468157999189,382,205,1
256082,365,0,0.9558467917032641,382,224,1
256092,365,0,0.9558469990160865,382,260,1
256097,365,0,0.9558465991928101,382,220,1
256114,365,0,0.9558471389827152,382,223,1
256117,365,0,0.9558471225844463,382,220,1
256130,365,0,0.9558471564361508,382,203,1
256133,365,0,0.9558474005349726,382,222,1
256149,365,0,0.9558469892578422,382,213,1
256152,365,0,0.9558470708136086,382,250,1
256171,365,0,0.955847382958032,382,234,1
256196,365,0,0.9558467785210021,382,219,1
256214,365,0,0.9558468444713908,382,205,1
256260,365,0,0.9558472369264862,382,262,1
256282,365,0,0.9558471914487254,382,226,1
256283,365,0,0.9558469733925335,382,255,1
256285,365,0,0.9558465606290197,382,207,1
256294,365,0,0.955846521673679,382,250,1
256305,365,0,0.9558486876031528,382,218,1
256324,365,0,0.9558468758951546,382,212,1
256340,31,1,4.259815596338966,7,214,1
256341,365,0,0.9558477799454748,382,218,1
256345,365,0,0.9558467303810747,382,206,1
256358,365,0,0.9558469883200684,382,245,1
256364,365,0,0.9558469912862082,382,238,1
256366,365,0,0.9558471479560471,382,220,1
256384,365,0,0.9558466896810183,382,245,1
256389,365,0,0.9558486204779532,382,236,1
256395,365,0,0.955846718165159,382,210,1
256411,365,0,0.9558467589774876,382,221,1
256425,365,0,0.9558470038824352,382,231,1
256433,365,0,0.9558471454884773,382,213,1
256437,365,0,0.9558467671030392,382,215,1
256466,365,0,0.9558473197705755,382,225,1
256477,365,0,0.9558487712377038,382,205,1
256484,365,0,0.955847803853997,382,253,1
256490,365,0,0.9558474683600151,382,217,1
256507,365,0,0.9558472520337525,382,205,1
256509,365,0,0.9558473595563672,382,256,1
256510,365,0,0.9558472634012559,382,220,1
256519,365,0,0.955846583129754,382,210,1
256531,365,0,0.955846711504092,382,209,1
256538,365,0,0.9558472975926767,382,212,1
256553,365,0,0.9558468543219036,382,224,1
256566,365,0,0.9558487745011922,382,251,1
256583,365,0,0.9558465509430313,382,256,1
256587,365,0,0.9558479440971381,382,219,1
256591,365,0,0.9558474054855152,382,206,1
256601,365,0,0.9558464814529581,382,217,1
256622,365,0,0.955848769833098,382,227,1
256627,365,0,0.9558468375234029,382,251,1
256645,365,0,0.955847340638477,382,278,1
256647,365,0,0.9558466672278186,382,248,1
256649,365,0,0.9558471437748195,382,225,1
256667,89,1,4.259819212218085,21,214,1
256669,365,0,0.9558472404428766,382,216,1
256684,365,0,0.9558468551991244,382,226,1
256687,365,0,0.9558468072633933,382,235,1
256727,365,0,0.9558466287874217,382,206,1
256732,365,0,0.9558469672472072,382,224,1
256758,365,0,0.9558472987656097,382,225,1
256762,365,0,0.9558478147754255,382,212,1
256788,365,0,0.9558467792867005,382,243,1
256798,365,0,0.9558468589067726,382,207,1
256853,365,0,0.9558465308617305,382,250,1
256856,365,0,0.9558474039089433,382,229,1
256866,365,0,0.9558480021273049,382,203,1
256868,365,0,0.9558469065247117,382,204,1
256875,351,1,4.259820058110046,82,207,1
256885,365,0,0.9558469089786554,382,239,1
256898,365,0,0.9558480819640737,382,205,1
256899,365,0,0.9558474903636246,382,223,1
256913,365,0,0.9558467033618198,382,221,1
256943,365,0,0.9558474269846172,382,212,1
256953,365,0,0.9558472525268935,382,229,1
256971,365,0,0.9558469587438475,382,204,1
256998,365,0,0.9558471163855233,382,222,1
257055,365,0,0.9558472361541178,382,225,1
257072,365,0,0.9558467710415468,382,255,1
257083,365,0,0.9558488861822083,382,215,1
257084,365,0,0.9558472998062241,382,203,1
257087,365,0,0.9558468044951607,382,206,1
257100,365,0,0.9558466092754948,382,230,1
257131,365,0,0.9558473415510887,382,227,1
257152,365,0,0.9558471534634635,382,218,1
257155,365,0,0.955847306677092,382,224,1
257174,365,0,0.9558473954989891,382,206,1
257193,365,0,0.9558471044369542,382,212,1
257199,365,0,0.9558466646737644,382,202,1
257213,365,0,0.9558466606439566,382,204,1
257241,365,0,0.9558468040965442,382,204,1
257251,365,0,0.9558475271977521,382,249,1
257263,365,0,0.9558465524964253,382,226,1
257269,365,0,0.9558487481993164,382,233,1
257276,365,0,0.955846779856497,382,268,1
257303,365,0,0.9558470927083561,382,205,1
257310,5,1,4.259822398403459,1,214,1
257327,365,0,0.9558469527571706,382,242,1
257349,365,0,0.9558475238725875,382,223,1
257372,365,0,0.9558469604140148,382,270,1
257374,365,0,0.9558485992009297,382,234,1
257398,365,0,0.955846927255046,382,206,1
257402,365,0,0.9558467622874968,382,202,1
257406,365,0,0.955846896463372,382,228,1
257408,365,0,0.9558471277617121,382,212,1
257409,365,0,0.9558473096321802,382,218,1
257422,365,0,0.9558471694476329,382,221,1
257452,46,1,4.259812258207082,11,212,1
257461,365,0,0.9558467641910837,382,206,1
257470,365,0,0.9558475226782668,382,243,1
257514,365,0,0.9558470378756017,382,251,1
257525,365,0,0.9558487194482904,382,245,1
257569,365,0,0.9558473923488187,382,209,1
257580,365,0,0.9558471886434572,382,207,1
257611,365,0,0.955847117869713,382,222,1
257631,365,0,0.9558467976947383,382,218,1
257635,365,0,0.9558465714117376,382,207,1
257644,365,0,0.9558472009024362,382,237,1
257650,365,0,0.9558471121995857,382,249,1
257657,365,0,0.9558486873921279,382,208,1
257669,365,0,0.9558471040109232,382,202,1
257678,365,0,0.9558470188675711,382,276,1
257690,365,0,0.9558474238238159,382,225,1
257699,365,0,0.9558467101965528,382,205,1
257708,365,0,0.9558474332603654,382,221,1
257731,365,0,0.9558474266327808,382,202,1
257735,365,0,0.9558468179511975,382,224,1
257777,365,0,0.9558471646939913,382,241,1
257793,365,0,0.9558474962284758,382,206,1
257802,365,0,0.9558469623469069,382,208,1
257807,365,0,0.9558473051240459,382,212,1
257813,365,0,0.9558470403717383,382,235,1
257839,365,0,0.9558472270490173,382,218,1
257868,365,0,0.955847336198947,382,235,1
257881,365,0,0.9558467432094437,382,250,1
257896,365,0,0.9558484490935617,382,216,1
257937,365,0,0.955846910527652,382,205,1
257993,365,0,0.9558479294041862,382,230,1
257994,365,0,0.9558467764657702,382,225,1
258006,365,0,0.9558472125415023,382,245,1
258016,365,0,0.9558489269287945,382,215,1
258019,365,0,0.9558487052861676,382,203,1
258042,365,0,0.9558475017791513,382,213,1
258049,365,0,0.9558471775488391,382,223,1
258055,365,0,0.9558483340086233,382,223,1
258062,365,0,0.9558468519192831,382,246,1
258070,365,0,0.9558468495337135,382,205,1
258072,365,0,0.9558467870328203,382,279,1
258074,365,0,0.9558465558969205,382,219,1
258096,365,0,0.9558471671976434,382,224,1
258097,365,0,0.9558474147282258,382,240,1
258120,365,0,0.9558471628971443,382,217,1
258126,365,0,0.9558466916594287,382,207,1
258144,365,0,0.9558474526588768,382,210,1
258149,365,0,0.9558480586150224,382,206,1
258150,365,0,0.9558465520364285,382,221,1
258158,365,0,0.955848395242954,382,223,1
258162,365,0,0.955846712416652,382,212,1
258193,365,0,0.9558472333597604,382,228,1
258196,365,0,0.9558486851386057,382,204,1
258214,365,0,0.9558486039860523,382,226,1
258216,365,0,0.9558470814124008,382,252,1
258268,365,0,0.955847086166011,382,244,1
258275,365,0,0.9558468683259116,382,244,1
258276,365,0,0.9558471175977887,382,239,1
258299,365,0,0.9558472141656219,382,219,1
258307,365,0,0.9558466569210574,382,225,1
258314,365,0,0.9558471530577209,382,273,1
258323,365,0,0.9558487678610071,382,212,1
258329,365,0,0.9558486832217807,382,205,1
258345,365,0,0.9558471694002086,382,211,1
258371,365,0,0.9558483412680819,382,241,1
258378,365,0,0.9558465522258374,382,243,1
258379,365,0,0.9558464410921153,382,225,1
258385,365,0,0.9558485968719062,382,228,1
258390,365,0,0.9558471035633007,382,211,1
258419,365,0,0.9558469804673079,382,243,1
258438,346,1,4.259816770491471,81,213,1
258439,365,0,0.9558471518376308,382,208,1
258449,365,0,0.9558479827460313,382,222,1
258453,365,0,0.9558468128954332,382,235,1
258458,365,0,0.9558468252289402,382,246,1
258490,365,0,0.9558472394366088,382,250,1
258504,365,0,0.9558466092712392,382,233,1
258509,365,0,0.9558465406566877,382,219,1
258551,365,0,0.9558467231049764,382,211,1
258573,365,0,0.955846973810485,382,203,1
258600,365,0,0.9558469911149069,382,241,1
258628,365,0,0.9558473330102059,382,220,1
258638,365,0,0.9558470270380471,382,255,1
258666,365,0,0.9558466748954848,382,209,1
258687,365,0,0.9558473240469387,382,249,1
258695,365,0,0.9558483910642298,382,228,1
258713,365,0,0.9558471804564085,382,248,1
258715,365,0,0.9558472108245352,382,221,1
258732,365,0,0.9558488278507553,382,211,1
258736,365,0,0.9558467888326736,382,202,1
258737,365,0,0.9558472280820736,382,224,1
258738,365,0,0.955846874048848,382,227,1
258765,365,0,0.9558471606991749,382,209,1
258768,365,0,0.9558471302249929,382,225,1
258772,365,0,0.9558466352261578,382,223,1
258773,365,0,0.9558480507219617,382,210,1
258811,365,0,0.9558467997698823,382,223,1
258813,365,0,0.9558467541000725,382,219,1
258824,365,0,0.9558466936377444,382,264,1
258825,365,0,0.9558474200753708,382,210,1
258846,365,0,0.9558468077135819,382,203,1
258866,365,0,0.955847314906791,382,238,1
258868,365,0,0.9558468103793325,382,245,1
258898,365,0,0.9558464885047409,382,205,1
258926,365,0,0.9558487834421846,382,217,1
258933,365,0,0.9558477119810158,382,231,1
258944,365,0,0.9558469400160979,382,206,1
258951,365,0,0.9558487804437726,382,209,1
258961,365,0,0.9558468775896586,382,233,1
258967,365,0,0.9558466594210678,382,219,1
258973,365,0,0.9558473804282428,382,244,1
258982,365,0,0.9558471898894649,382,236,1
259009,365,0,0.9558472678940082,382,205,1
259022,365,0,0.9558470282039008,382,211,1
259040,365,0,0.9558470396597242,382,220,1
259041,365,0,0.9558467371742219,382,236,1
259064,365,0,0.9558475100914197,382,212,1
259071,365,0,0.9558472854512391,382,235,1
259087,365,0,0.9558472184355996,382,234,1
259109,365,0,0.9558467259378897,382,212,1
259125,365,0,0.9558468382408343,382,202,1
259135,365,0,0.9558468286603143,382,202,1
259136,365,0,0.9558480073544761,382,213,1
259156,365,0,0.9558465591315936,382,211,1
259157,365,0,0.9558470483042002,382,225,1
259158,365,0,0.9558476433986473,382,235,1
259172,365,0,0.9558487190080235,382,219,1
259180,365,0,0.9558472225599292,382,212,1
259184,365,0,0.9558464765350658,382,280,1
259198,365,0,0.9558487327381416,382,214,1
259208,365,0,0.9558488062342396,382,209,1
259214,365,0,0.955847338655863,382,205,1
259238,365,0,0.955848721048638,382,208,1
259262,365,0,0.9558486332024454,382,216,1
259263,365,0,0.9558466213278386,382,204,1
259266,365,0,0.9558470935474349,382,217,1
259288,365,0,0.9558471062499467,382,203,1
259317,365,0,0.9558480447348087,382,245,1
259324,365,0,0.9558487563722087,382,208,1
259327,365,0,0.9558475336785456,382,240,1
259331,365,0,0.9558467440823689,382,226,1
259335,365,0,0.9558465450389162,382,221,1
259348,365,0,0.9558473451873708,382,227,1
259351,365,0,0.9558467105847273,382,237,1
259355,365,0,0.9558469214768586,382,236,1
259361,365,0,0.9558472596339748,382,202,1
259372,365,0,0.9558472995249231,382,202,1
259386,365,0,0.9558485269515241,382,237,1
259390,365,0,0.9558471366750164,382,211,1
259399,365,0,0.9558469801003104,382,203,1
259400,365,0,0.9558487225684008,382,222,1
259409,365,0,0.9558467509539866,382,205,1
259420,365,0,0.9558474545028469,382,259,1
259422,365,0,0.9558469051710548,382,250,1
259426,365,0,0.9558471512496967,382,223,1
259427,365,0,0.9558471049693501,382,212,1
259429,365,0,0.9558474284681704,382,219,1
259434,365,0,0.9558472641624064,382,272,1
259446,49,1,4.259819792448924,12,220,1
259457,365,0,0.955847024026072,382,215,1
259460,365,0,0.9558467194699345,382,246,1
259465,365,0,0.9558487710828717,382,228,1
259497,365,0,0.9558471777852665,382,220,1
259526,365,0,0.9558468740236482,382,208,1
259532,334,1,4.259820993082919,78,213,1
259558,365,0,0.9558465202093345,382,206,1
259581,365,0,0.9558475311356349,382,240,1
259620,365,0,0.9558467584848175,382,223,1
259641,365,0,0.9558470676490192,382,226,1
259677,365,0,0.955846793820438,382,223,1
259681,365,0,0.9558467058860457,382,235,1
259705,365,0,0.9558468585554616,382,210,1
259709,365,0,0.9558470964605291,382,210,1
259712,365,0,0.9558471260392254,382,261,1
259739,365,0,0.9558474941287554,382,205,1
259749,365,0,0.9558475743368245,382,230,1
259760,365,0,0.9558464745000833,382,248,1
259779,365,0,0.9558488559196769,382,205,1
259791,365,0,0.9558472575738073,382,224,1
259803,365,0,0.9558468738564438,382,202,1
259804,365,0,0.9558468828529609,382,209,1
259806,365,0,0.9558469739868338,382,278,1
259807,365,0,0.955847636330573,382,242,1
259811,365,0,0.9558474711097206,382,222,1
259829,365,0,0.9558472534025452,382,224,1
259838,365,0,0.9558470639107213,382,216,1
259839,365,0,0.9558487920823578,382,211,1
259861,365,0,0.9558474510983711,382,208,1
259863,365,0,0.9558471763949182,382,226,1
259871,365,0,0.9558467078884013,382,216,1
259882,365,0,0.9558468610987297,382,236,1
259901,365,0,0.9558472457154424,382,246,1
259902,365,0,0.9558472511500831,382,212,1
259904,365,0,0.9558472340802079,382,223,1
259928,365,0,0.9558471563176957,382,249,1
259940,365,0,0.9558472546428636,382,220,1
259996,365,0,0.9558478980473364,382,206,1
259997,339,1,4.2598211041517295,80,203,1
260002,365,0,0.9558466772656018,382,212,1
260008,365,0,0.9558477708005381,382,231,1
260014,365,0,0.9558487911116089,382,203,1
260017,365,0,0.9558468453517763,382,218,1
260018,365,0,0.9558467377672952,382,216,1
260022,365,0,0.9558465786854643,382,225,1
260033,365,0,0.9558487162988185,382,224,1
260044,365,0,0.9558467198497718,382,215,1
260049,365,0,0.9558467776119852,382,209,1
260062,365,0,0.955848726054805,382,237,1
260073,365,0,0.9558469042917117,382,251,1
260082,365,0,0.9558472631462062,382,213,1
260099,365,0,0.9558472884084811,382,207,1
260102,365,0,0.955847129787292,382,279,1
260107,365,0,0.9558467968369971,382,222,1
260113,365,0,0.9558470673192725,382,222,1
260122,365,0,0.9558469671021594,382,223,1
260140,365,0,0.9558469197398277,382,225,1
260154,365,0,0.9558469991009596,382,209,1
260169,365,0,0.9558467611819994,382,216,1
260180,365,0,0.9558469342473984,382,220,1
260183,365,0,0.9558466557958191,382,217,1
260200,365,0,0.9558468590283864,382,244,1
260201,365,0,0.9558466979712033,382,216,1
260217,365,0,0.9558467968562943,382,243,1
260221,365,0,0.9558470231559767,382,220,1
260222,365,0,0.955847076057662,382,210,1
260231,365,0,0.9558478844920602,382,203,1
260244,365,0,0.9558466990372717,382,271,1
260245,365,0,0.9558465591344328,382,208,1
260248,365,0,0.9558470439214268,382,223,1
260318,365,0,0.9558487473733922,382,219,1
260322,365,0,0.9558466082293587,382,203,1
260347,365,0,0.9558471668063895,382,250,1
260359,365,0,0.9558466499778325,382,224,1
260366,365,0,0.9558467787702318,382,205,1
260382,365,0,0.9558467131931914,382,207,1
260394,365,0,0.955847258918228,382,212,1
260414,365,0,0.9558467073043319,382,216,1
260445,365,0,0.9558483137821472,382,248,1
260465,365,0,0.9558467941632619,382,242,1
260466,365,0,0.9558468036237563,382,242,1
260472,365,0,0.9558472954119676,382,238,1
260473,365,0,0.9558466193584654,382,229,1
260477,365,0,0.9558476385396832,382,228,1
260499,365,0,0.9558471173121689,382,209,1
260507,365,0,0.9558467858851691,382,220,1
260509,365,0,0.9558467947416841,382,214,1
260510,365,0,0.9558467488746333,382,222,1
260546,365,0,0.9558472516725939,382,224,1
260574,365,0,0.9558467115656469,382,220,1
260575,365,0,0.9558467640640651,382,202,1
260587,365,0,0.9558472547162059,382,219,1
260588,365,0,0.9558480468118016,382,220,1
260603,365,0,0.9558468644198845,382,210,1
260605,365,0,0.955846844690057,382,238,1
260617,365,0,0.955847533644344,382,245,1
260622,365,0,0.9558473238354844,382,249,1
260639,365,0,0.9558465779172327,382,221,1
260641,365,0,0.9558466128611608,382,210,1
260675,365,0,0.9558470058496225,382,230,1
260681,365,0,0.9558467285249364,382,211,1
260702,365,0,0.9558473348847365,382,214,1
260728,365,0,0.9558468298703866,382,220,1
260734,365,0,0.9558474237968457,382,210,1
260746,365,0,0.9558468670478073,382,215,1
260763,365,0,0.9558467362004499,382,217,1
260781,365,0,0.955847429523399,382,206,1
260785,365,0,0.9558467030805549,382,224,1
260801,365,0,0.9558468406484782,382,219,1
260803,365,0,0.9558467229205689,382,207,1
260820,365,0,0.9558478932531633,382,231,1
260850,365,0,0.9558465773261502,382,247,1
260856,117,1,4.259814892448732,27,223,1
260879,365,0,0.9558469683302501,382,214,1
260882,365,0,0.9558466153766783,382,222,1
260884,365,0,0.9558466871642733,382,214,1
260904,365,0,0.9558471582129695,382,265,1
260935,365,0,0.9558486848856779,382,221,1
260945,365,0,0.9558467323520043,382,218,1
260950,365,0,0.9558480784137203,382,242,1
261006,365,0,0.9558476890449896,382,208,1
261008,365,0,0.9558467831355951,382,214,1
261025,365,0,0.9558467279629101,382,225,1
261038,365,0,0.95584725441638,382,222,1
261040,365,0,0.9558468367217222,382,233,1
261070,365,0,0.9558471801597582,382,227,1
261071,365,0,0.9558472048387472,382,246,1
261081,365,0,0.9558485343260643,382,220,1
261108,365,0,0.9558468622701699,382,247,1
261119,365,0,0.9558472461142509,382,226,1
261121,365,0,0.9558468594559361,382,216,1
261125,365,0,0.9558467096700596,382,217,1
261147,365,0,0.9558472793827504,382,213,1
261149,365,0,0.9558472413021146,382,217,1
261159,365,0,0.9558473723597452,382,218,1
261174,365,0,0.9558471891322039,382,235,1
261192,365,0,0.9558470820445414,382,252,1
261228,365,0,0.9558467020930156,382,253,1
261251,365,0,0.9558471445578814,382,227,1
261265,365,0,0.9558467418045827,382,241,1
261266,365,0,0.955847383763201,382,225,1
261271,365,0,0.9558471827903989,382,205,1
261305,365,0,0.9558472648246308,382,225,1
261322,365,0,0.9558466519288482,382,275,1
261376,365,0,0.9558469072279535,382,207,1
261381,365,0,0.9558472135087066,382,232,1
261389,365,0,0.9558472064166976,382,228,1
261401,365,0,0.9558471404337924,382,251,1
261411,365,0,0.9558473181886551,382,247,1
261422,365,0,0.9558467592931148,382,223,1
261443,365,0,0.9558466756365297,382,222,1
261445,365,0,0.9558465684040354,382,222,1
261456,365,0,0.955848590751035,382,215,1
261463,161,1,4.259814845044563,38,217,1
261480,365,0,0.9558472868889507,382,273,1
261543,365,0,0.9558470317758015,382,245,1
261556,365,0,0.9558465137508905,382,215,1
261566,365,0,0.9558466908636251,382,217,1
261567,365,0,0.9558471634709838,382,212,1
261585,365,0,0.9558472505797085,382,211,1
261610,365,0,0.9558468082063662,382,213,1
261611,365,0,0.955847127959096,382,233,1
261616,365,0,0.9558470539076961,382,220,1
261617,365,0,0.9558470642363973,382,222,1
261639,365,0,0.9558470708358111,382,236,1
261674,365,0,0.9558471886299069,382,228,1
261720,365,0,0.9558473814709074,382,224,1
261727,365,0,0.9558483694228379,382,221,1
261745,282,1,4.259821479336192,66,218,1
261753,365,0,0.955847169105051,382,217,1
261763,365,0,0.9558468330105964,382,223,1
261779,365,0,0.9558473335669903,382,222,1
261785,365,0,0.955847389984768,382,206,1
261824,365,0,0.9558471223601224,382,230,1
261855,365,0,0.9558472990572361,382,231,1
261857,365,0,0.9558472003849209,382,208,1
261864,365,0,0.9558467335706857,382,219,1
261865,365,0,0.9558482953750259,382,213,1
261867,365,0,0.9558474020324926,382,244,1
261904,365,0,0.9558465473421751,382,236,1
261932,365,0,0.9558473451543609,382,252,1
261940,365,0,0.9558470102071436,382,235,1
261942,365,0,0.9558471574926819,382,250,1
261978,365,0,0.9558470429044973,382,206,1
261986,365,0,0.955847340264036,382,205,1
261987,365,0,0.9558473532039312,382,222,1
262008,365,0,0.9558474293087763,382,274,1
262041,365,0,0.9558466877002213,382,203,1
262057,365,0,0.9558473633816836,382,221,1
262058,365,0,0.9558474206723614,382,204,1
262071,365,0,0.9558468134559936,382,204,1
262088,365,0,0.9558468568910298,382,210,1
262089,32,1,4.259812722006935,8,248,1
262092,365,0,0.9558466231709571,382,218,1
262100,365,0,0.9558488315130229,382,214,1
262103,365,0,0.9558468072951675,382,214,1
262142,365,0,0.9558465985039313,382,275,1
262168,365,0,0.9558471761500503,382,204,1
262169,365,0,0.955847161898354,382,209,1
262170,365,0,0.9558473812380209,382,243,1
262171,365,0,0.9558488713538287,382,212,1
262174,365,0,0.955847044805867,382,213,1
262175,365,0,0.9558470205082037,382,220,1
262177,365,0,0.9558471190624855,382,244,1
262178,365,0,0.9558467466699718,382,213,1
262227,365,0,0.9558468167595678,382,235,1
262242,365,0,0.9558467582185161,382,249,1
262257,365,0,0.9558466293192578,382,228,1
262290,365,0,0.9558473897045516,382,221,1
262327,365,0,0.9558473763759976,382,218,1
262346,365,0,0.9558467646461839,382,211,1
262362,365,0,0.9558466803594361,382,231,1
262376,365,0,0.9558472344281981,382,203,1
262377,365,0,0.955846966109724,382,217,1
262459,365,0,0.9558470350915088,382,227,1
262462,365,0,0.9558466521391301,382,213,1
262473,365,0,0.9558473312817368,382,207,1
262475,365,0,0.9558468305160344,382,204,1
262477,365,0,0.9558467765529092,382,265,1
262482,365,0,0.955847382341404,382,217,1
262492,365,0,0.9558467657782804,382,206,1
262520,365,0,0.9558473647464292,382,251,1
262530,365,0,0.955847392107787,382,209,1
262534,365,0,0.9558472225477274,382,214,1
262555,365,0,0.9558472960349857,382,224,1
262591,365,0,0.95584725336318,382,222,1
262624,365,0,0.9558471462842479,382,217,1
262630,365,0,0.9558468886536722,382,212,1
262632,365,0,0.9558465736519659,382,202,1
262635,365,0,0.9558466426073081,382,216,1
262636,365,0,0.9558465718402908,382,217,1
262718,365,0,0.9558472078758496,382,210,1
262722,365,0,0.9558467435580978,382,211,1
262723,365,0,0.9558466321101637,382,233,1
262729,365,0,0.9558471078608667,382,210,1
262737,365,0,0.9558468622908916,382,209,1
262740,365,0,0.9558478581293545,382,204,1
262743,365,0,0.9558469915245341,382,234,1
262770,365,0,0.9558488327287648,382,214,1
262787,365,0,0.9558485836137111,382,210,1
262791,365,0,0.9558466024718836,382,264,1
262792,365,0,0.9558486736462742,382,216,1
262808,365,0,0.9558472973853153,382,221,1
262820,365,0,0.9558466952672561,382,221,1
262823,365,0,0.9558480465463539,382,214,1
262838,365,0,0.9558473056607865,382,212,1
262840,365,0,0.9558473224722801,382,254,1
262847,365,0,0.9558468497447724,382,211,1
262888,365,0,0.9558466788318367,382,223,1
262900,365,0,0.9558473914311233,382,209,1
262904,365,0,0.9558474088207353,382,208,1
262931,365,0,0.9558474576820083,382,210,1
262941,365,0,0.9558467018393103,382,239,1
262942,365,0,0.9558472066608974,382,231,1
262946,365,0,0.9558474995915472,382,210,1
262950,365,0,0.9558486811393491,382,228,1
262956,365,0,0.9558468582603142,382,223,1
262972,365,0,0.9558486185471725,382,211,1
262973,365,0,0.9558467952080998,382,221,1
262987,365,0,0.9558486077144233,382,229,1
262989,365,0,0.9558469121940153,382,206,1
262991,365,0,0.9558468300306332,382,206,1
262996,365,0,0.9558465892851806,382,244,1
263023,365,0,0.9558466304192819,382,205,1
263027,365,0,0.9558469632640504,382,215,1
263053,365,0,0.9558474131858844,382,266,1
263055,365,0,0.9558473827477059,382,241,1
263111,365,0,0.9558488296406997,382,213,1
263115,365,0,0.9558465311559018,382,247,1
263133,365,0,0.9558470489234567,382,212,1
263146,365,0,0.9558467791836226,382,203,1
263151,365,0,0.9558469715950823,382,203,1
263192,365,0,0.9558484164847907,382,223,1
263195,365,0,0.9558472672727581,382,244,1
263203,365,0,0.9558466388758585,382,221,1
263205,365,0,0.95584695314859,382,204,1
263221,365,0,0.9558477706025691,382,229,1
263233,365,0,0.9558478313979093,382,208,1
263247,365,0,0.9558486525641281,382,222,1
263294,365,0,0.955847145485214,382,221,1
263295,365,0,0.9558474994496593,382,208,1
263297,365,0,0.9558465380920331,382,253,1
263336,365,0,0.9558484537393931,382,228,1
263342,365,0,0.9558466263137894,382,221,1
263343,365,0,0.9558478876363464,382,207,1
263346,365,0,0.9558474030009331,382,255,1
263348,365,0,0.95584870498514,382,208,1
263368,365,0,0.9558470329790599,382,222,1
263370,365,0,0.9558470693818045,382,215,1
263378,365,0,0.9558486225403161,382,233,1
263392,365,0,0.9558466770870001,382,210,1
263430,365,0,0.955847467391702,382,217,1
263447,365,0,0.955848854398157,382,211,1
263448,365,0,0.95584869303843,382,215,1
263456,365,0,0.9558472001698055,382,211,1
263468,365,0,0.9558465612072383,382,212,1
263524,365,0,0.9558475097548831,382,220,1
263534,365,0,0.9558474274282769,382,232,1
263566,199,1,4.259813810401527,47,280,1
263584,365,0,0.955846717211374,382,214,1
263586,365,0,0.9558471679834687,382,231,1
263611,365,0,0.9558478680165161,382,216,1
263614,365,0,0.9558478620296423,382,231,1
263617,365,0,0.9558469977313574,382,216,1
263630,365,0,0.9558472989791119,382,215,1
263647,365,0,0.9558467284575184,382,269,1
263662,365,0,0.9558475122431819,382,230,1
263684,365,0,0.9558470042667194,382,229,1
263740,365,0,0.9558485280956348,382,210,1
263756,365,0,0.9558473030784046,382,218,1
263758,365,0,0.9558471949819977,382,242,1
263806,365,0,0.9558486025012972,382,230,1
263810,365,0,0.955846758557653,382,244,1
263828,365,0,0.9558479978031355,382,212,1
263845,365,0,0.9558470591754018,382,241,1
263849,365,0,0.9558467742137919,382,218,1
263854,365,0,0.9558472945043515,382,215,1
263875,365,0,0.95584694862069,382,218,1
263895,365,0,0.9558472381323485,382,213,1
263904,365,0,0.9558469313777935,382,249,1
263921,365,0,0.9558469219077963,382,206,1
263942,365,0,0.9558470835451253,382,223,1
263948,365,0,0.955847466709353,382,211,1
264008,365,0,0.955847222295345,382,206,1
264039,365,0,0.9558469953058552,382,262,1
264051,231,1,4.259821626879496,54,214,1
264071,365,0,0.9558473197533587,382,205,1
264088,365,0,0.9558467392781291,382,253,1
264117,365,0,0.9558468473785091,382,210,1
264133,365,0,0.9558470413529863,382,229,1
264156,365,0,0.9558472707244605,382,227,1
264194,365,0,0.955847101469695,382,219,1
264204,365,0,0.9558468406671276,382,221,1
264217,365,0,0.9558484577614975,382,212,1
264219,365,0,0.9558471244829084,382,220,1
264234,365,0,0.9558466679870439,382,204,1
264247,365,0,0.9558468237545218,382,220,1
264254,365,0,0.9558487996775744,382,212,1
264274,365,0,0.9558475114171667,382,229,1
264277,365,0,0.955848359266992,382,208,1
264316,365,0,0.9558469266848327,382,214,1
264321,365,0,0.9558465133363971,382,221,1
264328,365,0,0.9558464972955929,382,221,1
264338,365,0,0.955847643175046,382,209,1
264341,365,0,0.9558467725971987,382,232,1
264361,365,0,0.9558471916385382,382,231,1
264367,365,0,0.9558472328980777,382,264,1
264371,365,0,0.955847221424303,382,234,1
264377,365,0,0.9558466437700726,382,245,1
264387,365,0,0.955846639655471,382,206,1
264395,154,1,18.984255575212835,8,214,1
264400,365,0,0.9558466224266304,382,208,1
264407,365,0,0.9558471534549468,382,235,1
264425,365,0,0.9558473594163102,382,223,1
264433,365,0,0.9558471716278831,382,245,1
264469,365,0,0.9558472697639234,382,242,1
264471,365,0,0.9558467492636096,382,206,1
264476,365,0,0.9558467316910408,382,221,1
264482,365,0,0.9558472831685376,382,250,1
264485,365,0,0.955847266321334,382,206,1
264496,365,0,0.9558473394428595,382,226,1
264504,365,0,0.9558466160528287,382,210,1
264507,365,0,0.9558487450238687,382,212,1
264518,365,0,0.9558473304158697,382,211,1
264522,365,0,0.9558468573530003,382,222,1
264523,365,0,0.9558488189125625,382,206,1
264526,365,0,0.9558470345163073,382,247,1
264541,365,0,0.955846932020365,382,209,1
264543,365,0,0.9558471860352935,382,208,1
264552,365,0,0.9558474664358466,382,231,1
264571,365,0,0.9558468897373557,382,246,1
264585,365,0,0.9558471776819003,382,253,1
264598,365,0,0.9558473219027209,382,217,1
264648,365,0,0.9558487259838584,382,209,1
264670,329,1,4.2598212566718985,77,211,1
264686,365,0,0.9558483602346672,382,213,1
264690,365,0,0.9558470906312563,382,231,1
264698,365,0,0.9558464665200455,382,210,1
264703,365,0,0.9558480758146937,382,237,1
264719,365,0,0.9558473805996727,382,203,1
264732,365,0,0.9558482483874492,382,236,1
264752,365,0,0.9558485325980358,382,208,1
264764,365,0,0.955848285995824,382,249,1
264766,365,0,0.9558472796198191,382,219,1
264769,365,0,0.9558472075834903,382,219,1
264780,365,0,0.9558467987306337,382,220,1
264792,365,0,0.9558479680453247,382,244,1
264793,365,0,0.9558478665349526,382,216,1
264794,365,0,0.9558468888282053,382,220,1
264809,365,0,0.9558471257420394,382,214,1
264829,365,0,0.9558467111788795,382,250,1
264838,365,0,0.9558468689661347,382,209,1
264858,365,0,0.9558468717871781,382,223,1
264862,365,0,0.955847166836915,382,225,1
264870,159,1,4.259821154235016,37,209,1
264871,365,0,0.955846689827428,382,215,1
264902,323,1,4.259815405191509,76,234,1
264904,365,0,0.9558466423380295,382,250,1
264951,365,0,0.9558469694751441,382,247,1
264970,365,0,0.9558471375576454,382,225,1
265002,365,0,0.95584709714709,382,252,1
265005,365,0,0.9558473037438073,382,243,1
265035,365,0,0.9558465854096132,382,223,1
265036,365,0,0.9558471683107292,382,219,1
265052,56,1,4.25982188624781,13,233,1
265056,365,0,0.9558483674650337,382,222,1
265077,365,0,0.9558474368089898,382,253,1
265080,365,0,0.9558471053380209,382,218,1
265089,365,0,0.9558464985784013,382,273,1
265097,231,1,18.984258952783453,12,204,1
265112,365,0,0.955846629649794,382,209,1
265114,365,0,0.9558467481733878,382,207,1
265128,365,0,0.9558487816316301,382,222,1
265131,365,0,0.9558465838076207,382,223,1
265141,365,0,0.9558474862016951,382,221,1
265151,365,0,0.9558468211487318,382,201,1
265161,365,0,0.9558481047006128,382,226,1
265194,365,0,0.9558472327576236,382,208,1
265199,365,0,0.9558485564144842,382,220,1
265213,365,0,0.9558474380816052,382,212,1
265221,365,0,0.9558471502614874,382,250,1
265233,365,0,0.955848288072503,382,212,1
265241,365,0,0.9558471870835576,382,210,1
265248,365,0,0.9558471930914735,382,217,1
265261,365,0,0.9558466340562644,382,223,1
265282,365,0,0.9558472474129411,382,218,1
265300,365,0,0.9558471081370751,382,253,1
265303,365,0,0.9558472851264872,382,206,1
265305,365,0,0.955846610732394,382,221,1
265310,128,1,4.25981994406837,30,225,1
265326,365,0,0.9558466117194098,382,273,1
265328,365,0,0.9558467818828692,382,237,1
265349,365,0,0.9558485335176534,382,221,1
265365,190,1,4.259819672521152,45,208,1
265370,365,0,0.9558466220468368,382,209,1
265373,365,0,0.9558466621040792,382,269,1
265374,365,0,0.9558468033534615,382,207,1
265383,365,0,0.9558479488710396,382,230,1
265391,365,0,0.9558473133051846,382,206,1
265409,32,1,4.259816352769735,8,235,1
265419,365,0,0.9558472027765391,382,223,1
265424,365,0,0.9558473152849726,382,208,1
265426,365,0,0.9558475471395401,382,239,1
265428,365,0,0.9558468593848455,382,236,1
265442,365,0,0.955847388120877,382,208,1
265444,365,0,0.955847244863354,382,210,1
265454,365,0,0.9558472853471901,382,232,1
265461,365,0,0.9558469243774377,382,239,1
265462,365,0,0.955846820380723,382,205,1
265513,198,1,4.259814564233503,46,219,1
265526,365,0,0.9558472008619854,382,238,1
265530,365,0,0.9558464267546565,382,218,1
265551,365,0,0.9558483554314511,382,231,1
265555,365,0,0.9558466968620473,382,231,1
265573,365,0,0.955848674752519,382,213,1
265586,365,0,0.9558487541021043,382,209,1
265587,365,0,0.9558471893933235,382,206,1
265592,365,0,0.9558471249152763,382,213,1
265608,365,0,0.9558470028435547,382,252,1
265615,365,0,0.9558471659490584,382,223,1
265645,365,0,0.9558467171846594,382,224,1
265702,365,0,0.9558468686336585,382,224,1
265707,365,0,0.9558474448569401,382,224,1
265718,365,0,0.9558473580251383,382,227,1
265742,365,0,0.9558465001097606,382,215,1
265747,365,0,0.9558468154456669,382,236,1
265748,365,0,0.9558464739213107,382,216,1
265750,365,0,0.9558466066616931,382,257,1
265772,365,0,0.9558472146254637,382,219,1
265774,365,0,0.955846711376674,382,212,1
265779,365,0,0.9558471953286125,382,221,1
265797,365,0,0.9558470085410443,382,251,1
265807,365,0,0.9558466653795625,382,208,1
265816,365,0,0.9558485600149607,382,209,1
265817,365,0,0.9558465226379268,382,237,1
265822,365,0,0.9558488025461009,382,230,1
265828,365,0,0.9558469204928637,382,204,1
265831,365,0,0.9558469506199282,382,208,1
265832,365,0,0.9558478027028176,382,223,1
265853,365,0,0.9558487689062565,382,207,1
265882,365,0,0.9558473460855276,382,224,1
265910,365,0,0.9558469652027949,382,249,1
265915,15,1,4.25982158956871,4,211,1
265917,365,0,0.9558480105894614,382,245,1
265921,365,0,0.9558469531314943,382,227,1
265934,365,0,0.9558466657987938,382,221,1
265953,365,0,0.9558470350969271,382,221,1
265957,365,0,0.9558487280781067,382,232,1
265967,365,0,0.9558473373331081,382,209,1
265969,365,0,0.9558468730340915,382,211,1
265975,365,0,0.9558472834443076,382,218,1
265983,365,0,0.9558472795552171,382,210,1
265999,365,0,0.9558467329854471,382,266,1
266010,365,0,0.9558469126920531,382,212,1
266015,365,0,0.9558473218839325,382,242,1
266020,365,0,0.9558467353303894,382,216,1
266040,365,0,0.9558472746249799,382,238,1
266043,365,0,0.9558471725132865,382,247,1
266045,365,0,0.9558470180365336,382,247,1
266057,365,0,0.955846970852512,382,202,1
266066,365,0,0.9558468365528244,382,243,1
266069,365,0,0.9558465085765803,382,225,1
266073,365,0,0.9558483294596309,382,239,1
266076,365,0,0.9558467129052974,382,206,1
266084,365,0,0.9558484563446832,382,217,1
266132,365,0,0.9558467482410594,382,227,1
266133,365,0,0.9558473440591374,382,235,1
266136,365,0,0.955848655938703,382,208,1
266140,365,0,0.9558466584909117,382,205,1
266153,365,0,0.9558471668453518,382,239,1
266158,365,0,0.9558474503023051,382,219,1
266160,365,0,0.955846900988845,382,213,1
266166,365,0,0.9558468251391139,382,211,1
266168,365,0,0.9558472565023363,382,216,1
266184,365,0,0.9558467136289083,382,205,1
266187,365,0,0.9558483096487986,382,222,1
266191,365,0,0.9558471090551115,382,211,1
266195,365,0,0.9558486179871569,382,207,1
266224,365,0,0.9558469637570713,382,226,1
266229,365,0,0.955846586798259,382,204,1
266252,365,0,0.9558483481109885,382,209,1
266276,365,0,0.9558488550232668,382,228,1
266283,365,0,0.9558467703564767,382,253,1
266285,365,0,0.9558470488426821,382,210,1
266294,295,1,4.2598173000751745,69,223,1
266318,365,0,0.9558478956284404,382,240,1
266341,365,0,0.955847330675328,382,225,1
266361,365,0,0.955846513501275,382,236,1
266375,365,0,0.9558468552579349,382,219,1
266384,365,0,0.9558485029209542,382,233,1
266396,365,0,0.9558473695619291,382,209,1
266404,365,0,0.9558473497289844,382,276,1
266431,365,0,0.9558470303417295,382,265,1
266438,365,0,0.9558466876228938,382,204,1
266472,365,0,0.9558468017298005,382,217,1
266486,365,0,0.955848712445601,382,211,1
266488,365,0,0.9558481999544842,382,234,1
266493,365,0,0.9558466558358152,382,243,1
266499,365,0,0.9558479368933052,382,206,1
266509,365,0,0.9558471071234157,382,241,1
266510,365,0,0.9558487064316604,382,206,1
266544,365,0,0.9558467993113084,382,213,1
266556,365,0,0.9558474363789667,382,221,1
266563,365,0,0.9558484645879086,382,208,1
266565,365,0,0.9558473792532236,382,213,1
266567,365,0,0.9558474245985634,382,206,1
266590,365,0,0.9558469900533363,382,224,1
266600,365,0,0.9558469859582357,382,220,1
266602,365,0,0.9558471611455857,382,223,1
266634,365,0,0.9558474186649214,382,209,1
266641,365,0,0.9558467679729605,382,214,1
266648,365,0,0.9558465112637136,382,220,1
266670,365,0,0.9558467106407235,382,219,1
266679,365,0,0.9558465631024156,382,256,1
266689,365,0,0.9558468128869502,382,251,1
266691,260,1,4.259820010033841,61,223,1
266695,365,0,0.955847492162936,382,214,1
266731,365,0,0.955846853732378,382,208,1
266755,365,0,0.9558474883810993,382,217,1
266756,365,0,0.9558473239507418,382,212,1
266764,365,0,0.9558470366195978,382,236,1
266797,365,0,0.9558473357560487,382,275,1
266811,365,0,0.9558486783495534,382,212,1
266813,365,0,0.9558466804226841,382,209,1
266833,365,0,0.9558486602039146,382,218,1
266839,365,0,0.9558487426651737,382,212,1
266843,365,0,0.955847180809116,382,211,1
266861,365,0,0.9558472375945877,382,210,1
266867,365,0,0.9558467150644231,382,207,1
266874,365,0,0.955847363901015,382,206,1
266896,365,0,0.9558467119210406,382,239,1
266919,365,0,0.9558472737504103,382,244,1
266933,365,0,0.9558468582080777,382,213,1
266943,365,0,0.955846965030622,382,230,1
266966,365,0,0.9558469224208043,382,243,1
266976,365,0,0.9558480627579298,382,244,1
267004,365,0,0.9558466944894689,382,235,1
267035,365,0,0.9558486502348933,382,220,1
267087,365,0,0.9558472049005667,382,214,1
267088,365,0,0.9558466706101587,382,260,1
267135,365,0,0.9558470282847912,382,221,1
267143,365,0,0.9558468812247071,382,262,1
267161,365,0,0.9558472967237264,382,217,1
267188,365,0,0.9558467015840098,382,218,1
267206,365,0,0.9558474044012487,382,223,1
267238,365,0,0.9558469104946917,382,255,1
267277,365,0,0.95584676709077,382,220,1
267292,365,0,0.9558471435048358,382,249,1
267336,365,0,0.955846979023122,382,244,1
267339,365,0,0.955846708371838,382,219,1
267343,365,0,0.9558466767090023,382,225,1
267345,365,0,0.9558469462005278,382,202,1
267381,365,0,0.9558473190460877,382,214,1
267415,365,0,0.9558472042934388,382,241,1
267422,365,0,0.9558469341026442,382,217,1
267435,365,0,0.9558467493826133,382,214,1
267441,365,0,0.9558473039303792,382,203,1
267442,365,0,0.9558468550400048,382,230,1
267450,365,0,0.9558471442367442,382,237,1
267462,365,0,0.9558472360326645,382,212,1
267472,365,0,0.9558474511820245,382,208,1
267482,365,0,0.9558474158386611,382,267,1
267512,365,0,0.9558474745945978,382,202,1
267540,365,0,0.9558466449906834,382,226,1
267549,365,0,0.9558468997215036,382,252,1
267562,365,0,0.9558469466766778,382,214,1
267569,365,0,0.955847137742266,382,234,1
267577,365,0,0.955846571126817,382,275,1
267579,365,0,0.9558469474964791,382,237,1
267582,365,0,0.9558474870607332,382,218,1
267593,365,0,0.9558468749622794,382,203,1
267608,365,0,0.9558468366611779,382,229,1
267631,365,0,0.9558473252735807,382,213,1
267638,365,0,0.955846813524952,382,221,1
267639,365,0,0.95584659889277,382,240,1
267642,365,0,0.95584676038699,382,215,1
267651,365,0,0.9558473292068401,382,221,1
267654,365,0,0.9558470711762984,382,248,1
267657,365,0,0.9558469233218412,382,216,1
267661,365,0,0.9558470678927542,382,236,1
267663,365,0,0.9558473935896393,382,237,1
267679,365,0,0.9558474242693644,382,205,1
267690,365,0,0.9558487530512033,382,217,1
267706,365,0,0.9558467325937555,382,249,1
267726,365,0,0.9558467229910904,382,224,1
267730,365,0,0.9558477719089679,382,220,1
267750,365,0,0.9558486219924123,382,209,1
267752,365,0,0.9558469370637743,382,216,1
267760,365,0,0.9558474950338095,382,203,1
267789,365,0,0.9558468603906619,382,225,1
267794,365,0,0.9558472224092452,382,219,1
267816,365,0,0.9558471437235321,382,205,1
267841,365,0,0.955846547684024,382,252,1
267864,365,0,0.9558467976005762,382,252,1
267865,365,0,0.9558475431933408,382,248,1
267891,365,0,0.955847382059363,382,249,1
267920,365,0,0.9558480117403512,382,225,1
267927,182,1,4.259814405370267,43,260,1
267953,365,0,0.9558473963266377,382,215,1
267960,365,0,0.9558468748490128,382,222,1
268014,365,0,0.9558481097294008,382,203,1
268020,365,0,0.9558484124467199,382,226,1
268024,365,0,0.9558474838456777,382,207,1
268026,365,0,0.9558485838996945,382,203,1
268029,365,0,0.9558467785029763,382,206,1
268043,365,0,0.9558467641734318,382,249,1
268047,365,0,0.9558467962427679,382,227,1
268057,365,0,0.955848764309627,382,210,1
268061,365,0,0.9558468418884509,382,220,1
268062,365,0,0.9558467762205587,382,214,1
268064,365,0,0.955846707813287,382,218,1
268078,365,0,0.9558469206557623,382,213,1
268096,365,0,0.9558470967889112,382,261,1
268116,365,0,0.9558469481425163,382,271,1
268127,365,0,0.9558471366072586,382,209,1
268128,365,0,0.955848460297913,382,209,1
268134,365,0,0.9558469247558473,382,212,1
268145,365,0,0.9558470457109206,382,237,1
268164,365,0,0.9558472854451266,382,252,1
268166,365,0,0.9558484624687332,382,237,1
268167,365,0,0.9558465806640809,382,212,1
268184,365,0,0.9558476303214699,382,250,1
268190,365,0,0.9558467859898252,382,222,1
268193,365,0,0.9558477336923337,382,222,1
268204,365,0,0.9558482794911003,382,217,1
268207,365,0,0.955846695535405,382,226,1
268219,365,0,0.9558465969537776,382,222,1
268236,365,0,0.9558474873973795,382,224,1
268241,365,0,0.9558474565961106,382,210,1
268242,365,0,0.9558472206359386,382,205,1
268250,365,0,0.9558471193665887,382,225,1
268275,365,0,0.9558475331087073,382,223,1
268291,365,0,0.9558477368969117,382,246,1
268303,365,0,0.9558470203246598,382,208,1
268304,365,0,0.9558481900631428,382,248,1
268316,365,0,0.955846958512877,382,227,1
268340,365,0,0.9558473026936858,382,217,1
268351,365,0,0.9558470977641231,382,218,1
268399,365,0,0.9558473592389484,382,223,1
268400,365,0,0.9558473070143733,382,214,1
268409,365,0,0.9558466950718543,382,211,1
268410,365,0,0.9558466491199062,382,221,1
268413,365,0,0.955847443897437,382,242,1
268420,365,0,0.9558475795544901,382,240,1
268467,365,0,0.9558472826817523,382,243,1
268506,365,0,0.9558467603593422,382,214,1
268532,365,0,0.9558477863608555,382,209,1
268538,365,0,0.9558468722753961,382,272,1
268547,365,0,0.9558469462808483,382,250,1
268551,365,0,0.9558473112358484,382,225,1
268563,365,0,0.9558483613074105,382,218,1
268570,365,0,0.955847214157145,382,246,1
268571,365,0,0.9558487467068763,382,217,1
268573,365,0,0.9558468314072839,382,245,1
268583,365,0,0.9558473008321864,382,209,1
268586,365,0,0.9558473419453966,382,219,1
268587,365,0,0.9558472438210368,382,213,1
268589,365,0,0.9558470625847652,382,246,1
268591,29,1,4.259823598226427,7,211,1
268592,365,0,0.9558470249411927,382,212,1
268603,365,0,0.9558468822610918,382,224,1
268621,365,0,0.9558473423413051,382,227,1
268622,365,0,0.9558471741997427,382,207,1
268642,365,0,0.9558475688061214,382,224,1
268643,365,0,0.9558472138734395,382,222,1
268646,365,0,0.9558467899077243,382,226,1
268652,365,0,0.9558467894230103,382,213,1
268664,17,1,4.2598215102594255,4,205,1
268674,365,0,0.9558483051906237,382,209,1
268676,365,0,0.9558469359297969,382,253,1
268697,365,0,0.9558488973922286,382,216,1
268711,365,0,0.955847035301906,382,203,1
268731,365,0,0.9558474044246247,382,229,1
268734,365,0,0.9558481762553295,382,239,1
268764,365,0,0.9558491320837833,382,205,1
268765,365,0,0.9558473033161874,382,217,1
268771,365,0,0.9558468448890358,382,216,1
268784,365,0,0.955846614005824,382,207,1
268795,365,0,0.9558466288669423,382,207,1
268796,365,0,0.9558472411662333,382,222,1
268798,365,0,0.9558467929422466,382,210,1
268800,365,0,0.9558472758658431,382,215,1
268805,365,0,0.9558472568655567,382,219,1
268813,365,0,0.955847702204523,382,206,1
268828,365,0,0.955848865747254,382,220,1
268847,365,0,0.9558465877541668,382,213,1
268852,365,0,0.9558474408160827,382,215,1
268862,365,0,0.9558473887407462,382,237,1
268864,365,0,0.955846599063013,382,203,1
268869,365,0,0.955846970769408,382,228,1
268882,365,0,0.9558465813617689,382,220,1
268888,365,0,0.9558465600229602,382,206,1
268897,365,0,0.9558486452190788,382,225,1
268905,365,0,0.9558465481869352,382,248,1
268926,365,0,0.9558471145706866,382,205,1
268928,365,0,0.955846843722377,382,225,1
268943,365,0,0.9558473838858688,382,223,1
268961,365,0,0.9558473090111547,382,208,1
268966,365,0,0.955847229547894,382,207,1
268977,365,0,0.955847392704255,382,213,1
268987,365,0,0.9558467462867026,382,253,1
268993,365,0,0.9558466980168235,382,271,1
269003,365,0,0.9558486859219733,382,212,1
269019,365,0,0.9558465234710173,382,203,1
269048,365,0,0.9558474423956548,382,214,1
269075,365,0,0.9558473279556623,382,226,1
269107,365,0,0.9558476485543319,382,205,1
269120,365,0,0.9558466224173741,382,220,1
269130,365,0,0.9558465282788442,382,221,1
269140,365,0,0.9558473455603288,382,216,1
269195,365,0,0.9558465055752404,382,244,1
269204,365,0,0.9558469956316153,382,246,1
269221,365,0,0.9558474353478394,382,208,1
269223,365,0,0.9558486377674315,382,220,1
269224,365,0,0.9558482817843774,382,227,1
269246,365,0,0.9558474700700011,382,216,1
269259,365,0,0.9558474231942261,382,241,1
269270,365,0,0.9558468993340382,382,269,1
269297,365,0,0.9558470421795454,382,224,1
269300,365,0,0.955848552751779,382,221,1
269309,365,0,0.9558473834439905,382,243,1
269321,365,0,0.9558470386316207,382,228,1
269323,365,0,0.9558474095805747,382,216,1
269376,365,0,0.9558487527509435,382,216,1
269398,365,0,0.9558466020848374,382,207,1
269403,365,0,0.9558470722759779,382,242,1
269406,365,0,0.9558472545521838,382,218,1
269415,365,0,0.955846662461786,382,206,1
269431,365,0,0.9558468851449505,382,276,1
269465,365,0,0.9558473001090835,382,218,1
269471,365,0,0.9558479787062958,382,224,1
269482,365,0,0.9558471103137491,382,218,1
269484,365,0,0.9558470448414633,382,215,1
269489,365,0,0.9558468678623004,382,273,1
269491,365,0,0.955846877562279,382,220,1
269510,365,0,0.9558468073543657,382,223,1
269525,365,0,0.9558466602467411,382,221,1
269547,365,0,0.9558473409967664,382,242,1
269563,365,0,0.955848069596459,382,213,1
269570,365,0,0.9558467702577941,382,226,1
269610,365,0,0.955846611584778,382,246,1
269618,365,0,0.9558473831799137,382,275,1
269625,365,0,0.9558469098672333,382,235,1
269627,365,0,0.9558473827865231,382,243,1
269651,365,0,0.9558488339541434,382,244,1
269654,365,0,0.9558480556085276,382,236,1
269659,365,0,0.9558472458703628,382,256,1
269671,365,0,0.9558469813078793,382,276,1
269702,365,0,0.9558484705133152,382,205,1
269706,365,0,0.955847200741827,382,224,1
269731,365,0,0.9558467402073518,382,218,1
269733,365,0,0.9558472108158409,382,225,1
269750,365,0,0.9558487881114947,382,210,1
269757,365,0,0.9558483863247746,382,228,1
269764,365,0,0.955847363134106,382,215,1
269795,365,0,0.9558468035390384,382,210,1
269802,365,0,0.9558470738280981,382,253,1
269819,365,0,0.9558470613569853,382,205,1
269827,365,0,0.9558471883657349,382,234,1
269834,365,0,0.9558468391854287,382,242,1
269838,365,0,0.955846842546839,382,209,1
269848,365,0,0.955847170275512,382,208,1
269877,365,0,0.955846729288281,382,232,1
269896,365,0,0.9558476228423923,382,210,1
269899,365,0,0.9558466161750806,382,225,1
269909,365,0,0.9558487132645522,382,228,1
269917,365,0,0.9558466661713884,382,245,1
269919,365,0,0.9558468538881009,382,242,1
269934,365,0,0.9558471909131765,382,213,1
269938,365,0,0.9558467385123102,382,206,1
269939,365,0,0.9558473342467735,382,233,1
269945,365,0,0.955847127235177,382,272,1
269947,365,0,0.9558483260336134,382,208,1
269950,365,0,0.9558467154009221,382,206,1
269951,365,0,0.9558467637208451,382,234,1
269957,365,0,0.955847394584379,382,213,1
269959,365,0,0.9558473558462028,382,270,1
269966,365,0,0.9558474291230931,382,215,1
269971,365,0,0.9558468802644133,382,226,1
269978,365,0,0.9558473304882141,382,256,1
269979,365,0,0.9558468988710351,382,219,1
269986,365,0,0.9558472646700032,382,251,1
269988,365,0,0.9558467506056969,382,213,1
269991,365,0,0.9558472915080045,382,210,1
269994,365,0,0.9558468073609917,382,205,1
269995,365,0,0.955846692775531,382,224,1
270013,365,0,0.9558484957292719,382,203,1
270027,365,0,0.9558466880056563,382,220,1
270044,365,0,0.9558481513618585,382,230,1
270047,365,0,0.9558470846374179,382,253,1
270053,365,0,0.955847682657872,382,217,1
270054,365,0,0.9558465647756205,382,249,1
270058,365,0,0.9558487535142093,382,220,1
270059,365,0,0.9558473037410952,382,233,1
270067,365,0,0.9558472296465679,382,203,1
270079,365,0,0.9558472635918798,382,236,1
270080,365,0,0.9558472611818842,382,225,1
270096,24,1,18.984257910209703,1,233,1
270112,365,0,0.9558465927264705,382,218,1
270127,365,0,0.9558472329823139,382,211,1
270131,365,0,0.9558465651795549,382,246,1
270151,365,0,0.9558472096481269,382,264,1
270172,365,0,0.9558471058550508,382,265,1
270189,365,0,0.9558469800477275,382,244,1
270203,236,1,4.259819875961682,55,230,1
270205,365,0,0.9558473047227929,382,207,1
270219,365,0,0.9558485875570996,382,227,1
270235,365,0,0.9558470092953363,382,217,1
270237,365,0,0.9558477250757359,382,207,1
270238,365,0,0.955847104201494,382,222,1
270255,365,0,0.9558474341002311,382,202,1
270260,365,0,0.9558472404021248,382,279,1
270265,365,0,0.9558480167407192,382,212,1
270271,365,0,0.9558473787315116,382,217,1
270290,365,0,0.9558466339174789,382,236,1
270301,365,0,0.9558467971184106,382,250,1
270303,365,0,0.9558467639052289,382,275,1
270304,365,0,0.9558467216922617,382,216,1
270311,365,0,0.9558466355215195,382,204,1
270321,365,0,0.9558470062288871,382,265,1
270330,365,0,0.9558468527028889,382,259,1
270332,365,0,0.9558472677073128,382,211,1
270341,365,0,0.9558467801158448,382,215,1
270346,365,0,0.955847257770022,382,224,1
270347,365,0,0.9558469590431512,382,224,1
270356,365,0,0.9558473833937746,382,202,1
270381,365,0,0.9558471296286853,382,221,1
270390,365,0,0.9558474299274611,382,218,1
270395,365,0,0.9558487780019749,382,219,1
270402,262,1,4.259813784565814,62,206,1
270406,365,0,0.9558475002633912,382,259,1
270416,365,0,0.9558471273956569,382,217,1
270449,365,0,0.9558474665814642,382,223,1
270464,365,0,0.9558473998739737,382,216,1
270465,365,0,0.9558473032118222,382,222,1
270495,365,0,0.9558468765901582,382,236,1
270551,365,0,0.9558469047093557,382,212,1
270571,365,0,0.955847232525239,382,203,1
270582,365,0,0.9558474467333137,382,218,1
270596,365,0,0.9558466827880762,382,266,1
270601,365,0,0.9558480135212842,382,211,1
270606,365,0,0.9558467263187879,382,223,1
270607,365,0,0.95584713068295,382,214,1
270614,365,0,0.9558473287485423,382,222,1
270617,365,0,0.9558472222280812,382,245,1
270624,365,0,0.9558483234449554,382,224,1
270626,365,0,0.9558468822796076,382,210,1
270639,365,0,0.9558470243875458,382,226,1
270646,365,0,0.9558470486404684,382,212,1
270649,365,0,0.9558467189499446,382,266,1
270656,365,0,0.9558468283222277,382,210,1
270661,365,0,0.9558466405398449,382,202,1
270689,365,0,0.9558466088060347,382,263,1
270704,365,0,0.9558470119010524,382,209,1
270708,365,0,0.9558471434211185,382,211,1
270712,365,0,0.9558468370184884,382,218,1
270732,365,0,0.9558475597083064,382,218,1
270735,365,0,0.9558486279652203,382,221,1
270743,365,0,0.9558470961290286,382,208,1
270745,365,0,0.9558486369635846,382,216,1
270746,365,0,0.9558469388991889,382,207,1
270753,365,0,0.9558483549288487,382,227,1
270759,365,0,0.9558467904292796,382,249,1
270775,365,0,0.9558487254097864,382,210,1
270781,365,0,0.955846501499755,382,242,1
270795,365,0,0.9558468012230577,382,223,1
270812,365,0,0.9558468113720855,382,211,1
270814,365,0,0.9558475856646931,382,209,1
270820,365,0,0.9558465792575978,382,218,1
270823,365,0,0.9558469467405603,382,213,1
270829,214,1,4.2598210184219365,50,217,1
270859,365,0,0.9558466958328233,382,211,1
270899,365,0,0.9558465716240603,382,220,1
270902,365,0,0.9558470096094992,382,249,1
270911,365,0,0.9558479146096428,382,225,1
270916,365,0,0.9558467781743267,382,215,1
270926,365,0,0.9558469990718019,382,218,1
270931,365,0,0.9558468287261437,382,240,1
270932,365,0,0.9558474355525418,382,233,1
270937,365,0,0.9558468542681441,382,243,1
270947,365,0,0.9558467021437965,382,242,1
270960,365,0,0.9558469648951206,382,225,1
270981,365,0,0.9558472327611224,382,218,1
270986,365,0,0.9558474253218847,382,229,1
271000,365,0,0.9558468465149804,382,209,1
271010,365,0,0.9558474644458687,382,216,1
271024,365,0,0.9558480304298447,382,247,1
271040,365,0,0.9558469589764883,382,203,1
271060,365,0,0.9558475176912524,382,203,1
271091,365,0,0.9558465105106035,382,251,1
271095,365,0,0.9558475092916837,382,212,1
271099,365,0,0.9558468055678575,382,231,1
271102,365,0,0.9558468439816462,382,208,1
271108,365,0,0.9558486981416405,382,206,1
271143,365,0,0.9558485712627396,382,207,1
271153,365,0,0.9558473510001013,382,219,1
271162,365,0,0.9558474039960299,382,207,1
271171,365,0,0.9558472422482264,382,242,1
271173,365,0,0.9558473679655378,382,211,1
271190,365,0,0.9558471257097261,382,234,1
271191,365,0,0.9558466417741004,382,216,1
271197,365,0,0.9558467281251013,382,218,1
271228,365,0,0.9558470232268714,382,218,1
271234,365,0,0.9558487695395698,382,212,1
271256,365,0,0.9558466698357947,382,264,1
271266,118,1,4.25982110887559,28,207,1
271267,365,0,0.9558472091702583,382,209,1
271274,365,0,0.9558473365165564,382,213,1
271282,365,0,0.9558467906357123,382,209,1
271322,365,0,0.9558464801026139,382,250,1
271341,227,1,4.2598207778480015,53,208,1
271347,365,0,0.9558470671459852,382,222,1
271348,365,0,0.9558486386671712,382,208,1
271362,365,0,0.9558468054643839,382,206,1
271375,365,0,0.9558467128915052,382,238,1
271390,365,0,0.9558471954189549,382,219,1
271400,365,0,0.9558470052748747,382,248,1
271405,365,0,0.9558471561989527,382,203,1
271406,365,0,0.9558483170986806,382,224,1
271443,365,0,0.9558473717472384,382,213,1
271453,365,0,0.9558474065198949,382,220,1
271463,365,0,0.9558472206173018,382,218,1
271470,365,0,0.9558464926765587,382,217,1
271487,365,0,0.9558474442973265,382,205,1
271488,365,0,0.9558467949729701,382,210,1
271500,365,0,0.9558472909126787,382,210,1
271503,365,0,0.9558473712325191,382,249,1
271517,365,0,0.9558479372927043,382,204,1
271547,365,0,0.9558474133989499,382,210,1
271557,365,0,0.9558466845753165,382,214,1
271582,365,0,0.9558473455292831,382,217,1
271589,365,0,0.9558476941982197,382,246,1
271592,365,0,0.9558472549967474,382,206,1
271598,365,0,0.9558469310321243,382,246,1
271614,365,0,0.9558472000642654,382,244,1
271616,365,0,0.9558475220551708,382,247,1
271621,365,0,0.9558471914942532,382,252,1
271628,365,0,0.955847165240186,382,248,1
271630,365,0,0.9558466517659131,382,208,1
271636,365,0,0.95584711833502,382,219,1
271651,365,0,0.9558473423024074,382,226,1
271660,365,0,0.9558468447604791,382,244,1
271661,365,0,0.9558473249640752,382,218,1
271670,365,0,0.9558468391827012,382,224,1
271687,365,0,0.9558468594518701,382,205,1
271689,365,0,0.9558472017358184,382,225,1
271692,365,0,0.9558474482416305,382,206,1
271697,365,0,0.9558473641493312,382,230,1
271716,22,1,4.259819977282334,5,216,1
271730,365,0,0.955846701095506,382,212,1
271732,365,0,0.9558472843846846,382,232,1
271735,365,0,0.9558484510235443,382,212,1
271746,365,0,0.9558468098558827,382,214,1
271788,365,0,0.9558472402186209,382,223,1
271801,365,0,0.9558485851708379,382,203,1
271804,365,0,0.9558473267885547,382,217,1
271809,365,0,0.9558486616579288,382,236,1
271812,365,0,0.9558473538443679,382,222,1
271815,365,0,0.9558474066761433,382,220,1
271825,365,0,0.9558468677276962,382,277,1
271846,297,1,4.259821429762769,70,206,1
271852,365,0,0.9558468624975427,382,215,1
271862,365,0,0.9558479529975563,382,208,1
271867,365,0,0.9558476327907897,382,248,1
271887,365,0,0.9558468782418957,382,261,1
271893,31,1,4.259821294220018,7,208,1
271906,365,0,0.9558482090066849,382,219,1
271951,365,0,0.9558468457167472,382,215,1
271957,365,0,0.9558474400219185,382,223,1
271971,365,0,0.9558469779794962,382,241,1
271986,365,0,0.9558486381568019,382,235,1
271987,365,0,0.9558471042450716,382,227,1
271990,365,0,0.9558481290244202,382,208,1
272001,365,0,0.9558470299829985,382,205,1
272011,365,0,0.9558483673307466,382,233,1
272012,365,0,0.9558472826293979,382,203,1
272020,365,0,0.9558472904488012,382,215,1
272031,352,1,4.259820748511621,83,214,1
272032,365,0,0.955848199059459,382,211,1
272036,365,0,0.9558470884242333,382,224,1
272050,365,0,0.955847162237472,382,235,1
272053,365,0,0.9558483593106033,382,224,1
272064,365,0,0.9558466934453184,382,211,1
272065,365,0,0.9558473158316583,382,213,1
272076,365,0,0.9558472026974245,382,241,1
272077,365,0,0.9558466216980158,382,203,1
272121,365,0,0.9558471329839378,382,252,1
272129,365,0,0.9558487460938255,382,209,1
272138,365,0,0.955846652067667,382,249,1
272143,365,0,0.9558487237671309,382,206,1
272149,365,0,0.9558472049479227,382,239,1
272166,365,0,0.9558468715389921,382,219,1
272174,365,0,0.9558483946789142,382,238,1
272182,365,0,0.9558467369560922,382,214,1
272187,365,0,0.9558472914344213,382,209,1
272226,365,0,0.9558473152772194,382,208,1
272250,365,0,0.9558468472174219,382,227,1
272257,365,0,0.9558466714713592,382,222,1
272297,365,0,0.9558467313446215,382,224,1
272307,365,0,0.9558470764116844,382,238,1
272322,365,0,0.9558467446403645,382,245,1
272336,365,0,0.9558470335684777,382,208,1
272362,365,0,0.955846845068839,382,206,1
272367,61,1,18.984255142857478,3,237,1
272391,365,0,0.9558471339752751,382,216,1
272400,338,1,4.259821193220297,79,252,1
272402,365,0,0.9558473568306948,382,257,1
272412,365,0,0.9558469442046487,382,222,1
272418,365,0,0.9558470954448126,382,211,1
272428,365,0,0.9558485812883157,382,207,1
272432,365,0,0.9558474387882783,382,231,1
272439,365,0,0.9558471762742727,382,252,1
272440,365,0,0.9558476534450171,382,228,1
272468,365,0,0.9558467891449014,382,222,1
272505,365,0,0.9558474756571104,382,208,1
272518,365,0,0.9558487277255749,382,221,1
272540,365,0,0.9558471124310057,382,219,1
272549,365,0,0.9558468453250606,382,210,1
272566,365,0,0.9558470207946033,382,243,1
272568,365,0,0.9558475533663617,382,226,1
272581,365,0,0.9558467275324275,382,212,1
272600,365,0,0.9558471244821035,382,242,1
272619,365,0,0.9558466241784253,382,214,1
272629,365,0,0.9558469689260544,382,230,1
272634,365,0,0.9558471946583008,382,237,1
272639,365,0,0.9558470523979173,382,274,1
272646,365,0,0.9558473432536826,382,216,1
272648,365,0,0.9558487094927678,382,249,1
272650,365,0,0.9558487122924973,382,203,1
272659,365,0,0.9558473541344988,382,233,1
272660,365,0,0.9558466081448288,382,225,1
272661,365,0,0.9558472913207243,382,231,1
272672,0,1,4.25981796596311,0,228,1
272673,365,0,0.9558468149402022,382,214,1
272690,365,0,0.9558472341478349,382,231,1
272691,365,0,0.9558484343592737,382,224,1
272720,365,0,0.9558474760426671,382,212,1
272724,365,0,0.9558474781995971,382,211,1
272733,365,0,0.9558468884029677,382,228,1
272734,365,0,0.9558483954763347,382,230,1
272738,365,0,0.9558465484754639,382,226,1
272759,365,0,0.955847261006297,382,218,1
272760,365,0,0.9558473682791343,382,204,1
272779,365,0,0.9558468222568482,382,203,1
272780,365,0,0.9558469729635023,382,208,1
272783,365,0,0.955847073609567,382,238,1
272790,365,0,0.9558468941959413,382,219,1
272871,365,0,0.9558473625783606,382,220,1
272873,365,0,0.9558473008481989,382,233,1
272875,365,0,0.9558470365948688,382,221,1
272883,365,0,0.9558472180015168,382,212,1
272892,365,0,0.9558474278886919,382,216,1
272909,93,1,4.259821487921176,22,205,1
272915,365,0,0.955847249792078,382,224,1
272938,365,0,0.955846931104209,382,213,1
272944,365,0,0.9558473187086493,382,209,1
272967,365,0,0.9558473296098716,382,221,1
272975,365,0,0.955847355053499,382,213,1
272977,365,0,0.955846506493274,382,208,1
272987,365,0,0.9558472423365509,382,219,1
273015,365,0,0.9558483972282775,382,238,1
273017,365,0,0.9558484599840374,382,235,1
273034,365,0,0.9558471521816498,382,208,1
273063,365,0,0.9558474340339613,382,237,1
273069,365,0,0.9558467602619667,382,248,1
273077,365,0,0.9558487290750032,382,235,1
273088,365,0,0.9558484120739532,382,214,1
273090,365,0,0.9558476729313382,382,216,1
273099,365,0,0.9558471288214778,382,212,1
273120,365,0,0.9558471761534582,382,209,1
273142,365,0,0.9558471998953866,382,225,1
273154,365,0,0.9558472344951531,382,242,1
273182,365,0,0.9558473728784846,382,211,1
273194,365,0,0.9558466692466538,382,203,1
273210,365,0,0.9558467351478814,382,251,1
273215,365,0,0.9558465568535639,382,269,1
273244,365,0,0.9558474439924888,382,210,1
273254,365,0,0.9558467837452223,382,247,1
273256,365,0,0.9558485919409218,382,211,1
273257,365,0,0.9558474986096381,382,234,1
273279,365,0,0.9558488252175966,382,219,1
273297,365,0,0.9558487580451278,382,213,1
273298,365,0,0.9558486446021794,382,211,1
273332,334,1,4.259821413278119,78,237,1
273355,365,0,0.9558466726785543,382,206,1
273364,365,0,0.9558486627563727,382,222,1
273365,365,0,0.9558487985052564,382,219,1
273366,365,0,0.9558472764136463,382,245,1
273368,365,0,0.9558471439878239,382,217,1
273379,365,0,0.9558466723822323,382,211,1
273389,365,0,0.9558487911649973,382,204,1
273400,365,0,0.9558474435645012,382,208,1
273409,365,0,0.9558472767857611,382,236,1
273412,365,0,0.9558473141994979,382,213,1
273418,365,0,0.9558483817673601,382,219,1
273423,365,0,0.9558473089627368,382,252,1
273425,365,0,0.9558465924002532,382,218,1
273444,365,0,0.9558467211466543,382,205,1
273472,365,0,0.9558474544566359,382,208,1
273488,365,0,0.9558474103500811,382,231,1
273489,303,1,4.259814865056865,71,228,1
273490,365,0,0.9558487411864309,382,205,1
273507,365,0,0.9558486785236077,382,211,1
273518,365,0,0.9558467476831812,382,226,1
273519,365,0,0.9558468778423682,382,242,1
273531,365,0,0.9558471269169146,382,222,1
273576,365,0,0.955846961469456,382,205,1
273596,365,0,0.9558471009745912,382,264,1
273617,365,0,0.9558474713340533,382,218,1
273618,365,0,0.9558471956879699,382,224,1
273619,365,0,0.9558473785939136,382,218,1
273630,365,0,0.9558469511456092,382,234,1
273643,365,0,0.9558488899752866,382,214,1
273651,365,0,0.9558476730028834,382,253,1
273669,365,0,0.9558471832970461,382,267,1
273673,365,0,0.9558472406003302,382,215,1
273684,49,1,4.259821334280018,12,203,1
273711,365,0,0.9558482900503099,382,244,1
273718,365,0,0.9558471782591533,382,237,1
273727,365,0,0.9558466450315722,382,220,1
273738,365,0,0.9558483997762145,382,211,1
273743,365,0,0.9558466102110119,382,252,1
273744,365,0,0.9558487190209412,382,217,1
273748,365,0,0.9558471896939196,382,231,1
273769,365,0,0.9558474166305749,382,207,1
273797,365,0,0.9558465726607352,382,217,1
273806,365,0,0.9558471400510835,382,241,1
273808,365,0,0.9558472767810241,382,205,1
273810,365,0,0.9558469517369226,382,204,1
273811,365,0,0.9558484071594262,382,224,1
273819,365,0,0.9558474553705059,382,224,1
273846,365,0,0.9558466284501751,382,232,1
273892,365,0,0.9558468600316271,382,219,1
273931,365,0,0.9558474355966657,382,223,1
273951,365,0,0.9558473323164213,382,235,1
274037,365,0,0.9558472955201958,382,223,1
274044,365,0,0.9558467206893938,382,217,1
274051,365,0,0.9558467965728076,382,228,1
274090,365,0,0.9558469509805052,382,223,1
274093,365,0,0.9558471317504768,382,203,1
274094,365,0,0.9558472610844588,382,233,1
274110,365,0,0.9558469492997982,382,248,1
274169,365,0,0.9558472482027307,382,223,1
274187,365,0,0.9558467132051662,382,204,1
274233,365,0,0.9558472364509416,382,228,1
274243,365,0,0.9558469486695034,382,214,1
274266,365,0,0.9558469011281941,382,237,1
274267,365,0,0.9558469015399711,382,210,1
274279,365,0,0.955846985555867,382,237,1
274289,365,0,0.9558471715855326,382,212,1
274295,365,0,0.9558467031100397,382,214,1
274301,365,0,0.9558472093737492,382,224,1
274350,365,0,0.9558474727857207,382,211,1
274359,365,0,0.9558486522945069,382,231,1
274397,365,0,0.9558475717463544,382,240,1
274425,365,0,0.9558471177273083,382,221,1
274444,365,0,0.9558482133107455,382,210,1
274462,365,0,0.9558483553532804,382,230,1
274487,365,0,0.9558472519510999,382,221,1
274492,365,0,0.9558465913737755,382,206,1
274496,365,0,0.9558468579317749,382,203,1
274513,365,0,0.9558471638783925,382,214,1
274527,365,0,0.9558467061854992,382,203,1
274528,365,0,0.9558472163740399,382,209,1
274535,365,0,0.9558468650671574,382,205,1
274543,365,0,0.9558481549922189,382,214,1
274548,365,0,0.9558472520016351,382,211,1
274551,365,0,0.9558464480088563,382,225,1
274564,365,0,0.9558465840641839,382,224,1
274595,365,0,0.9558474099492116,382,236,1
274614,365,0,0.9558470877838856,382,236,1
274634,365,0,0.955847187648909,382,228,1
274643,365,0,0.9558486456281851,382,226,1
274644,365,0,0.9558473032650893,382,229,1
274658,365,0,0.9558472462614838,382,222,1
274660,365,0,0.9558474138640226,382,214,1
274661,138,1,4.259821291729828,32,206,1
274666,365,0,0.955848746159893,382,203,1
274667,365,0,0.9558491146834476,382,228,1
274672,365,0,0.9558467897964888,382,208,1
274679,365,0,0.9558471136529662,382,206,1
274683,365,0,0.955846684743457,382,232,1
274685,365,0,0.9558471544620843,382,203,1
274689,365,0,0.9558470784569073,382,252,1
274705,365,0,0.9558467871954212,382,280,1
274708,365,0,0.9558472827355826,382,210,1
274715,365,0,0.9558467812739959,382,243,1
274722,365,0,0.9558471986472045,382,224,1
274740,365,0,0.9558472113340165,382,208,1
274787,365,0,0.9558467255142998,382,205,1
274794,365,0,0.9558465595401427,382,219,1
274803,365,0,0.9558472996102728,382,203,1
274807,365,0,0.9558467567809875,382,226,1
274812,365,0,0.9558465286645765,382,276,1
274817,365,0,0.9558467344431455,382,265,1
274826,365,0,0.9558471992610325,382,252,1
274833,365,0,0.9558471995299958,382,233,1
274848,365,0,0.9558468482651864,382,209,1
274849,365,0,0.9558474314923001,382,222,1
274852,365,0,0.9558471760582894,382,225,1
274861,365,0,0.955847166696386,382,225,1
274886,365,0,0.9558474186601993,382,233,1
274904,365,0,0.9558467827162034,382,205,1
274916,365,0,0.9558469134377606,382,249,1
274924,365,0,0.9558473927215455,382,211,1
274941,365,0,0.9558472374867991,382,214,1
274944,365,0,0.9558470926457477,382,222,1
274949,365,0,0.955846970055044,382,249,1
274952,365,0,0.9558486590016008,382,231,1
274963,135,1,4.259814537660458,32,210,1
274967,365,0,0.9558473170591502,382,226,1
275008,365,0,0.9558478523959548,382,205,1
275013,365,0,0.9558472448689272,382,252,1
275020,365,0,0.9558482388809696,382,209,1
275021,365,0,0.9558472265381296,382,207,1
275045,365,0,0.9558471177414991,382,253,1
275052,365,0,0.9558468264333843,382,209,1
275067,365,0,0.9558472260328578,382,258,1
275068,365,0,0.9558472114222085,382,222,1
275077,365,0,0.9558467832826238,382,210,1
275090,365,0,0.955847368534142,382,237,1
275113,365,0,0.95584680002254,382,227,1
275121,365,0,0.9558468402805971,382,237,1
275146,365,0,0.955847960259295,382,226,1
275162,365,0,0.9558486199279798,382,202,1
275164,365,0,0.9558484847488578,382,217,1
275172,365,0,0.9558468563599875,382,214,1
275210,365,0,0.9558487703879676,382,252,1
275216,365,0,0.955847290218028,382,204,1
275217,365,0,0.9558486479692798,382,250,1
275218,365,0,0.9558471220774,382,233,1
275225,365,0,0.9558473275254057,382,219,1
275237,365,0,0.9558472923888075,382,215,1
275257,365,0,0.9558467792764448,382,211,1
275279,365,0,0.9558486845575674,382,218,1
275280,365,0,0.9558486821331464,382,213,1
275282,365,0,0.9558464764863116,382,217,1
275283,365,0,0.9558469072345037,382,218,1
275290,365,0,0.9558468361932642,382,279,1
275302,365,0,0.9558471052573934,382,212,1
275337,365,0,0.9558466671035155,382,226,1
275338,365,0,0.9558475833963416,382,223,1
275348,365,0,0.955846657156416,382,232,1
275386,365,0,0.9558473370091799,382,215,1
275398,365,0,0.9558487098374753,382,225,1
275403,365,0,0.955847242776577,382,225,1
275410,365,0,0.9558489119879853,382,203,1
275419,365,0,0.9558470363839973,382,211,1
275430,365,0,0.9558487113913133,382,203,1
275437,365,0,0.9558467151775795,382,208,1
275443,365,0,0.9558465792136626,382,228,1
275475,365,0,0.955846999966524,382,276,1
275476,365,0,0.9558468172056453,382,211,1
275480,118,1,4.259820296275104,28,208,1
275482,365,0,0.9558472291987168,382,224,1
275494,365,0,0.9558473484339179,382,210,1
275496,365,0,0.9558470671886896,382,219,1
275529,365,0,0.9558466881549504,382,209,1
275534,365,0,0.9558466743446482,382,221,1
275535,365,0,0.9558487480886787,382,218,1
275564,365,0,0.955846929457969,382,210,1
275580,365,0,0.9558472083663719,382,252,1
275585,365,0,0.9558473081664743,382,209,1
275590,365,0,0.955847246160989,382,240,1
275592,365,0,0.955846625722758,382,216,1
275596,365,0,0.9558489303357561,382,205,1
275601,365,0,0.9558474859428148,382,204,1
275611,365,0,0.95584842440217,382,241,1
275624,365,0,0.955848299001957,382,238,1
275640,365,0,0.9558485300165198,382,215,1
275649,365,0,0.9558473363571268,382,212,1
275651,365,0,0.9558468776492262,382,250,1
275680,365,0,0.9558465819874422,382,245,1
275689,365,0,0.9558473355005593,382,205,1
275702,365,0,0.9558472565146825,382,211,1
275740,365,0,0.9558474665397412,382,218,1
275755,365,0,0.9558469812646283,382,228,1
275769,365,0,0.955847198775356,382,265,1
275781,365,0,0.9558470886539914,382,237,1
275790,365,0,0.9558472828800819,382,225,1
275794,365,0,0.9558471316873932,382,235,1
275800,365,0,0.9558469402490889,382,233,1
275822,365,0,0.9558468291477007,382,213,1
275823,365,0,0.9558471673467422,382,250,1
275862,365,0,0.9558469057151188,382,213,1
275865,365,0,0.955847063714927,382,227,1
275870,365,0,0.9558468986769468,382,275,1
275878,365,0,0.95584722607032,382,202,1
275882,365,0,0.9558465456322927,382,207,1
275896,365,0,0.9558464991013328,382,223,1
275897,365,0,0.9558467662292811,382,221,1
275899,365,0,0.9558473016322346,382,244,1
275908,365,0,0.9558487498317225,382,224,1
275916,365,0,0.9558473373373898,382,206,1
275917,365,0,0.955848692113741,382,212,1
275924,365,0,0.955846560687885,382,221,1
275928,365,0,0.9558471909125295,382,214,1
275933,365,0,0.9558473864032222,382,208,1
275965,365,0,0.955847040132971,382,218,1
275966,365,0,0.9558467671643855,382,216,1
275976,365,0,0.9558473337340349,382,202,1
275977,25,1,4.259819448891989,6,220,1
275980,365,0,0.9558467680986501,382,221,1
275982,365,0,0.9558483838745694,382,215,1
275984,365,0,0.9558474577411553,382,264,1
275999,365,0,0.9558470624247817,382,218,1
276019,365,0,0.9558472033490396,382,243,1
276022,365,0,0.9558471861597931,382,225,1
276033,365,0,0.9558467856420017,382,211,1
276053,365,0,0.9558468365077732,382,234,1
276066,348,1,4.259815713131708,82,215,1
276077,365,0,0.9558473863158262,382,245,1
276096,365,0,0.955847218824467,382,272,1
276104,365,0,0.9558472664005158,382,250,1
276113,365,0,0.9558467525615406,382,272,1
276118,365,0,0.9558470406080002,382,229,1
276122,365,0,0.955847078319743,382,228,1
276123,365,0,0.9558473737781504,382,211,1
276130,365,0,0.9558469930594309,382,202,1
276138,365,0,0.955847991710626,382,221,1
276142,365,0,0.9558469489582424,382,252,1
276143,365,0,0.9558473125247381,382,243,1
276159,365,0,0.9558472247583729,382,222,1
276160,365,0,0.9558471225354479,382,236,1
276163,365,0,0.9558467457047445,382,218,1
276166,365,0,0.9558469112332147,382,227,1
276169,365,0,0.9558471891661272,382,251,1
276191,365,0,0.9558473801207653,382,214,1
276212,365,0,0.9558466777168141,382,212,1
276221,365,0,0.9558466841039143,382,252,1
276226,365,0,0.9558484037484345,382,227,1
276238,365,0,0.9558468116258716,382,226,1
276240,365,0,0.9558487249418053,382,222,1
276252,365,0,0.9558486809043778,382,225,1
276259,365,0,0.9558473554946607,382,221,1
276297,365,0,0.9558465348406613,382,206,1
276305,365,0,0.9558487680418399,382,213,1
276308,365,0,0.9558466436083144,382,218,1
276310,365,0,0.9558472338172005,382,244,1
276330,365,0,0.9558473644956463,382,203,1
276332,365,0,0.9558478743849965,382,212,1
276338,365,0,0.9558478040724951,382,203,1
276341,365,0,0.9558468526296687,382,223,1
276362,365,0,0.9558475423372367,382,235,1
276373,365,0,0.9558470404701732,382,252,1
276382,365,0,0.9558470782464804,382,236,1
276402,365,0,0.9558484089685512,382,223,1
276433,365,0,0.9558469134402068,382,207,1
276434,365,0,0.9558483550800085,382,204,1
276437,365,0,0.9558472171163701,382,219,1
276448,365,0,0.9558469358478073,382,218,1
276462,365,0,0.9558478261549285,382,228,1
276465,365,0,0.9558473818611403,382,272,1
276494,365,0,0.9558473178576303,382,243,1
276506,365,0,0.9558465263604705,382,230,1
276525,365,0,0.9558488546678059,382,233,1
276549,365,0,0.9558471236816124,382,213,1
276552,365,0,0.9558464680044481,382,217,1
276555,365,0,0.955848449881253,382,221,1
276564,365,0,0.9558476724604094,382,226,1
276575,365,0,0.9558476035896809,382,231,1
276579,365,0,0.9558487056318226,382,226,1
276582,365,0,0.9558483386749882,382,249,1
276588,365,0,0.9558471195571231,382,275,1
276589,365,0,0.9558465538106401,382,238,1
276594,365,0,0.9558468348448891,382,202,1
276596,365,0,0.9558465135876258,382,211,1
276611,365,0,0.9558486641074967,382,203,1
276633,365,0,0.9558474965195788,382,234,1
276640,365,0,0.9558470174445092,382,226,1
276645,365,0,0.9558472800325688,382,225,1
276671,365,0,0.9558487706640685,382,204,1
276706,365,0,0.9558472098368346,382,238,1
276722,365,0,0.9558475021754529,382,219,1
276734,365,0,0.9558472497491592,382,228,1
276766,365,0,0.9558467345550653,382,224,1
276817,365,0,0.9558466829217055,382,225,1
276819,365,0,0.9558468338012287,382,215,1
276823,365,0,0.9558472448035947,382,230,1
276838,365,0,0.9558471451235401,382,211,1
276841,365,0,0.9558473933966637,382,223,1
276849,365,0,0.9558466724976844,382,233,1
276861,89,1,4.259819358520879,21,221,1
276867,365,0,0.9558471317638378,382,229,1
276883,365,0,0.9558473814948306,382,204,1
276884,365,0,0.955848044209416,382,223,1
276892,365,0,0.955848426588148,382,208,1
276894,365,0,0.9558467611609214,382,239,1
276900,365,0,0.9558465602543006,382,202,1
276902,365,0,0.955846856853289,382,217,1
276913,365,0,0.9558487797463073,382,219,1
276934,365,0,0.9558473294708189,382,262,1
276936,365,0,0.9558467045711536,382,222,1
276946,365,0,0.9558480029741306,382,218,1
276957,365,0,0.9558469361991626,382,269,1
276970,365,0,0.9558487940395387,382,223,1
276973,365,0,0.9558472483945388,382,226,1
276980,365,0,0.955847301859545,382,220,1
277012,365,0,0.9558482540287638,382,253,1
277013,365,0,0.9558465237490158,382,239,1
277023,365,0,0.9558466478219193,382,208,1
277024,365,0,0.955848354982826,382,224,1
277051,365,0,0.955846635092889,382,210,1
277056,365,0,0.9558466651605318,382,205,1
277087,365,0,0.9558466091207802,382,213,1
277091,365,0,0.9558470550231968,382,241,1
277121,365,0,0.9558473537511257,382,217,1
277133,365,0,0.9558467536161469,382,216,1
277148,365,0,0.9558469063220455,382,238,1
277153,365,0,0.9558474595719663,382,221,1
277159,365,0,0.9558467162846724,382,211,1
277160,365,0,0.9558472106447374,382,264,1
277164,365,0,0.9558472969994036,382,224,1
277177,365,0,0.955846885810999,382,251,1
277178,365,0,0.955848824679647,382,236,1
277181,3,1,4.259818475999209,1,235,1
277189,365,0,0.955846853242223,382,220,1
277191,365,0,0.955847788011188,382,216,1
277205,365,0,0.9558468707492231,382,232,1
277213,365,0,0.9558469071556549,382,233,1
277214,365,0,0.9558473662180282,382,218,1
277232,365,0,0.9558468852861671,382,251,1
277237,365,0,0.9558475756645728,382,207,1
277238,365,0,0.9558473750918857,382,252,1
277251,365,0,0.9558471271390321,382,220,1
277252,365,0,0.9558472887291358,382,217,1
277263,365,0,0.9558465869219389,382,213,1
277264,365,0,0.9558471280968984,382,219,1
277266,365,0,0.9558464756560763,382,214,1
277273,365,0,0.9558487102303297,382,209,1
277274,365,0,0.955847156076282,382,225,1
277279,365,0,0.9558477231587418,382,223,1
277291,365,0,0.9558476819853918,382,206,1
277292,365,0,0.9558487274727496,382,205,1
277304,365,0,0.9558489930312755,382,205,1
277313,365,0,0.9558487414751878,382,228,1
277339,365,0,0.9558465673601505,382,217,1
277341,365,0,0.9558487315139557,382,234,1
277343,365,0,0.9558472323663926,382,219,1
277361,365,0,0.9558468862860966,382,252,1
277393,365,0,0.9558464808720433,382,222,1
277401,365,0,0.9558468537404359,382,273,1
277411,365,0,0.9558487811028816,382,226,1
277447,365,0,0.9558472473093638,382,235,1
277454,365,0,0.9558468134819847,382,246,1
277465,365,0,0.955848729618244,382,215,1
277468,365,0,0.95584719427745,382,232,1
277470,365,0,0.9558472449322444,382,219,1
277471,365,0,0.9558474276068903,382,211,1
277480,365,0,0.955846584592446,382,249,1
277497,365,0,0.9558469396704524,382,218,1
277509,365,0,0.9558466320512071,382,227,1
277524,365,0,0.9558484248869205,382,213,1
277529,365,0,0.9558487836510079,382,251,1
277544,365,0,0.9558466077377714,382,214,1
277560,365,0,0.9558472479763032,382,220,1
277568,365,0,0.9558469212845936,382,234,1
277581,365,0,0.9558473162732138,382,225,1
277583,365,0,0.9558486931779103,382,212,1
277587,365,0,0.9558485906642742,382,206,1
277611,365,0,0.9558468328237696,382,253,1
277635,365,0,0.9558467133713553,382,206,1
277638,365,0,0.9558469830378973,382,227,1
277640,365,0,0.9558468586809766,382,253,1
277647,365,0,0.9558473800419688,382,278,1
277676,365,0,0.9558480568113122,382,215,1
277691,365,0,0.9558471662841092,382,206,1
277699,365,0,0.9558475954462892,382,211,1
277711,365,0,0.9558484189080486,382,229,1
277723,365,0,0.9558471317184358,382,244,1
277732,365,0,0.9558470972937787,382,252,1
277744,365,0,0.9558473206439084,382,241,1
277748,365,0,0.9558479593698384,382,230,1
277766,365,0,0.9558482296377697,382,252,1
277767,365,0,0.9558484823375025,382,204,1
277776,246,1,4.259812357808232,58,238,1
277784,365,0,0.9558470738823435,382,226,1
277811,365,0,0.955847169064864,382,234,1
277819,365,0,0.9558467635308499,382,228,1
277821,365,0,0.9558467668513995,382,216,1
277822,365,0,0.9558467231435551,382,208,1
277824,365,0,0.9558473613515488,382,230,1
277830,365,0,0.9558481777406365,382,224,1
277832,365,0,0.9558471604312601,382,207,1
277834,365,0,0.9558466061021073,382,209,1
277837,365,0,0.955847297126779,382,214,1
277853,365,0,0.9558465462867309,382,212,1
277864,365,0,0.9558469648046325,382,213,1
277888,365,0,0.9558470703732411,382,243,1
277890,365,0,0.9558475477746606,382,210,1
277935,365,0,0.9558468635376322,382,217,1
277994,365,0,0.9558470531472466,382,248,1
278008,365,0,0.955846854157944,382,278,1
278041,365,0,0.9558471611331424,382,211,1
278046,365,0,0.9558477933526676,382,221,1
278053,365,0,0.9558472955693726,382,210,1
278069,365,0,0.9558474097006718,382,247,1
278072,365,0,0.95584766322132,382,215,1
278073,365,0,0.9558466404588016,382,218,1
278075,365,0,0.9558485360780146,382,212,1
278078,365,0,0.9558487010518808,382,229,1
278086,365,0,0.9558474527381209,382,222,1
278088,365,0,0.9558479008484962,382,204,1
278096,365,0,0.9558471004439044,382,210,1
278109,365,0,0.9558470457701301,382,212,1
278135,365,0,0.955848464474383,382,209,1
278145,365,0,0.9558468692856501,382,215,1
278146,365,0,0.9558474782121712,382,232,1
278150,365,0,0.9558470931853781,382,213,1
278153,365,0,0.9558476789727004,382,218,1
278159,365,0,0.9558465910748614,382,203,1
278169,365,0,0.9558487002253863,382,233,1
278208,365,0,0.9558469416569085,382,269,1
278209,365,0,0.9558487258160502,382,208,1
278218,365,0,0.9558484174155197,382,203,1
278223,365,0,0.9558472089430662,382,204,1
278230,365,0,0.9558468400299983,382,220,1
278243,365,0,0.9558466020564739,382,246,1
278244,365,0,0.9558466446406633,382,249,1
278256,365,0,0.9558475515700113,382,238,1
278257,365,0,0.9558469110854749,382,278,1
278261,134,1,4.259819604279257,31,216,1
278272,365,0,0.9558472726022196,382,233,1
278292,365,0,0.9558465984276425,382,271,1
278302,365,0,0.9558486685985552,382,211,1
278306,365,0,0.9558473097022055,382,233,1
278317,365,0,0.9558466675818111,382,249,1
278328,365,0,0.9558469192794373,382,238,1
278361,365,0,0.9558482436859232,382,222,1
278367,365,0,0.955847010370923,382,274,1
278372,365,0,0.9558468148659476,382,220,1
278386,365,0,0.9558472982352247,382,237,1
278398,365,0,0.9558466542958289,382,217,1
278411,365,0,0.9558472275329724,382,263,1
278413,365,0,0.9558483450563554,382,222,1
278416,365,0,0.9558466819654424,382,239,1
278425,365,0,0.9558469248148093,382,208,1
278427,365,0,0.9558487917806915,382,202,1
278443,365,0,0.9558471706300856,382,236,1
278446,365,0,0.9558466495217164,382,250,1
278447,365,0,0.9558472316239657,382,258,1
278451,365,0,0.9558469424651094,382,228,1
278462,365,0,0.9558465384492989,382,218,1
278477,365,0,0.9558488702583878,382,230,1
278498,365,0,0.9558474651658215,382,218,1
278508,365,0,0.9558466305589062,382,227,1
278513,365,0,0.9558466159059631,382,254,1
278517,365,0,0.9558465971995188,382,208,1
278541,365,0,0.9558467330234431,382,233,1
278546,365,0,0.9558473445722372,382,226,1
278559,365,0,0.9558471671201183,382,249,1
278571,365,0,0.955847384751229,382,206,1
278580,365,0,0.9558474080525063,382,247,1
278590,365,0,0.9558471788961169,382,208,1
278593,365,0,0.9558468754925968,382,213,1
278608,365,0,0.9558487492914786,382,203,1
278611,365,0,0.9558475358457329,382,243,1
278625,365,0,0.9558466220821314,382,230,1
278628,365,0,0.9558482167000919,382,238,1
278680,365,0,0.9558471389127347,382,232,1
278681,365,0,0.9558467827699523,382,243,1
278683,365,0,0.9558468618127061,382,257,1
278693,365,0,0.9558467869117281,382,239,1
278725,101,1,4.25981274116907,24,251,1
278779,365,0,0.9558469639620847,382,231,1
278784,365,0,0.9558468689981826,382,215,1
278787,365,0,0.9558469168986866,382,248,1
278796,365,0,0.9558471663325308,382,208,1
278830,365,0,0.955847339552122,382,210,1
278840,365,0,0.9558472979388342,382,208,1
278848,365,0,0.9558468696303336,382,242,1
278853,365,0,0.9558473897438143,382,202,1
278857,365,0,0.9558475716912485,382,214,1
278875,365,0,0.9558474204795904,382,238,1
278939,365,0,0.9558473934220657,382,212,1
278948,365,0,0.9558472686136459,382,223,1
278953,365,0,0.9558467153869369,382,247,1
278964,365,0,0.9558472057222808,382,224,1
278971,365,0,0.955846590690393,382,228,1
278976,365,0,0.9558484508665588,382,217,1
278981,365,0,0.9558486834853823,382,215,1
279003,365,0,0.9558465122251806,382,269,1
279020,365,0,0.9558480099609051,382,246,1
279023,365,0,0.9558473309411478,382,207,1
279043,365,0,0.9558469575442601,382,209,1
279055,365,0,0.9558469306434885,382,205,1
279094,365,0,0.9558475761932993,382,253,1
279115,365,0,0.9558473357578906,382,230,1
279125,365,0,0.9558468860213268,382,215,1
279129,365,0,0.9558484789038333,382,215,1
279136,365,0,0.9558468963297768,382,278,1
279145,365,0,0.955846609982951,382,206,1
279147,365,0,0.9558484463555399,382,214,1
279152,365,0,0.9558469623381255,382,212,1
279161,365,0,0.9558472018362835,382,253,1
279165,365,0,0.9558466271468551,382,207,1
279169,365,0,0.9558475733290236,382,208,1
279176,365,0,0.9558486586582434,382,229,1
279194,365,0,0.9558469033716384,382,225,1
279195,365,0,0.9558486883884484,382,232,1
279202,365,0,0.9558465371397404,382,220,1
279230,365,0,0.9558472343164826,382,218,1
279254,365,0,0.9558466859887815,382,216,1
279272,365,0,0.9558485802409549,382,230,1
279273,365,0,0.9558487146510205,382,212,1
279274,365,0,0.9558466175623159,382,211,1
279276,365,0,0.9558472532895959,382,209,1
279290,365,0,0.9558478540726126,382,203,1
279313,13,1,4.259821587857196,3,202,1
279317,365,0,0.9558472123607573,382,224,1
279318,365,0,0.9558468736461561,382,227,1
279321,365,0,0.9558484177292093,382,223,1
279331,365,0,0.9558483530642811,382,228,1
279345,365,0,0.9558483809146714,382,219,1
279347,365,0,0.9558469915519382,382,249,1
279372,365,0,0.9558476046862854,382,236,1
279379,365,0,0.9558473109749926,382,207,1
279380,365,0,0.9558471800073964,382,252,1
279393,365,0,0.9558488086062306,382,228,1
279405,365,0,0.9558483691621813,382,243,1
279418,365,0,0.9558465371404955,382,278,1
279432,365,0,0.9558466498681734,382,208,1
279445,365,0,0.955847771569325,382,219,1
279450,365,0,0.9558467152938513,382,243,1
279454,365,0,0.9558483850810168,382,229,1
279458,365,0,0.955847330471727,382,240,1
279471,365,0,0.955846845965276,382,221,1
279493,365,0,0.9558472455056864,382,219,1
279495,20,1,4.259814369205786,5,240,1
279497,365,0,0.955846751657414,382,214,1
279504,365,0,0.9558483075389237,382,228,1
279507,365,0,0.9558486834010896,382,211,1
279508,365,0,0.9558469530533924,382,206,1
279512,365,0,0.9558472752283792,382,202,1
279517,174,1,4.259821404236899,41,216,1
279522,365,0,0.9558479397793579,382,227,1
279564,365,0,0.9558469342434162,382,239,1
279578,365,0,0.955847144105447,382,224,1
279579,365,0,0.9558485877404528,382,203,1
279582,365,0,0.955846785649036,382,209,1
279592,365,0,0.9558466413395406,382,206,1
279595,365,0,0.9558472042483283,382,243,1
279603,365,0,0.9558470606451558,382,221,1
279606,365,0,0.9558484302767288,382,205,1
279614,365,0,0.955847040834234,382,272,1
279643,365,0,0.9558489627936974,382,216,1
279651,365,0,0.9558485923223247,382,233,1
279655,365,0,0.9558466522990503,382,237,1
279684,365,0,0.9558471984319113,382,249,1
279694,365,0,0.9558468459223406,382,271,1
279701,365,0,0.9558488721870786,382,233,1
279714,365,0,0.9558472445443149,382,208,1
279722,365,0,0.9558469247424302,382,220,1
279761,365,0,0.9558472735869958,382,242,1
279771,365,0,0.9558474753198509,382,209,1
279789,365,0,0.9558465789192904,382,259,1
279804,365,0,0.9558467511611165,382,203,1
279815,365,0,0.9558468013006955,382,207,1
279819,365,0,0.955846679559579,382,206,1
279820,365,0,0.9558468831407265,382,205,1
279829,365,0,0.9558473148660691,382,209,1
279830,365,0,0.9558466488335966,382,212,1
279837,365,0,0.9558469893396545,382,237,1
279838,365,0,0.9558471525919683,382,229,1
279887,365,0,0.9558484020692191,382,201,1
279909,365,0,0.9558469422909447,382,211,1
279919,365,0,0.9558472241439526,382,225,1
279924,365,0,0.9558486513499497,382,237,1
279929,365,0,0.9558466498362252,382,278,1
279933,365,0,0.9558467257717822,382,215,1
279936,365,0,0.9558483434206976,382,211,1
279940,365,0,0.9558472782018045,382,209,1
279942,365,0,0.955846966925803,382,259,1
279943,365,0,0.9558486418865245,382,208,1
279946,365,0,0.9558474863473314,382,212,1
279955,365,0,0.9558466811645119,382,205,1
279973,365,0,0.955847055418484,382,251,1
279994,86,1,4.2598199176315985,20,226,1
279995,365,0,0.9558485924749741,382,212,1
280031,365,0,0.9558473588616355,382,266,1
280033,365,0,0.9558472806729161,382,217,1
280062,365,0,0.9558472962107376,382,216,1
280070,365,0,0.9558474342724788,382,247,1
280105,365,0,0.9558466115104465,382,219,1
280115,365,0,0.9558473057981118,382,240,1
280142,365,0,0.9558467667463336,382,212,1
280149,365,0,0.9558486572759615,382,216,1
280155,365,0,0.9558465899996139,382,244,1
280159,365,0,0.955846574693918,382,224,1
280171,365,0,0.955846890542371,382,252,1
280176,365,0,0.9558487158086252,382,250,1
280179,365,0,0.9558471823273789,382,237,1
280187,365,0,0.9558486918160554,382,207,1
280195,365,0,0.9558473612840008,382,208,1
280207,365,0,0.9558466748261051,382,216,1
280227,365,0,0.9558470693197713,382,235,1
280229,365,0,0.9558474805880134,382,244,1
280259,365,0,0.9558473726750656,382,203,1
280269,365,0,0.9558472208664877,382,227,1
280283,365,0,0.9558474098641612,382,277,1
280285,365,0,0.955847950396181,382,205,1
280286,365,0,0.9558486030606401,382,211,1
280300,365,0,0.9558470382629084,382,248,1
280321,365,0,0.9558466170076786,382,223,1
280326,365,0,0.9558474994072185,382,208,1
280342,365,0,0.9558485824003925,382,208,1
280352,365,0,0.9558472010630034,382,209,1
280359,365,0,0.955847159630293,382,229,1
280363,365,0,0.9558470104739378,382,234,1
280367,365,0,0.9558469458805264,382,232,1
280406,365,0,0.9558472916712105,382,223,1
280408,250,1,4.259817159724431,59,216,1
280412,365,0,0.955847498553251,382,246,1
280416,365,0,0.9558469959430488,382,222,1
280424,365,0,0.955846812732419,382,211,1
280466,365,0,0.9558467898891168,382,224,1
280473,365,0,0.9558482548144113,382,241,1
280476,365,0,0.9558471611563695,382,252,1
280482,365,0,0.9558478265262735,382,217,1
280496,365,0,0.9558474512533717,382,224,1
280501,365,0,0.9558468518123452,382,205,1
280502,365,0,0.9558470505645298,382,228,1
280513,365,0,0.9558467308039055,382,219,1
280527,365,0,0.9558469254602853,382,211,1
280528,365,0,0.955847569979141,382,213,1
280542,365,0,0.955847085370748,382,242,1
280549,365,0,0.955847321901787,382,205,1
280553,365,0,0.9558471754816633,382,206,1
280560,365,0,0.9558483968582184,382,211,1
280563,365,0,0.9558472323704124,382,211,1
280573,365,0,0.9558469994841805,382,206,1
280575,365,0,0.9558466751687087,382,236,1
280597,365,0,0.9558465761387615,382,229,1
280606,365,0,0.9558485895774896,382,225,1
280617,365,0,0.9558473084375527,382,204,1
280637,365,0,0.9558476263215848,382,233,1
280638,365,0,0.9558474083085816,382,218,1
280645,365,0,0.955847508518653,382,226,1
280648,365,0,0.9558482100549386,382,238,1
280665,169,1,4.259822884347864,40,217,1
280671,365,0,0.9558466943419591,382,224,1
280678,365,0,0.9558469465767974,382,206,1
280685,365,0,0.9558471701112372,382,214,1
280717,365,0,0.9558472457659394,382,213,1
280718,365,0,0.9558473289329915,382,202,1
280727,365,0,0.9558467154008623,382,206,1
280731,365,0,0.9558469124075354,382,213,1
280751,365,0,0.9558469089863771,382,219,1
280753,256,1,4.25982107682204,60,225,1
280758,365,0,0.955847096785271,382,225,1
280767,365,0,0.9558486824720521,382,223,1
280787,365,0,0.955848767816099,382,229,1
280797,365,0,0.9558484495081707,382,211,1
280807,365,0,0.9558483355976982,382,237,1
280829,365,0,0.9558477258397137,382,236,1
280839,365,0,0.9558469124301308,382,234,1
280861,365,0,0.95584878399078,382,208,1
280863,365,0,0.9558468285539594,382,216,1
280890,365,0,0.9558466427212564,382,224,1
280905,365,0,0.95584676413677,382,210,1
280908,365,0,0.955848262790385,382,239,1
280918,247,1,4.259814847645746,58,217,1
280921,365,0,0.9558471921194537,382,248,1
280924,365,0,0.9558472139534323,382,206,1
280932,365,0,0.9558467400668198,382,216,1
280937,365,0,0.9558470729550124,382,234,1
280953,365,0,0.9558464780825845,382,212,1
280965,365,0,0.9558472066057631,382,219,1
280980,365,0,0.9558488116114626,382,208,1
280988,365,0,0.955847069268706,382,243,1
281009,365,0,0.9558484594106028,382,213,1
281013,365,0,0.9558474461793401,382,216,1
281040,365,0,0.9558485553712535,382,208,1
281042,365,0,0.955847366981129,382,205,1
281043,365,0,0.9558472670833139,382,219,1
281050,365,0,0.9558465860946448,382,237,1
281052,365,0,0.9558471727388176,382,210,1
281055,365,0,0.9558469171544253,382,213,1
281094,365,0,0.9558469058933381,382,211,1
281119,365,0,0.9558468018216398,382,264,1
281124,365,0,0.9558473893536918,382,222,1
281132,365,0,0.9558470316973502,382,220,1
281147,365,0,0.9558486139698622,382,207,1
281153,365,0,0.9558473132869542,382,220,1
281155,365,0,0.9558472219408818,382,228,1
281168,365,0,0.9558473536323612,382,277,1
281177,365,0,0.9558468134404673,382,224,1
281215,365,0,0.95584729760632,382,209,1
281223,365,0,0.9558472052840182,382,202,1
281225,365,0,0.9558472268465499,382,246,1
281226,67,1,4.259819477140971,16,235,1
281243,365,0,0.95584847966721,382,207,1
281250,365,0,0.9558469015109825,382,207,1
281276,365,0,0.9558468801722535,382,226,1
281279,365,0,0.955847324521563,382,238,1
281280,365,0,0.9558472925105365,382,237,1
281282,365,0,0.9558470132451159,382,269,1
281324,365,0,0.9558470366614025,382,234,1
281326,107,1,4.25981959531459,25,212,1
281351,365,0,0.9558470808860438,382,217,1
281386,365,0,0.9558468317484272,382,247,1
281396,365,0,0.9558470961833049,382,268,1
281410,365,0,0.9558466899118223,382,219,1
281421,365,0,0.9558473341286855,382,280,1
281468,365,0,0.9558472210330687,382,209,1
281480,365,0,0.9558471045861999,382,248,1
281484,365,0,0.9558484779216928,382,208,1
281495,365,0,0.9558466558875549,382,207,1
281501,365,0,0.9558474116142878,382,221,1
281510,365,0,0.9558470138201492,382,247,1
281512,365,0,0.955846783417614,382,249,1
281523,365,0,0.9558472149070917,382,223,1
281531,365,0,0.9558467871174308,382,249,1
281536,365,0,0.9558468325432581,382,208,1
281541,365,0,0.9558472256796946,382,219,1
281544,299,1,4.259821518357912,70,234,1
281554,365,0,0.9558472265088759,382,270,1
281583,365,0,0.9558470479937426,382,230,1
281584,365,0,0.9558468095966255,382,211,1
281590,365,0,0.9558471795000884,382,239,1
281600,365,0,0.9558482665835075,382,218,1
281601,365,0,0.9558469860894775,382,205,1
281605,365,0,0.9558471018921875,382,252,1
281613,365,0,0.9558469577521095,382,222,1
281615,365,0,0.9558487612994709,382,239,1
281621,365,0,0.9558489208505383,382,216,1
281630,365,0,0.9558465770626134,382,213,1
281634,365,0,0.9558469602279357,382,244,1
281746,365,0,0.9558469310774657,382,216,1
281749,365,0,0.9558487780946708,382,201,1
281776,365,0,0.9558486976397689,382,222,1
281810,365,0,0.9558470180570597,382,265,1
281825,365,0,0.9558465314987129,382,273,1
281834,365,0,0.9558479773594902,382,213,1
281841,365,0,0.9558465803909303,382,211,1
281854,365,0,0.9558469288553973,382,229,1
281863,365,0,0.9558466619815909,382,223,1
281864,365,0,0.9558471748459798,382,212,1
281869,365,0,0.9558483911681225,382,203,1
281872,365,0,0.9558474403394718,382,211,1
281891,365,0,0.9558473541889936,382,202,1
281895,365,0,0.9558485146173393,382,213,1
281896,365,0,0.9558465603004838,382,209,1
281900,365,0,0.9558485759126767,382,210,1
281901,365,0,0.9558469955490347,382,246,1
281931,365,0,0.9558470226745898,382,241,1
281935,365,0,0.9558472944021144,382,211,1
281936,358,1,4.259821400233421,84,210,1
281938,365,0,0.9558470380344075,382,212,1
281945,365,0,0.9558478089042878,382,207,1
281952,365,0,0.9558486450101803,382,221,1
281960,365,0,0.9558471494735656,382,210,1
281962,365,0,0.9558467749178579,382,262,1
281983,9,1,4.259821177467314,2,218,1
281988,365,0,0.9558466083337462,382,227,1
281999,365,0,0.9558466398517445,382,253,1
282000,365,0,0.9558467406535894,382,239,1
282005,365,0,0.9558470474358056,382,213,1
282017,365,0,0.9558465196569562,382,245,1
282022,365,0,0.9558475298725999,382,218,1
282024,365,0,0.955847428423337,382,219,1
282042,365,0,0.9558467826445317,382,234,1
282052,365,0,0.9558470308989577,382,249,1
282056,365,0,0.9558473956333581,382,234,1
282059,200,1,4.259821207734541,47,203,1
282117,365,0,0.9558469401741971,382,204,1
282122,365,0,0.9558472486309859,382,216,1
282136,365,0,0.9558487356241435,382,205,1
282137,365,0,0.9558474384565315,382,216,1
282141,365,0,0.9558473018600707,382,228,1
282157,365,0,0.9558467666937854,382,217,1
282161,365,0,0.9558473787875169,382,205,1
282165,365,0,0.9558478184367356,382,232,1
282182,365,0,0.9558466181132454,382,240,1
282183,365,0,0.9558488431031196,382,217,1
282199,365,0,0.9558479194083208,382,209,1
282205,365,0,0.9558473501334205,382,210,1
282231,365,0,0.9558486427248645,382,230,1
282236,365,0,0.9558477611175771,382,217,1
282247,365,0,0.9558487740147982,382,232,1
282259,365,0,0.955847264271939,382,219,1
282280,352,1,4.259821272886338,83,218,1
282285,365,0,0.9558475292744866,382,226,1
282308,365,0,0.9558465452214274,382,249,1
282315,365,0,0.955847244082661,382,221,1
282334,365,0,0.9558487476287421,382,205,1
282389,365,0,0.9558470428898753,382,217,1
282390,365,0,0.9558472045607727,382,215,1
282400,365,0,0.9558470522998186,382,210,1
282448,365,0,0.9558469294711632,382,269,1
282454,365,0,0.955847167949323,382,204,1
282483,365,0,0.9558475174583217,382,240,1
282520,365,0,0.9558470331509114,382,205,1
282525,365,0,0.9558473787069207,382,234,1
282554,365,0,0.9558484512700168,382,226,1
282560,365,0,0.9558471814054718,382,234,1
282563,365,0,0.9558472444220283,382,241,1
282583,365,0,0.9558470213928542,382,232,1
282584,365,0,0.9558468024915439,382,241,1
282601,365,0,0.9558466273998979,382,247,1
282618,365,0,0.9558466746536661,382,204,1
282629,365,0,0.9558471018831731,382,258,1
282646,365,0,0.9558466455541945,382,209,1
282657,365,0,0.9558487851471825,382,220,1
282664,365,0,0.9558487209900645,382,215,1
282665,365,0,0.9558486715767824,382,205,1
282671,365,0,0.9558470660075663,382,216,1
282679,365,0,0.9558489062223602,382,225,1
282702,365,0,0.9558474286302018,382,213,1
282706,365,0,0.9558469898595519,382,218,1
282721,365,0,0.95584751979573,382,215,1
282724,365,0,0.955847198580958,382,233,1
282740,365,0,0.9558470218457897,382,207,1
282752,365,0,0.9558486916989024,382,219,1
282795,365,0,0.9558470171177665,382,246,1
282809,365,0,0.9558471460550677,382,248,1
282815,365,0,0.9558473064841532,382,227,1
282824,365,0,0.9558472572095653,382,208,1
282853,365,0,0.9558467936851314,382,208,1
282859,365,0,0.9558486108525064,382,204,1
282864,365,0,0.9558470075568084,382,279,1
282868,365,0,0.9558473469706213,382,205,1
282878,365,0,0.9558473287805975,382,209,1
282891,365,0,0.9558472161128944,382,244,1
282912,365,0,0.9558470419705228,382,225,1
282913,365,0,0.9558488392068634,382,237,1
282916,365,0,0.955847280353023,382,203,1
282940,365,0,0.9558464726716859,382,224,1
282949,365,0,0.9558481512368613,382,214,1
282964,365,0,0.9558465155363585,382,225,1
282973,365,0,0.9558471745347187,382,203,1
282992,365,0,0.955847230293811,382,217,1
282993,365,0,0.9558479693849327,382,244,1
283024,365,0,0.9558472279302123,382,227,1
283057,365,0,0.9558468379318634,382,215,1
283065,365,0,0.955846913099126,382,251,1
283072,365,0,0.9558481035737151,382,216,1
283076,365,0,0.9558473284524653,382,264,1
283081,365,0,0.9558484536565518,382,220,1
283098,365,0,0.9558471522753613,382,224,1
283120,365,0,0.9558472345267297,382,233,1
283129,365,0,0.9558486074124604,382,228,1
283144,211,1,4.259819487865513,50,228,1
283154,365,0,0.955846582711358,382,222,1
283157,365,0,0.9558472509620018,382,213,1
283192,365,0,0.9558473777251472,382,220,1
283198,365,0,0.9558471461849708,382,219,1
283212,365,0,0.9558468470533916,382,233,1
283217,365,0,0.9558483636125311,382,244,1
283218,365,0,0.9558465207931689,382,203,1
283222,365,0,0.9558471866063305,382,235,1
283225,365,0,0.9558472550660113,382,211,1
283226,365,0,0.9558466501726232,382,221,1
283277,74,1,4.259821997729627,17,213,1
283282,365,0,0.9558471190728673,382,229,1
283318,365,0,0.9558482828923249,382,213,1
283323,365,0,0.9558483345690686,382,225,1
283339,365,0,0.9558470669606266,382,255,1
283345,365,0,0.9558468333911911,382,219,1
283347,365,0,0.9558480607175474,382,228,1
283353,365,0,0.9558471073764322,382,223,1
283357,365,0,0.9558484111954515,382,227,1
283360,365,0,0.9558473682645466,382,208,1
283383,365,0,0.9558473123099986,382,224,1
283385,365,0,0.9558471011979527,382,262,1
283389,365,0,0.9558487845724584,382,211,1
283437,365,0,0.9558472067714748,382,230,1
283448,365,0,0.9558464715702112,382,204,1
283471,365,0,0.9558473675342433,382,211,1
283476,365,0,0.9558475898669155,382,209,1
283497,365,0,0.9558471748567311,382,238,1
283501,365,0,0.9558487281270943,382,206,1
283514,365,0,0.9558469837641378,382,233,1
283528,365,0,0.9558467892462769,382,224,1
283540,365,0,0.9558478490424674,382,203,1
283550,365,0,0.9558489169717591,382,215,1
283557,285,1,4.259819904319553,67,215,1
283577,365,0,0.9558468544990282,382,211,1
283600,365,0,0.955848779421545,382,208,1
283606,365,0,0.9558476409181772,382,266,1
283626,365,0,0.9558479986643924,382,208,1
283630,365,0,0.955846598896607,382,239,1
283634,365,0,0.9558467111981288,382,268,1
283638,365,0,0.9558483651691462,382,233,1
283652,365,0,0.9558466437009808,382,248,1
283660,365,0,0.9558473825925001,382,218,1
283694,365,0,0.9558468996613521,382,226,1
283732,365,0,0.9558473199945365,382,237,1
283745,21,1,4.259811527583986,5,234,1
283776,365,0,0.9558470633473048,382,229,1
283778,365,0,0.9558472562705287,382,216,1
283781,365,0,0.9558473179336753,382,212,1
283784,365,0,0.9558485115692009,382,238,1
283786,365,0,0.9558473717843857,382,228,1
283817,365,0,0.9558468243394738,382,262,1
283831,365,0,0.9558471195371341,382,214,1
283833,365,0,0.9558473695081123,382,212,1
283838,365,0,0.9558466745174286,382,213,1
283857,365,0,0.9558470902143604,382,221,1
283861,365,0,0.9558473287360806,382,262,1
283866,365,0,0.9558480563172053,382,221,1
283872,365,0,0.955847264706767,382,233,1
283875,365,0,0.955846561535289,382,265,1
283878,365,0,0.9558471170507908,382,259,1
283879,365,0,0.955846497304413,382,215,1
283889,365,0,0.9558468653152956,382,216,1
283898,365,0,0.9558472430739653,382,204,1
283900,365,0,0.9558472595182737,382,220,1
283902,365,0,0.9558469704867637,382,207,1
283906,365,0,0.955848264763605,382,227,1
283921,365,0,0.955848306701556,382,219,1
283922,197,1,4.259821696016248,46,222,1
283928,365,0,0.9558487258021725,382,213,1
283929,365,0,0.9558474566500849,382,244,1
283981,365,0,0.9558487604073314,382,215,1
284014,365,0,0.9558468841307283,382,218,1
284034,365,0,0.9558473560078687,382,218,1
284046,365,0,0.9558465208146598,382,230,1
284064,365,0,0.9558471926407482,382,213,1
284065,365,0,0.9558468932880831,382,204,1
284067,365,0,0.9558469847676567,382,247,1
284080,365,0,0.9558470177604366,382,242,1
284088,365,0,0.9558465168227891,382,251,1
284099,365,0,0.9558471405655605,382,217,1
284101,365,0,0.9558471045844116,382,220,1
284121,365,0,0.9558467363217248,382,212,1
284123,365,0,0.9558482268651474,382,230,1
284128,365,0,0.9558489049835068,382,223,1
284157,365,0,0.9558467027792439,382,206,1
284161,365,0,0.9558488356735527,382,216,1
284184,365,0,0.9558467285296225,382,215,1
284190,365,0,0.9558475728000438,382,233,1
284193,365,0,0.955846596824036,382,260,1
284205,365,0,0.9558470492240279,382,243,1
284213,365,0,0.9558487241806668,382,217,1
284235,365,0,0.9558464580524496,382,226,1
284269,365,0,0.9558470590967196,382,260,1
284276,365,0,0.9558466761323885,382,223,1
284299,365,0,0.9558476180761148,382,208,1
284310,365,0,0.9558468046211502,382,236,1
284316,365,0,0.9558466758783256,382,211,1
284328,365,0,0.9558471204015705,382,211,1
284331,365,0,0.9558469076207669,382,248,1
284339,365,0,0.9558486519391144,382,218,1
284345,365,0,0.9558474272796738,382,205,1
284350,365,0,0.9558470669708509,382,230,1
284382,325,1,4.259813649100139,76,234,1
284400,365,0,0.955847387317241,382,232,1
284407,365,0,0.9558472914493606,382,212,1
284408,365,0,0.9558468340142251,382,218,1
284417,365,0,0.95584821435489,382,215,1
284424,365,0,0.9558466133609863,382,210,1
284450,365,0,0.9558471822192817,382,236,1
284456,365,0,0.9558472216865186,382,260,1
284468,365,0,0.9558468950758214,382,209,1
284478,365,0,0.9558483344174846,382,247,1
284480,365,0,0.9558471804214536,382,226,1
284482,365,0,0.9558474708835023,382,239,1
284494,365,0,0.9558471484534369,382,274,1
284499,310,1,4.259820641808798,73,237,1
284504,365,0,0.9558465218084032,382,269,1
284507,365,0,0.9558474839984489,382,232,1
284517,365,0,0.9558469197979904,382,226,1
284558,365,0,0.955847299252911,382,252,1
284562,365,0,0.9558473043511271,382,210,1
284564,365,0,0.9558487698910529,382,206,1
284574,365,0,0.9558474551571617,382,212,1
284581,365,0,0.9558468349567752,382,225,1
284586,365,0,0.9558467096467178,382,222,1
284587,365,0,0.9558486820248662,382,215,1
284593,365,0,0.9558467129052046,382,224,1
284609,365,0,0.9558474834925481,382,211,1
284619,365,0,0.9558481526065994,382,205,1
284623,365,0,0.9558465499516919,382,216,1
284639,365,0,0.9558471555417659,382,229,1
284644,365,0,0.9558465552002288,382,242,1
284647,297,1,4.259819369144351,70,227,1
284658,365,0,0.9558466040535146,382,205,1
284660,365,0,0.955847180258456,382,247,1
284687,365,0,0.9558487541139732,382,203,1
284699,365,0,0.9558474182343287,382,242,1
284709,365,0,0.9558471877917138,382,235,1
284727,358,1,4.2598208250917855,84,207,1
284739,365,0,0.9558469546582437,382,267,1
284748,365,0,0.9558474073404966,382,231,1
284762,365,0,0.9558472205691074,382,211,1
284765,365,0,0.9558470968862572,382,219,1
284781,365,0,0.955848029229487,382,229,1
284789,365,0,0.9558488488064888,382,205,1
284796,365,0,0.9558467696397959,382,207,1
284804,365,0,0.9558474371516842,382,252,1
284850,365,0,0.9558473204921848,382,210,1
284857,365,0,0.9558484294086916,382,221,1
284877,365,0,0.9558486714982666,382,213,1
284892,365,0,0.9558471419297271,382,241,1
284895,365,0,0.9558468539006671,382,209,1
284918,365,0,0.9558472258005376,382,206,1
284937,365,0,0.9558489302032926,382,204,1
284962,365,0,0.9558467842121696,382,212,1
284964,365,0,0.9558472427815449,382,205,1
284968,365,0,0.9558474199786118,382,267,1
284974,365,0,0.9558483189991913,382,206,1
284976,365,0,0.9558472326171302,382,209,1
284979,365,0,0.9558480602046646,382,216,1
284981,365,0,0.9558471176420753,382,211,1
284994,365,0,0.9558470619801076,382,249,1
284998,365,0,0.9558479248625905,382,203,1
285005,365,0,0.9558470207301918,382,228,1
285006,365,0,0.9558473720016556,382,213,1
285014,365,0,0.9558469388566704,382,203,1
285020,365,0,0.9558466197992248,382,252,1
285031,365,0,0.9558467018744408,382,202,1
285046,365,0,0.955846961638042,382,206,1
285054,365,0,0.9558469398681331,382,267,1
285072,365,0,0.955847221576312,382,208,1
285074,365,0,0.9558465081202512,382,222,1
285083,365,0,0.9558486963897094,382,203,1
285093,365,0,0.955848983737995,382,204,1
285115,365,0,0.9558471533144205,382,233,1
285142,365,0,0.95584660062599,382,226,1
285143,365,0,0.9558470472373088,382,248,1
285164,365,0,0.9558475822352239,382,220,1
285184,170,1,4.259815176210438,40,218,1
285188,365,0,0.9558471888698568,382,215,1
285189,365,0,0.955847735687953,382,220,1
285197,365,0,0.955848740033458,382,239,1
285219,365,0,0.9558479594112829,382,228,1
285220,365,0,0.9558488038420891,382,218,1
285274,365,0,0.9558467855493612,382,211,1
285300,365,0,0.9558471560364601,382,235,1
285306,365,0,0.9558474579766719,382,251,1
285350,365,0,0.9558467689537017,382,252,1
285368,365,0,0.955848688431548,382,204,1
285376,365,0,0.9558476071377595,382,235,1
285377,365,0,0.9558474290054264,382,206,1
285380,365,0,0.9558484602660815,382,221,1
285402,365,0,0.9558469024409567,382,227,1
285421,365,0,0.9558467345242201,382,230,1
285498,365,0,0.9558470968379421,382,220,1
285503,365,0,0.9558468342945945,382,208,1
285575,86,1,4.259813598914448,20,247,1
285576,365,0,0.9558468108120176,382,211,1
285595,365,0,0.955846857766763,382,202,1
285629,365,0,0.9558468441611088,382,272,1
285649,365,0,0.9558475030703195,382,213,1
285696,365,0,0.9558472398588467,382,221,1
285713,365,0,0.9558467631783942,382,249,1
285717,365,0,0.9558469116116247,382,230,1
285734,365,0,0.955846775162025,382,222,1
285782,365,0,0.9558467615539898,382,225,1
285788,365,0,0.9558469612947003,382,227,1
285799,365,0,0.9558472090457394,382,220,1
285872,365,0,0.9558467351567062,382,248,1
285900,365,0,0.9558474485292401,382,252,1
285921,365,0,0.9558471239834019,382,219,1
285922,365,0,0.955847388915297,382,238,1
285926,365,0,0.9558465675876523,382,211,1
285928,365,0,0.9558472169043806,382,230,1
285946,365,0,0.9558486554444795,382,213,1
285975,365,0,0.9558473061369305,382,212,1
285984,200,1,4.259821501110831,47,219,1
285987,235,1,4.259813539740153,55,234,1
285999,365,0,0.9558473420549379,382,230,1
286015,365,0,0.9558469498180004,382,207,1
286029,365,0,0.9558486767670596,382,206,1
286032,365,0,0.9558466419712314,382,251,1
286034,365,0,0.9558487186336149,382,204,1
286063,365,0,0.9558468863794186,382,220,1
286092,365,0,0.9558467885663321,382,224,1
286105,365,0,0.9558468234778158,382,206,1
286106,365,0,0.9558472905238756,382,206,1
286137,365,0,0.9558471381600305,382,207,1
286139,256,1,4.259815261826057,60,219,1
286141,365,0,0.9558468720244829,382,231,1
286150,365,0,0.9558466684178557,382,223,1
286156,365,0,0.9558470705184285,382,224,1
286162,365,0,0.9558467157815672,382,275,1
286165,365,0,0.9558467402413041,382,243,1
286171,365,0,0.9558465899720137,382,215,1
286181,365,0,0.9558473738951426,382,209,1
286193,365,0,0.9558486432734298,382,212,1
286206,365,0,0.9558471241202824,382,237,1
286211,365,0,0.9558466056884329,382,230,1
286219,365,0,0.9558470153526276,382,248,1
286222,365,0,0.9558474228506656,382,213,1
286225,365,0,0.9558474222985868,382,232,1
286234,365,0,0.9558468162237388,382,213,1
286246,365,0,0.955847388756565,382,220,1
286251,365,0,0.9558471226768563,382,217,1
286256,365,0,0.95584658495144,382,215,1
286264,365,0,0.9558469388145552,382,252,1
286286,365,0,0.9558472622275438,382,246,1
286293,365,0,0.9558473432729794,382,222,1
286305,365,0,0.9558467226717782,382,212,1
286326,365,0,0.9558473324046388,382,210,1
286329,365,0,0.9558469305073533,382,210,1
286331,365,0,0.9558479814175308,382,208,1
286341,365,0,0.955846530131536,382,214,1
286349,365,0,0.9558475444675516,382,243,1
286364,365,0,0.9558469191338295,382,221,1
286369,365,0,0.9558469086802059,382,240,1
286370,365,0,0.955846706767739,382,219,1
286376,365,0,0.9558473133248189,382,232,1
286419,365,0,0.9558469330422428,382,270,1
286421,365,0,0.9558469403224311,382,221,1
286431,365,0,0.9558484379074935,382,201,1
286444,365,0,0.9558471945936426,382,235,1
286465,365,0,0.9558482479797404,382,248,1
286475,365,0,0.9558472813133024,382,221,1
286476,365,0,0.9558488887940111,382,238,1
286479,365,0,0.9558469469264013,382,210,1
286500,338,1,4.259813097448983,79,230,1
286503,365,0,0.9558472135565057,382,226,1
286528,365,0,0.9558465998681549,382,221,1
286532,365,0,0.9558466933739979,382,252,1
286543,365,0,0.955847090653448,382,246,1
286564,365,0,0.9558489716247902,382,221,1
286583,365,0,0.9558471749098265,382,214,1
286587,365,0,0.9558468557930911,382,218,1
286592,365,0,0.9558484407980194,382,208,1
286601,365,0,0.9558473489734884,382,219,1
286604,365,0,0.955847175173583,382,218,1
286606,365,0,0.9558468849115277,382,208,1
286616,365,0,0.9558472228171494,382,224,1
286623,365,0,0.9558474221521532,382,244,1
286666,365,0,0.9558482595065695,382,244,1
286689,179,1,18.984259802023963,9,224,1
286694,365,0,0.9558487406404588,382,236,1
286700,365,0,0.9558472116543422,382,247,1
286708,365,0,0.9558471392377464,382,222,1
286724,365,0,0.9558468895462301,382,249,1
286731,365,0,0.9558471091452233,382,233,1
286757,310,1,4.259818011322462,73,208,1
286763,365,0,0.9558468514020028,382,209,1
286764,365,0,0.9558471534925778,382,232,1
286765,278,1,4.259813755563938,65,226,1
286767,365,0,0.9558470258112518,382,218,1
286768,365,0,0.9558469730618901,382,242,1
286773,365,0,0.9558464929530428,382,250,1
286779,365,0,0.955847252369823,382,219,1
286780,365,0,0.955846911059423,382,217,1
286793,365,0,0.9558469989722682,382,247,1
286796,365,0,0.9558472993761449,382,212,1
286802,365,0,0.9558468549353467,382,208,1
286803,365,0,0.9558465649492653,382,207,1
286822,365,0,0.9558470293125982,382,272,1
286839,365,0,0.9558470120650439,382,226,1
286843,365,0,0.9558469360560441,382,251,1
286862,365,0,0.9558468784553884,382,213,1
286898,365,0,0.9558472766955626,382,219,1
286903,365,0,0.9558472725470817,382,223,1
286917,365,0,0.955847013230008,382,218,1
286937,365,0,0.9558466226309412,382,217,1
286950,365,0,0.9558473832887999,382,218,1
286952,365,0,0.9558470437113529,382,222,1
286962,365,0,0.9558471713647001,382,247,1
286968,365,0,0.9558475894890076,382,211,1
286994,365,0,0.9558471984230862,382,231,1
287001,365,0,0.9558467667042392,382,222,1
287010,365,0,0.9558474604828167,382,235,1
287038,365,0,0.9558491473182992,382,225,1
287045,365,0,0.9558476634708378,382,214,1
287047,365,0,0.9558466531044414,382,205,1
287055,365,0,0.9558465091289393,382,220,1
287057,365,0,0.955846484303892,382,226,1
287082,365,0,0.9558471865433886,382,242,1
287095,365,0,0.9558466856987281,382,228,1
287102,365,0,0.9558468045707079,382,251,1
287116,215,1,4.2598220534405264,50,207,1
287134,365,0,0.9558472906534571,382,217,1
287137,93,1,4.259817475028324,22,215,1
287141,42,1,4.25982060589579,10,211,1
287146,365,0,0.9558469744889309,382,202,1
287156,365,0,0.9558467294125876,382,205,1
287157,365,0,0.9558471067143651,382,233,1
287161,365,0,0.9558467569559844,382,230,1
287167,365,0,0.9558467804926919,382,222,1
287172,365,0,0.9558474346224356,382,220,1
287185,365,0,0.9558466567175878,382,250,1
287201,365,0,0.9558483902060673,382,229,1
287206,365,0,0.9558467911545353,382,207,1
287214,365,0,0.9558468005762986,382,202,1
287234,365,0,0.9558475106823382,382,211,1
287245,365,0,0.9558486706999069,382,209,1
287255,365,0,0.9558468676797945,382,217,1
287260,365,0,0.9558484196778363,382,211,1
287268,365,0,0.9558468597166682,382,271,1
287269,365,0,0.9558465784146407,382,225,1
287272,365,0,0.9558466521269888,382,216,1
287273,365,0,0.9558466471725205,382,212,1
287288,365,0,0.9558470131251722,382,249,1
287295,365,0,0.955847351631261,382,208,1
287328,365,0,0.9558469572634103,382,219,1
287333,365,0,0.9558468526879237,382,204,1
287348,365,0,0.9558468209042849,382,271,1
287375,365,0,0.9558488345195386,382,239,1
287390,365,0,0.9558465533173054,382,243,1
287392,365,0,0.9558472389590299,382,223,1
287423,365,0,0.9558466403141695,382,219,1
287451,365,0,0.9558483814534728,382,223,1
287452,365,0,0.955847225669281,382,210,1
287472,365,0,0.9558465556581521,382,240,1
287478,365,0,0.9558466910343846,382,210,1
287500,365,0,0.9558467031104156,382,208,1
287527,365,0,0.9558466780913699,382,229,1
287530,365,0,0.9558468221139504,382,206,1
287544,365,0,0.9558473729260906,382,238,1
287547,365,0,0.955846551861175,382,225,1
287574,365,0,0.9558466973785691,382,204,1
287631,365,0,0.9558467602681305,382,216,1
287632,365,0,0.9558467668768373,382,221,1
287636,365,0,0.9558465719261671,382,215,1
287665,365,0,0.9558486662253737,382,219,1
287695,365,0,0.9558468285416724,382,204,1
287700,365,0,0.9558466011240293,382,205,1
287706,365,0,0.9558465336361427,382,269,1
287726,365,0,0.9558466878475569,382,212,1
287746,365,0,0.9558468767580363,382,214,1
287762,365,0,0.9558470301714919,382,234,1
287769,365,0,0.9558466464779178,382,228,1
287772,365,0,0.9558473056004058,382,210,1
287783,365,0,0.9558487623315237,382,210,1
287784,365,0,0.9558466862522131,382,226,1
287805,365,0,0.9558469467119114,382,211,1
287817,365,0,0.9558472686031089,382,221,1
287823,365,0,0.9558467642109287,382,211,1
287826,365,0,0.9558466190401164,382,225,1
287846,365,0,0.9558469372281604,382,215,1
287878,365,0,0.9558485305557529,382,213,1
287892,365,0,0.9558466069581599,382,218,1
287924,365,0,0.955846716629269,382,222,1
287926,365,0,0.9558487066303364,382,215,1
287932,365,0,0.9558465363393712,382,275,1
287945,365,0,0.9558466278020791,382,211,1
287947,365,0,0.9558488139639593,382,213,1
287954,365,0,0.9558468360496872,382,227,1
287956,365,0,0.9558468035137366,382,220,1
287958,365,0,0.9558484782842124,382,226,1
287960,365,0,0.9558466098539534,382,209,1
287966,365,0,0.955847270765267,382,242,1
287973,365,0,0.9558465857523367,382,211,1
287980,365,0,0.955849806322549,382,203,1
287982,365,0,0.9558465463179893,382,210,1
288006,365,0,0.9558467276535177,382,227,1
288044,365,0,0.9558465911349835,382,214,1
288061,365,0,0.9558486223668422,382,237,1
288073,365,0,0.9558473488332495,382,249,1
288074,365,0,0.9558473930333679,382,243,1
288088,365,0,0.9558485831419715,382,207,1
288100,365,0,0.9558466686708337,382,222,1
288112,365,0,0.955847114981539,382,247,1
288132,365,0,0.9558467642508787,382,214,1
288139,365,0,0.9558465399737336,382,240,1
288140,365,0,0.9558466095374593,382,224,1
288141,365,0,0.9558466156574552,382,222,1
288148,365,0,0.9558472105347505,382,228,1
288154,365,0,0.9558466400159925,382,219,1
288175,365,0,0.9558472066850353,382,258,1
288181,365,0,0.9558474057651781,382,223,1
288186,365,0,0.9558472768191507,382,228,1
288193,365,0,0.9558469662955025,382,203,1
288220,365,0,0.95584811371827,382,206,1
288233,365,0,0.9558469687609072,382,204,1
288248,365,0,0.9558473227860982,382,252,1
288260,365,0,0.9558469889744651,382,205,1
288294,365,0,0.9558465873917762,382,254,1
288296,365,0,0.9558465699787205,382,211,1
288302,365,0,0.9558466594930248,382,218,1
288305,365,0,0.9558487760846699,382,228,1
288319,365,0,0.9558470120227827,382,216,1
288349,365,0,0.955848424713658,382,221,1
288352,365,0,0.9558487155057864,382,220,1
288366,365,0,0.9558465295023502,382,253,1
288367,365,0,0.9558471045113134,382,233,1
288376,365,0,0.9558465571033501,382,271,1
288385,365,0,0.9558465731210923,382,239,1
288390,365,0,0.9558488307086811,382,211,1
288441,365,0,0.9558466819591324,382,204,1
288444,365,0,0.9558475504959241,382,208,1
288477,365,0,0.9558469331590008,382,204,1
288483,365,0,0.9558465785381042,382,202,1
288486,365,0,0.9558467422715579,382,212,1
288488,365,0,0.9558466749386385,382,215,1
288510,365,0,0.9558476469948821,382,243,1
288523,365,0,0.9558466761504405,382,207,1
288529,365,0,0.9558471718967372,382,232,1
288531,365,0,0.9558468243397056,382,220,1
288592,365,0,0.9558474002433602,382,228,1
288594,365,0,0.9558486900836001,382,248,1
288621,365,0,0.955847585195592,382,213,1
288625,365,0,0.9558468184931035,382,214,1
288631,365,0,0.9558470385121032,382,210,1
288638,365,0,0.9558472624344375,382,225,1
288641,365,0,0.9558471150306664,382,227,1
288642,365,0,0.9558470433106523,382,246,1
288650,365,0,0.9558473293715812,382,241,1
288665,365,0,0.955848414856645,382,203,1
288670,365,0,0.9558465984989771,382,217,1
288671,365,0,0.955846613349601,382,214,1
288674,365,0,0.9558486252987861,382,239,1
288676,365,0,0.955847114754471,382,210,1
288703,365,0,0.9558484630274399,382,211,1
288729,365,0,0.955846939007679,382,210,1
288746,365,0,0.9558487339823216,382,216,1
288794,365,0,0.9558468219664301,382,215,1
288798,365,0,0.9558474114655474,382,225,1
288807,365,0,0.9558465360728547,382,251,1
288811,365,0,0.9558469195164025,382,209,1
288838,365,0,0.9558466191939315,382,250,1
288855,365,0,0.9558473872583008,382,227,1
288859,365,0,0.9558471877042469,382,215,1
288875,365,0,0.9558469505608929,382,249,1
288884,365,0,0.9558468408689077,382,212,1
288896,365,0,0.9558485426062338,382,205,1
288898,365,0,0.9558465934389537,382,221,1
288908,365,0,0.9558470353818248,382,262,1
288910,365,0,0.9558489976230207,382,210,1
288913,365,0,0.9558467934387697,382,245,1
288917,365,0,0.9558472529891449,382,226,1
288941,365,0,0.9558467969215847,382,206,1
288942,205,1,4.25981305877126,48,249,1
288962,365,0,0.9558471190284602,382,234,1
288992,365,0,0.9558486846606302,382,220,1
288996,365,0,0.9558486837241668,382,212,1
288997,365,0,0.955847704749584,382,244,1
289006,365,0,0.9558468933551676,382,213,1
289019,365,0,0.9558471789724466,382,224,1
289040,365,0,0.9558466823217718,382,232,1
289047,365,0,0.9558471133042288,382,272,1
289059,365,0,0.9558465523482036,382,206,1
289086,365,0,0.9558479008756522,382,272,1
289088,365,0,0.9558473043769694,382,208,1
289098,365,0,0.9558478375771775,382,222,1
289113,365,0,0.9558486911214034,382,218,1
289126,365,0,0.9558482815207487,382,220,1
289127,365,0,0.955848694676898,382,205,1
289149,365,0,0.9558471391643917,382,252,1
289154,365,0,0.9558471595226911,382,218,1
289168,365,0,0.9558472819489574,382,213,1
289180,365,0,0.9558468050715074,382,215,1
289190,365,0,0.9558468446298434,382,223,1
289203,365,0,0.9558471347759564,382,247,1
289214,365,0,0.9558487926202858,382,208,1
289215,365,0,0.9558467867094403,382,226,1
289247,365,0,0.9558472482316962,382,226,1
289256,365,0,0.9558484179979037,382,203,1
289258,365,0,0.9558472958864599,382,215,1
289260,365,0,0.9558472366466226,382,232,1
289263,365,0,0.955847307042895,382,212,1
289275,365,0,0.9558470631042522,382,210,1
289278,365,0,0.9558470028859106,382,231,1
289284,365,0,0.955847068357066,382,221,1
289293,241,1,4.259819953054027,57,208,1
289307,365,0,0.955846648830363,382,241,1
289312,365,0,0.955847534243797,382,227,1
289313,21,1,4.259821903434982,5,224,1
289316,365,0,0.9558468610362432,382,208,1
289327,365,0,0.9558474561048027,382,218,1
289338,365,0,0.9558468048688885,382,214,1
289350,365,0,0.9558472386563701,382,249,1
289355,365,0,0.955847371638537,382,227,1
289356,249,1,4.259819199605143,58,233,1
289364,365,0,0.955846771577585,382,211,1
289365,365,0,0.9558466983023599,382,213,1
289374,365,0,0.9558470416495141,382,217,1
289380,365,0,0.9558469038391372,382,204,1
289393,365,0,0.9558468798251223,382,213,1
289404,365,0,0.9558468248646904,382,203,1
289409,365,0,0.9558474622407075,382,202,1
289413,365,0,0.9558472755848422,382,222,1
289421,365,0,0.9558474327338845,382,204,1
289424,365,0,0.9558471676351977,382,233,1
289426,365,0,0.9558471738898235,382,246,1
289470,365,0,0.9558468126037911,382,222,1
289497,365,0,0.9558465404070254,382,247,1
289501,365,0,0.9558469171099164,382,219,1
289506,365,0,0.9558468606284576,382,212,1
289582,365,0,0.9558471782523493,382,215,1
289587,365,0,0.9558470201001488,382,239,1
289590,365,0,0.9558487439702504,382,202,1
289609,365,0,0.9558465580709056,382,242,1
289611,365,0,0.955848708954932,382,232,1
289613,365,0,0.9558473124769412,382,225,1
289614,365,0,0.9558470795260096,382,205,1
289621,365,0,0.9558486426148309,382,218,1
289663,365,0,0.9558471999929856,382,225,1
289668,365,0,0.9558473662638866,382,221,1
289709,365,0,0.9558488071120624,382,221,1
289717,365,0,0.9558485914368069,382,217,1
289733,365,0,0.9558471730284824,382,224,1
289745,365,0,0.9558471040475851,382,210,1
289749,365,0,0.9558472553379096,382,234,1
289777,365,0,0.9558472283345476,382,214,1
289780,365,0,0.9558471569392339,382,245,1
289796,365,0,0.9558474993120173,382,241,1
289808,365,0,0.9558472979292878,382,224,1
289821,365,0,0.9558465416632664,382,241,1
289836,365,0,0.9558469101247896,382,214,1
289841,365,0,0.9558486779121608,382,205,1
289849,365,0,0.9558489829704183,382,208,1
289855,365,0,0.9558466992996838,382,223,1
289857,365,0,0.9558491131627033,382,232,1
289864,365,0,0.9558467237792779,382,246,1
289865,365,0,0.9558477678426764,382,206,1
289894,365,0,0.9558484906690815,382,230,1
289904,270,1,4.2598199669216825,63,225,1
289912,365,0,0.9558481614139224,382,229,1
289925,365,0,0.9558472751122771,382,209,1
289934,365,0,0.9558470861078593,382,212,1
289937,365,0,0.9558466812870899,382,209,1
289955,365,0,0.9558471581243179,382,241,1
289973,365,0,0.9558471653614928,382,225,1
289978,365,0,0.9558469318384315,382,217,1
289988,365,0,0.9558466701215036,382,206,1
290001,365,0,0.9558467529035585,382,219,1
290009,365,0,0.9558478588079778,382,271,1
290013,365,0,0.9558468469284082,382,213,1
290070,365,0,0.9558472638506149,382,212,1
290072,365,0,0.9558470285932704,382,220,1
290112,365,0,0.9558469700449426,382,207,1
290130,365,0,0.9558490117855608,382,216,1
290132,365,0,0.9558474040745528,382,210,1
290167,365,0,0.9558470873989554,382,218,1
290207,365,0,0.9558471064904204,382,220,1
290231,365,0,0.9558478236750795,382,263,1
290245,359,1,4.259821267843388,84,218,1
290282,365,0,0.9558474476786798,382,244,1
290306,365,0,0.9558468806531444,382,203,1
290308,365,0,0.9558472279425149,382,221,1
290317,365,0,0.955847136346628,382,234,1
290328,365,0,0.9558474326498577,382,210,1
290336,365,0,0.9558492464130013,382,222,1
290355,365,0,0.9558472158049482,382,246,1
290365,365,0,0.955847367590519,382,213,1
290369,213,1,4.259821377703103,50,214,1
290372,365,0,0.9558466144536114,382,221,1
290375,365,0,0.9558483997131438,382,217,1
290388,365,0,0.9558471014335364,382,209,1
290392,365,0,0.9558469353834694,382,215,1
290418,365,0,0.9558478838183534,382,244,1
290422,365,0,0.9558485219551688,382,214,1
290424,365,0,0.9558486750529581,382,237,1
290432,365,0,0.9558472702721162,382,219,1
290436,365,0,0.9558473649554439,382,209,1
290441,365,0,0.9558469156041486,382,246,1
290442,365,0,0.9558469091213815,382,221,1
290446,365,0,0.9558472897126614,382,212,1
290459,365,0,0.9558468277293573,382,209,1
290463,365,0,0.9558468212739006,382,203,1
290480,365,0,0.9558482780586383,382,226,1
290515,365,0,0.955847262694594,382,219,1
290516,365,0,0.9558466289198791,382,242,1
290517,365,0,0.9558472254161635,382,205,1
290518,365,0,0.9558474185592017,382,229,1
290520,365,0,0.9558488738527278,382,228,1
290524,365,0,0.9558467728076703,382,238,1
290548,365,0,0.9558469448673551,382,204,1
290574,365,0,0.9558466386660053,382,236,1
290580,365,0,0.9558487473671193,382,213,1
290590,365,0,0.9558477168508027,382,236,1
290594,365,0,0.9558465964065397,382,226,1
290655,365,0,0.955847363092632,382,216,1
290676,365,0,0.9558470526204792,382,206,1
290682,365,0,0.9558472812768616,382,218,1
290707,365,0,0.955848510364985,382,218,1
290731,365,0,0.9558473244583432,382,248,1
290760,365,0,0.9558468383547549,382,203,1
290768,365,0,0.9558488135300907,382,207,1
290779,365,0,0.9558465499356794,382,218,1
290788,365,0,0.9558483710532033,382,220,1
290798,365,0,0.9558472782873633,382,211,1
290809,365,0,0.9558468295800916,382,204,1
290815,365,0,0.9558487937657295,382,207,1
290821,365,0,0.9558470474333245,382,230,1
290838,365,0,0.9558467232229392,382,209,1
290839,365,0,0.9558467423924355,382,221,1
290850,365,0,0.9558485660058014,382,210,1
290851,365,0,0.955848745126924,382,216,1
290859,365,0,0.9558487352178234,382,229,1
290870,365,0,0.955846654687011,382,248,1
290887,365,0,0.9558473530872467,382,203,1
290918,365,0,0.9558466914682113,382,226,1
290925,365,0,0.9558480952051115,382,226,1
290928,312,1,4.2598208476454795,73,207,1
290963,365,0,0.9558488135901555,382,212,1
290996,250,1,4.259819667473937,59,227,1
290997,365,0,0.9558473897376426,382,211,1
291012,365,0,0.9558473115825076,382,212,1
291015,365,0,0.9558488732212033,382,212,1
291025,365,0,0.955848900306251,382,221,1
291027,357,1,4.259821445262525,84,213,1
291030,365,0,0.9558470566744077,382,239,1
291034,365,0,0.9558468675350159,382,273,1
291049,365,0,0.9558470209134488,382,219,1
291054,365,0,0.955848339589484,382,213,1
291059,365,0,0.9558487038880764,382,237,1
291060,365,0,0.95584730348595,382,214,1
291073,365,0,0.9558465350022038,382,216,1
291081,365,0,0.9558473013140422,382,225,1
291082,365,0,0.9558471731164369,382,252,1
291088,365,0,0.9558470084093399,382,211,1
291119,47,1,4.259821758047167,11,216,1
291137,365,0,0.9558470844976406,382,268,1
291143,365,0,0.9558465531589312,382,214,1
291146,365,0,0.9558466816577641,382,223,1
291156,365,0,0.9558471041750266,382,221,1
291157,16,1,4.259819987819577,4,212,1
291159,365,0,0.9558471639120327,382,216,1
291161,365,0,0.9558472649113734,382,221,1
291162,365,0,0.9558471813908839,382,218,1
291176,365,0,0.9558472089140971,382,274,1
291177,365,0,0.9558470012983475,382,207,1
291178,365,0,0.9558473788283633,382,227,1
291191,365,0,0.955847076799343,382,223,1
291192,365,0,0.955846727446711,382,217,1
291201,214,1,4.2598212096698,50,202,1
291235,365,0,0.9558467971120123,382,208,1
291255,365,0,0.9558486738769135,382,211,1
291266,365,0,0.95584874867174,382,208,1
291278,365,0,0.955848614438999,382,211,1
291284,365,0,0.9558487359537197,382,215,1
291291,365,0,0.9558472215994323,382,228,1
291292,365,0,0.9558469885062735,382,262,1
291339,264,1,4.2598190609113376,62,219,1
291343,365,0,0.9558475653045008,382,227,1
291351,365,0,0.9558483835528688,382,224,1
291365,365,0,0.9558468270911662,382,220,1
291366,365,0,0.9558468626092127,382,258,1
291371,365,0,0.9558486938755246,382,228,1
291385,365,0,0.9558489093636783,382,239,1
291401,365,0,0.9558467509898603,382,220,1
291410,365,0,0.9558486524049891,382,204,1
291413,365,0,0.9558486711653249,382,203,1
291415,365,0,0.9558482937380274,382,252,1
291424,365,0,0.9558488585935188,382,219,1
291432,365,0,0.9558487055193144,382,207,1
291484,365,0,0.9558464692830296,382,251,1
291486,365,0,0.9558466528026698,382,243,1
291516,365,0,0.9558470178617438,382,224,1
291519,365,0,0.9558467268387609,382,209,1
291548,365,0,0.9558473142885034,382,218,1
291552,365,0,0.9558468446593469,382,224,1
291574,365,0,0.9558481378845727,382,235,1
291576,365,0,0.9558467401266046,382,222,1
291583,365,0,0.9558485547987942,382,216,1
291593,365,0,0.955846923348052,382,245,1
291595,365,0,0.9558464802339124,382,252,1
291601,365,0,0.9558470968482193,382,203,1
291610,365,0,0.9558473902860398,382,220,1
291612,365,0,0.9558471327416603,382,207,1
291622,365,0,0.9558474057022347,382,211,1
291632,365,0,0.9558466653228649,382,209,1
291658,365,0,0.9558483152572165,382,227,1
291661,365,0,0.9558468846669707,382,207,1
291664,365,0,0.9558469830230623,382,203,1
291668,365,0,0.9558471287497381,382,251,1
291673,365,0,0.9558469119820558,382,267,1
291687,365,0,0.9558472597187697,382,252,1
291724,365,0,0.9558467905517739,382,231,1
291751,365,0,0.9558469423595628,382,248,1
291760,365,0,0.9558466876171592,382,248,1
291789,365,0,0.9558473584035351,382,216,1
291792,365,0,0.9558488820106934,382,229,1
291805,365,0,0.9558466454669309,382,202,1
291806,365,0,0.9558469878456941,382,252,1
291812,365,0,0.9558480683560971,382,225,1
291834,365,0,0.9558468813454744,382,212,1
291839,365,0,0.9558471132891099,382,215,1
291850,365,0,0.9558477701347344,382,215,1
291856,365,0,0.9558469196775716,382,222,1
291864,365,0,0.9558472029952524,382,210,1
291883,199,1,4.259818681689199,47,208,1
291891,365,0,0.9558466777690362,382,258,1
291893,365,0,0.955848999574106,382,208,1
291898,365,0,0.9558469286416269,382,249,1
291900,365,0,0.9558472958218469,382,235,1
291901,365,0,0.9558475303818681,382,209,1
291903,365,0,0.9558466108520498,382,234,1
291907,365,0,0.9558473118947232,382,251,1
291911,365,0,0.9558472994964404,382,225,1
291922,365,0,0.9558466420062051,382,217,1
291934,365,0,0.9558471447426788,382,206,1
291938,365,0,0.9558468117556559,382,214,1
291953,365,0,0.9558487629842187,382,234,1
291954,365,0,0.955847506094219,382,207,1
291956,365,0,0.9558471037555107,382,208,1
291959,365,0,0.955847298228616,382,228,1
291979,365,0,0.9558475175553042,382,214,1
291984,13,1,4.259820772420454,3,216,1
291989,365,0,0.9558469894863304,382,235,1
291996,365,0,0.9558471304532,382,224,1
291998,365,0,0.9558471320166659,382,233,1
292003,365,0,0.955847315512036,382,211,1
292005,365,0,0.9558489116895039,382,224,1
292014,365,0,0.9558469892017031,382,212,1
292033,365,0,0.9558471311620819,382,238,1
292034,317,1,4.259820012847076,74,213,1
292040,365,0,0.9558466823121338,382,236,1
292048,365,0,0.9558471066950589,382,221,1
292057,365,0,0.9558481722013097,382,251,1
292069,365,0,0.9558471729671952,382,216,1
292070,365,0,0.9558471185584588,382,207,1
292071,365,0,0.9558486241182698,382,218,1
292084,365,0,0.9558466686592805,382,209,1
292091,365,0,0.9558486116741919,382,227,1
292092,365,0,0.955848517754815,382,210,1
292095,365,0,0.9558471819344052,382,239,1
292098,365,0,0.9558477534677559,382,229,1
292120,365,0,0.9558478923199822,382,239,1
292124,365,0,0.9558468707563994,382,269,1
292126,365,0,0.9558469889297699,382,216,1
292147,365,0,0.9558467857147109,382,213,1
292149,365,0,0.955847215085712,382,225,1
292150,365,0,0.9558472040253214,382,208,1
292155,365,0,0.9558470720878092,382,221,1
292164,365,0,0.9558470032201433,382,210,1
292166,365,0,0.955847459278393,382,209,1
292170,365,0,0.9558484921295414,382,221,1
292171,365,0,0.9558467613182585,382,206,1
292174,365,0,0.9558477651304582,382,240,1
292187,365,0,0.9558471172759164,382,255,1
292198,365,0,0.9558466969756511,382,229,1
292222,365,0,0.9558482960998848,382,228,1
292237,365,0,0.9558469147801634,382,217,1
292239,365,0,0.9558467966536628,382,212,1
292256,365,0,0.9558473555931338,382,217,1
292264,365,0,0.9558483077580724,382,231,1
292271,365,0,0.955847803240568,382,225,1
292274,365,0,0.9558465984905754,382,206,1
292282,365,0,0.9558472733401648,382,228,1
292292,365,0,0.9558484285483748,382,218,1
292300,365,0,0.9558469038605528,382,203,1
292326,365,0,0.9558471380963789,382,224,1
292338,365,0,0.9558466579390632,382,208,1
292349,365,0,0.9558476252935528,382,222,1
292360,365,0,0.9558468199574746,382,224,1
292374,365,0,0.9558469996073998,382,237,1
292375,365,0,0.9558469290260998,382,217,1
292380,365,0,0.9558483507846347,382,220,1
292387,365,0,0.9558481855917735,382,247,1
292400,365,0,0.9558470763884909,382,248,1
292411,365,0,0.9558482722783544,382,246,1
292438,365,0,0.9558466297678183,382,237,1
292449,365,0,0.9558468540717678,382,247,1
292452,365,0,0.9558476462587059,382,222,1
292464,365,0,0.9558486438744501,382,223,1
292465,365,0,0.9558487462450335,382,227,1
292468,365,0,0.9558486591076506,382,223,1
292507,365,0,0.9558468861160109,382,273,1
292525,365,0,0.955846893246197,382,237,1
292531,365,0,0.9558469724695526,382,214,1
292550,365,0,0.955846961696695,382,260,1
292577,365,0,0.9558467938912727,382,220,1
292588,365,0,0.9558469186854374,382,211,1
292599,365,0,0.95584714617118,382,252,1
292610,365,0,0.9558487790166288,382,215,1
292630,365,0,0.9558473132409516,382,207,1
292647,365,0,0.9558473190495487,382,212,1
292649,365,0,0.9558468415107767,382,252,1
292700,365,0,0.9558471932610307,382,229,1
292705,365,0,0.9558468648509906,382,216,1
292725,365,0,0.9558473122497702,382,205,1
292731,365,0,0.9558474090088064,382,238,1
292735,365,0,0.9558471723334948,382,234,1
292736,365,0,0.9558486500125662,382,218,1
292746,365,0,0.9558472008878677,382,208,1
292749,365,0,0.955846879698292,382,219,1
292774,365,0,0.9558472276006494,382,251,1
292776,365,0,0.9558472731856409,382,234,1
292790,365,0,0.9558482994271983,382,234,1
292806,226,1,4.259817943297494,53,203,1
292821,287,1,4.259813030890027,67,212,1
292823,365,0,0.9558474123763553,382,225,1
292833,365,0,0.9558484055609108,382,218,1
292837,365,0,0.9558473676773546,382,247,1
292839,365,0,0.9558473589092289,382,279,1
292884,365,0,0.9558472193523716,382,230,1
292885,365,0,0.9558466403033093,382,209,1
292890,365,0,0.9558468495785459,382,212,1
292913,365,0,0.9558466944256668,382,221,1
292936,365,0,0.955846941580623,382,245,1
292962,365,0,0.955846669661876,382,245,1
292976,365,0,0.9558482998724693,382,216,1
292982,365,0,0.955846895659513,382,241,1
292992,365,0,0.9558471686706366,382,275,1
293013,365,0,0.9558469071876039,382,227,1
293015,365,0,0.9558473861362373,382,204,1
293024,365,0,0.9558485975209144,382,212,1
293032,365,0,0.9558487858506634,382,214,1
293034,365,0,0.9558472102817076,382,244,1
293041,365,0,0.9558489049737735,382,233,1
293050,365,0,0.9558471621110096,382,231,1
293056,365,0,0.9558471811092237,382,232,1
293065,365,0,0.9558475190323361,382,241,1
293067,365,0,0.9558469966642595,382,210,1
293087,365,0,0.9558477663605026,382,229,1
293088,365,0,0.9558468737947726,382,208,1
293117,365,0,0.9558469093652189,382,275,1
293128,365,0,0.9558474038664787,382,244,1
293140,161,1,4.259820070030335,38,241,1
293143,365,0,0.9558471331417872,382,225,1
293151,365,0,0.955847081454582,382,218,1
293156,365,0,0.9558470884933495,382,259,1
293173,365,0,0.9558468970740595,382,217,1
293194,365,0,0.9558472470143546,382,218,1
293246,365,0,0.9558467347682148,382,221,1
293249,365,0,0.9558472383855741,382,252,1
293268,365,0,0.9558469966941475,382,222,1
293270,365,0,0.9558492159974711,382,219,1
293277,365,0,0.9558468135447737,382,250,1
293283,365,0,0.9558473845825766,382,228,1
293289,365,0,0.955847314484205,382,223,1
293291,365,0,0.9558476593885591,382,241,1
293297,365,0,0.9558465825678573,382,214,1
293308,365,0,0.9558474167717539,382,225,1
293329,365,0,0.9558467631120666,382,209,1
293347,365,0,0.9558472169842409,382,223,1
293348,260,1,4.259819419487115,61,238,1
293356,365,0,0.9558486899541608,382,219,1
293360,226,1,4.2598175688790185,53,218,1
293383,365,0,0.95584867252463,382,205,1
293392,365,0,0.9558469040116663,382,207,1
293401,365,0,0.9558470956512475,382,235,1
293402,365,0,0.9558468885830986,382,212,1
293420,365,0,0.955848053441836,382,210,1
293422,365,0,0.9558478019584585,382,213,1
293426,365,0,0.9558472908366561,382,256,1
293435,365,0,0.955847500548034,382,204,1
293440,365,0,0.9558470105293956,382,226,1
293456,365,0,0.955846800109803,382,206,1
293459,365,0,0.9558468216641217,382,211,1
293464,365,0,0.9558469060888815,382,207,1
293472,365,0,0.9558471449604097,382,242,1
293488,207,1,4.2598200364856105,49,206,1
293490,365,0,0.9558467874166094,382,209,1
293493,365,0,0.9558469849185736,382,211,1
293508,365,0,0.9558471779908218,382,219,1
293596,365,0,0.9558487298422588,382,215,1
293600,365,0,0.9558470995163907,382,226,1
293607,365,0,0.9558473630381936,382,213,1
293611,365,0,0.9558468974328999,382,220,1
293624,365,0,0.9558481594956086,382,224,1
293635,365,0,0.9558473611990729,382,219,1
293650,365,0,0.9558471666801615,382,209,1
293653,356,1,4.2598202961748095,84,216,1
293654,118,1,4.2598212362638925,28,202,1
293658,365,0,0.9558471286328029,382,251,1
293668,365,0,0.9558472775432639,382,220,1
293684,365,0,0.9558470218496335,382,213,1
293685,365,0,0.9558473179808007,382,216,1
293688,365,0,0.9558473540114057,382,219,1
293696,365,0,0.9558472180496496,382,246,1
293719,365,0,0.9558487136639262,382,253,1
293737,365,0,0.9558472384539497,382,280,1
293747,365,0,0.9558484459849643,382,220,1
293749,365,0,0.955846864866168,382,216,1
293751,365,0,0.9558466570230933,382,253,1
293752,365,0,0.9558467076543459,382,223,1
293756,365,0,0.9558467055182558,382,267,1
293763,365,0,0.9558488733670505,382,217,1
293775,365,0,0.9558488050620448,382,233,1
293784,365,0,0.9558468992797707,382,254,1
293806,365,0,0.9558466636768677,382,232,1
293815,365,0,0.9558474377709456,382,222,1
293822,365,0,0.9558466660983584,382,213,1
293834,365,0,0.9558469641986156,382,216,1
293860,365,0,0.9558468705951019,382,252,1
293867,365,0,0.9558467976530088,382,234,1
293873,365,0,0.9558470093261828,382,212,1
293876,365,0,0.9558466863472564,382,221,1
293887,365,0,0.9558474425579626,382,214,1
293931,365,0,0.9558468122206307,382,240,1
293971,365,0,0.9558469111823457,382,272,1
293972,365,0,0.9558465654859393,382,224,1
293976,365,0,0.9558465328122435,382,214,1
293978,365,0,0.9558472049934736,382,243,1
293986,365,0,0.9558469276363711,382,248,1
294006,365,0,0.9558483910323109,382,222,1
294027,365,0,0.9558483983607953,382,218,1
294033,365,0,0.955846964974116,382,214,1
294042,365,0,0.9558470084291204,382,236,1
294053,365,0,0.9558468773685059,382,213,1
294054,365,0,0.9558468865862557,382,265,1
294056,365,0,0.9558467960928689,382,210,1
294098,8,1,4.259814063274672,2,225,1
294104,365,0,0.9558480518929083,382,233,1
294106,365,0,0.9558470083222944,382,249,1
294110,365,0,0.955847420620713,382,210,1
294114,365,0,0.9558485705703618,382,210,1
294127,365,0,0.955847051291207,382,220,1
294133,365,0,0.9558472625235737,382,215,1
294136,365,0,0.9558489175121514,382,228,1
294137,365,0,0.9558472479372214,382,203,1
294141,365,0,0.9558471975019939,382,233,1
294149,365,0,0.9558481270643798,382,219,1
294165,365,0,0.9558486773606509,382,212,1
294192,365,0,0.9558470793829669,382,241,1
294203,365,0,0.9558466044498737,382,223,1
294221,365,0,0.9558468179461577,382,232,1
294225,365,0,0.9558467718001658,382,221,1
294243,365,0,0.9558469933696775,382,207,1
294247,365,0,0.9558471794314547,382,238,1
294251,365,0,0.9558468341941636,382,210,1
294252,365,0,0.955847254147414,382,216,1
294271,365,0,0.9558468842780691,382,210,1
294305,365,0,0.955847330940427,382,212,1
294309,365,0,0.9558468745192761,382,213,1
294318,365,0,0.9558469598416887,382,212,1
294319,262,1,4.2598204607845735,62,211,1
294321,365,0,0.95584687587358,382,222,1
294360,365,0,0.9558486235413914,382,207,1
294362,365,0,0.95584780081764,382,209,1
294373,365,0,0.9558489774884349,382,215,1
294382,365,0,0.9558470707042341,382,207,1
294390,365,0,0.9558470106669942,382,236,1
294436,365,0,0.955848009849328,382,225,1
294444,365,0,0.9558467949043068,382,234,1
294463,365,0,0.9558484816430887,382,209,1
294466,365,0,0.955847667764531,382,231,1
294471,365,0,0.9558472279676477,382,247,1
294482,365,0,0.9558469142324664,382,256,1
294483,365,0,0.9558468061183301,382,211,1
294490,365,0,0.9558474219532168,382,219,1
294494,365,0,0.9558470269850001,382,236,1
294511,365,0,0.9558471297450338,382,243,1
294518,365,0,0.9558472972408826,382,209,1
294519,365,0,0.9558486636823543,382,212,1
294524,365,0,0.9558487187767946,382,234,1
294525,365,0,0.9558483192543661,382,235,1
294534,365,0,0.9558467710411125,382,209,1
294535,365,0,0.9558480280915804,382,214,1
294551,365,0,0.9558470947454563,382,205,1
294587,365,0,0.955846805815319,382,207,1
294590,365,0,0.9558474611649157,382,220,1
294600,365,0,0.9558468300461389,382,236,1
294613,365,0,0.9558487178418683,382,219,1
294631,365,0,0.9558486846051557,382,220,1
294633,365,0,0.9558486471331237,382,251,1
294642,365,0,0.9558486173722621,382,214,1
294652,365,0,0.9558474315629671,382,218,1
294665,365,0,0.955846921226393,382,221,1
294668,95,1,4.259820386472043,22,203,1
294693,365,0,0.9558469242445491,382,212,1
294697,365,0,0.9558466606384841,382,208,1
294700,339,1,4.259812727264869,80,252,1
294707,365,0,0.9558483914793094,382,223,1
294716,365,0,0.9558472265800102,382,218,1
294732,365,0,0.9558487276373727,382,214,1
294733,365,0,0.9558466293170957,382,204,1
294746,365,0,0.9558466101529487,382,229,1
294763,365,0,0.9558486287207868,382,226,1
294770,365,0,0.9558471396711753,382,215,1
294773,365,0,0.955848554178141,382,216,1
294775,365,0,0.9558472631446402,382,251,1
294776,365,0,0.955846557721584,382,211,1
294807,365,0,0.9558474157450298,382,271,1
294816,365,0,0.9558467010750104,382,207,1
294823,365,0,0.9558467363196224,382,212,1
294828,365,0,0.955846599840733,382,221,1
294833,365,0,0.9558473883945463,382,214,1
294839,365,0,0.9558487161924178,382,253,1
294872,365,0,0.9558476371836039,382,231,1
294897,365,0,0.9558479144932283,382,218,1
294898,365,0,0.9558475206678346,382,218,1
294903,365,0,0.9558468289294699,382,260,1
294910,365,0,0.9558473468494004,382,205,1
294917,365,0,0.955846616038479,382,229,1
294924,365,0,0.9558470777091904,382,224,1
294925,365,0,0.9558474711522416,382,249,1
294945,365,0,0.9558484592048876,382,213,1
294951,365,0,0.9558468939271161,382,213,1
294959,365,0,0.9558468300283378,382,217,1
294968,365,0,0.9558467276600998,382,208,1
294970,365,0,0.9558474585812512,382,214,1
294979,365,0,0.95584727319981,382,242,1
294989,242,1,4.2598191489866615,57,231,1
295007,365,0,0.955847343614045,382,219,1
295024,365,0,0.9558473095547919,382,203,1
295037,365,0,0.9558468549560188,382,210,1
295046,365,0,0.9558471907247245,382,229,1
295049,365,0,0.9558486830282192,382,203,1
295056,365,0,0.955848361391613,382,222,1
295059,365,0,0.955848376658008,382,214,1
295073,365,0,0.9558471595076724,382,225,1
295113,365,0,0.9558471476483769,382,258,1
295116,365,0,0.9558469143066888,382,205,1
295118,365,0,0.9558471476952836,382,252,1
295131,365,0,0.9558466126752709,382,219,1
295132,365,0,0.9558471593900079,382,259,1
295133,365,0,0.9558470235870701,382,224,1
295137,365,0,0.9558465942335849,382,236,1
295141,365,0,0.9558469880906791,382,246,1
295170,365,0,0.9558475102363576,382,215,1
295194,365,0,0.9558469284749314,382,204,1
295224,365,0,0.9558467488223056,382,238,1
295225,365,0,0.9558469380993774,382,247,1
295226,365,0,0.9558472507749719,382,221,1
295253,365,0,0.9558468551611389,382,217,1
295264,365,0,0.95584731926239,382,214,1
295276,365,0,0.9558470628032422,382,278,1
295288,365,0,0.9558464226620812,382,226,1
295304,365,0,0.9558483773629705,382,252,1
295325,365,0,0.9558482367574902,382,210,1
295327,365,0,0.9558484689463762,382,206,1
295330,365,0,0.9558474013845951,382,253,1
295333,365,0,0.9558472474264139,382,224,1
295344,365,0,0.9558470618531113,382,225,1
295345,365,0,0.9558467288380113,382,213,1
295348,365,0,0.9558483768573127,382,206,1
295361,365,0,0.9558470692790613,382,211,1
295369,365,0,0.9558486984261618,382,207,1
295391,365,0,0.9558467547044787,382,216,1
295416,365,0,0.9558473209267798,382,266,1
295421,365,0,0.9558471064704784,382,212,1
295438,365,0,0.9558473808243246,382,219,1
295455,365,0,0.9558468912928448,382,220,1
295458,365,0,0.9558468674333356,382,218,1
295481,365,0,0.9558470497282425,382,247,1
295484,365,0,0.955847156177022,382,222,1
295496,365,0,0.9558466990512022,382,268,1
295516,365,0,0.9558471329096063,382,253,1
295547,365,0,0.9558468674905176,382,275,1
295554,365,0,0.9558471909956343,382,209,1
295563,365,0,0.955847402026125,382,225,1
295565,365,0,0.9558470000828395,382,248,1
295569,365,0,0.955847188974348,382,237,1
295574,365,0,0.9558482802789146,382,236,1
295577,365,0,0.9558465791260191,382,228,1
295583,365,0,0.9558470009078804,382,239,1
295592,365,0,0.9558465521599098,382,218,1
295622,365,0,0.9558467826921597,382,222,1
295635,365,0,0.95584858234205,382,217,1
295655,365,0,0.9558467276062481,382,206,1
295666,365,0,0.9558473379529401,382,215,1
295674,365,0,0.9558471335432271,382,205,1
295689,365,0,0.9558480660188283,382,235,1
295696,365,0,0.9558487140299454,382,210,1
295700,365,0,0.9558487399137994,382,210,1
295701,365,0,0.9558471714144456,382,242,1
295706,365,0,0.9558467726675983,382,204,1
295712,365,0,0.9558464390672726,382,223,1
295713,365,0,0.9558465368548843,382,219,1
295714,365,0,0.9558472578970052,382,209,1
295739,365,0,0.9558470475853217,382,209,1
295744,365,0,0.9558467715892137,382,207,1
295824,365,0,0.9558471479236538,382,235,1
295855,365,0,0.955846660808041,382,279,1
295866,365,0,0.9558468382662958,382,211,1
295867,214,1,4.2598142712177935,50,215,1
295877,365,0,0.9558471993647236,382,217,1
295904,365,0,0.9558473330005556,382,232,1
295948,365,0,0.9558488613653525,382,206,1
295953,365,0,0.9558471058613582,382,212,1
295959,365,0,0.9558481868013575,382,225,1
295961,365,0,0.9558468824596787,382,246,1
295969,365,0,0.95584690721326,382,276,1
295992,365,0,0.9558487170806885,382,204,1
296012,365,0,0.9558467140314499,382,217,1
296013,365,0,0.9558465025079845,382,214,1
296015,365,0,0.9558485837204528,382,207,1
296055,365,0,0.9558471754928434,382,253,1
296106,365,0,0.955847206176501,382,207,1
296109,365,0,0.9558470476976125,382,256,1
296116,365,0,0.9558468245155266,382,220,1
296121,365,0,0.9558470529482852,382,211,1
296126,365,0,0.9558465808375869,382,213,1
296128,365,0,0.9558466714353939,382,235,1
296130,365,0,0.9558473058608006,382,216,1
296167,365,0,0.9558468543807508,382,214,1
296172,365,0,0.9558488591050128,382,216,1
296183,365,0,0.9558473369927681,382,237,1
296206,365,0,0.9558474704838077,382,205,1
296212,365,0,0.9558472212864242,382,242,1
296259,365,0,0.9558470907132737,382,275,1
296280,365,0,0.9558483891918449,382,240,1
296307,365,0,0.9558487670894258,382,205,1
296310,365,0,0.9558486552796038,382,211,1
296312,365,0,0.9558487290046561,382,206,1
296319,365,0,0.9558481656686818,382,253,1
296320,365,0,0.9558483650795161,382,215,1
296334,365,0,0.955848772584189,382,206,1
296348,365,0,0.9558484375195879,382,218,1
296354,365,0,0.9558467656802534,382,211,1
296386,365,0,0.9558481654995631,382,210,1
296392,365,0,0.9558469531351566,382,211,1
296397,365,0,0.9558471816490807,382,215,1
296431,365,0,0.9558485721713261,382,213,1
296449,365,0,0.955848319983889,382,246,1
296453,365,0,0.9558466433081314,382,212,1
296460,365,0,0.9558471422223381,382,214,1
296499,365,0,0.9558473668721544,382,216,1
296502,365,0,0.9558468225140302,382,230,1
296525,365,0,0.955846769011202,382,222,1
296532,365,0,0.9558486092824136,382,211,1
296550,365,0,0.9558486982200833,382,204,1
296563,365,0,0.9558467685275294,382,217,1
296568,365,0,0.9558466845368239,382,230,1
296571,365,0,0.9558475066049755,382,210,1
296573,365,0,0.9558466046336114,382,244,1
296577,196,1,4.259820025743469,46,205,1
296598,365,0,0.9558469517534183,382,214,1
296599,365,0,0.955846688695527,382,230,1
296602,365,0,0.9558467241322511,382,232,1
296604,365,0,0.9558475592818217,382,208,1
296624,365,0,0.955847555436599,382,206,1
296671,365,0,0.9558468654476683,382,211,1
296676,365,0,0.9558474439325774,382,216,1
296690,365,0,0.955846668919682,382,217,1
296698,365,0,0.9558474072507209,382,211,1
296719,365,0,0.9558471601150168,382,216,1
296722,365,0,0.955847257177967,382,216,1
296747,365,0,0.9558469151378787,382,266,1
296752,365,0,0.9558468295810935,382,202,1
296761,365,0,0.9558468677262145,382,241,1
296779,365,0,0.9558468738571828,382,244,1
296819,365,0,0.9558486989898697,382,208,1
296821,365,0,0.9558486664455612,382,224,1
296826,365,0,0.9558471024449557,382,220,1
296835,365,0,0.9558468130807934,382,253,1
296845,365,0,0.9558472726659224,382,241,1
296846,365,0,0.9558472604668266,382,211,1
296863,365,0,0.9558472373881357,382,205,1
296869,365,0,0.9558483230885736,382,231,1
296891,365,0,0.9558485408262594,382,209,1
296906,365,0,0.9558471384128384,382,247,1
296927,365,0,0.9558469709804189,382,207,1
296944,365,0,0.955848200450654,382,221,1
296964,365,0,0.9558465337267942,382,213,1
296989,365,0,0.9558471794781941,382,279,1
296991,365,0,0.9558485890799169,382,211,1
296993,365,0,0.9558471752715001,382,253,1
296996,365,0,0.9558476258285645,382,209,1
297059,365,0,0.9558467603494487,382,206,1
297078,365,0,0.9558485065915092,382,206,1
297079,365,0,0.9558466870471913,382,207,1
297134,365,0,0.9558466541045221,382,250,1
297139,365,0,0.9558467974976593,382,203,1
297142,365,0,0.9558475701296346,382,234,1
297156,365,0,0.955847783194964,382,214,1
297164,365,0,0.955846765262368,382,208,1
297192,365,0,0.9558473491413692,382,209,1
297195,365,0,0.9558466115728554,382,205,1
297200,365,0,0.9558472852739582,382,241,1
297221,365,0,0.9558466854187911,382,221,1
297222,365,0,0.9558470222634498,382,220,1
297224,365,0,0.9558488039068462,382,214,1
297244,365,0,0.9558468943268396,382,240,1
297259,365,0,0.9558470494836271,382,273,1
297264,365,0,0.9558466718660451,382,236,1
297274,365,0,0.9558486378704953,382,230,1
297317,365,0,0.9558467788535172,382,215,1
297336,365,0,0.9558488871434593,382,207,1
297342,365,0,0.9558486321141125,382,207,1
297343,365,0,0.9558482071444467,382,240,1
297344,365,0,0.9558470905865171,382,221,1
297353,365,0,0.955848577197946,382,210,1
297371,365,0,0.9558467617909486,382,216,1
297394,365,0,0.9558483520998489,382,227,1
297403,365,0,0.9558464940777962,382,216,1
297404,365,0,0.9558469070225776,382,216,1
297435,365,0,0.9558469665610166,382,213,1
297438,365,0,0.9558468027396159,382,218,1
297439,365,0,0.955846891398746,382,218,1
297441,365,0,0.9558466435629756,382,207,1
297455,365,0,0.955847035101066,382,202,1
297464,365,0,0.9558467771994501,382,202,1
297485,365,0,0.9558469535151837,382,223,1
297488,365,0,0.9558471842370247,382,235,1
297491,365,0,0.9558484065373405,382,205,1
297492,365,0,0.9558469890312835,382,206,1
297496,365,0,0.9558466246038168,382,247,1
297514,365,0,0.9558470161699827,382,235,1
297539,183,1,4.259815359299324,43,252,1
297546,365,0,0.9558487016780128,382,203,1
297550,365,0,0.95584686721016,382,223,1
297552,365,0,0.9558471894953201,382,237,1
297559,365,0,0.9558484373093391,382,207,1
297569,365,0,0.9558471066697344,382,226,1
297574,365,0,0.9558473548733547,382,216,1
297584,365,0,0.9558471169282615,382,232,1
297606,365,0,0.9558467443485942,382,216,1
297625,365,0,0.9558483475592525,382,232,1
297632,365,0,0.9558470289777963,382,219,1
297637,365,0,0.9558474847962873,382,221,1
297668,365,0,0.955847397718854,382,224,1
297672,365,0,0.9558465883619366,382,206,1
297675,365,0,0.9558466139625269,382,236,1
297698,365,0,0.9558472382921486,382,224,1
297699,365,0,0.9558482551010905,382,213,1
297705,365,0,0.955847027207796,382,275,1
297714,365,0,0.9558468912088509,382,213,1
297718,365,0,0.9558484522877836,382,207,1
297723,365,0,0.9558486492437704,382,251,1
297743,365,0,0.9558484279723994,382,248,1
297764,365,0,0.9558488355712402,382,221,1
297787,365,0,0.9558469251877946,382,226,1
297819,365,0,0.9558472155355718,382,266,1
297823,365,0,0.9558487765660908,382,221,1
297835,338,1,4.259820959712349,79,208,1
297841,365,0,0.9558469008079535,382,218,1
297846,365,0,0.9558484235011077,382,211,1
297856,365,0,0.9558469614922189,382,237,1
297863,365,0,0.9558471716895324,382,211,1
297865,365,0,0.9558469765472443,382,209,1
297867,365,0,0.9558469665905791,382,216,1
297873,365,0,0.9558467686653802,382,221,1
297875,365,0,0.9558473898442497,382,212,1
297890,1,1,4.259815518119484,0,230,1
297917,365,0,0.9558470850842988,382,248,1
297934,365,0,0.9558471262275825,382,220,1
297936,365,0,0.9558470570773543,382,221,1
297942,365,0,0.9558471147395623,382,248,1
297946,365,0,0.9558468033894546,382,219,1
297977,365,0,0.9558469017283489,382,214,1
298006,365,0,0.9558468847749364,382,214,1
298032,365,0,0.9558467663911039,382,244,1
298034,365,0,0.9558470146683359,382,263,1
298036,365,0,0.9558469254526831,382,255,1
298052,365,0,0.9558468542538237,382,220,1
298055,365,0,0.9558473902000332,382,229,1
298091,365,0,0.9558471042115892,382,271,1
298105,365,0,0.9558468162890531,382,224,1
298109,365,0,0.9558470867582677,382,241,1
298116,365,0,0.9558470908990432,382,235,1
298122,365,0,0.9558468746319615,382,225,1
298123,365,0,0.9558465380985173,382,247,1
298166,365,0,0.9558472170716302,382,219,1
298178,365,0,0.9558473699867274,382,247,1
298186,365,0,0.9558487096214078,382,217,1
298191,365,0,0.9558472964660195,382,240,1
298195,365,0,0.955847106106771,382,209,1
298202,365,0,0.9558473167019856,382,214,1
298218,365,0,0.95584728179961,382,216,1
298227,365,0,0.9558474921922395,382,223,1
298231,365,0,0.9558466706574921,382,223,1
298232,365,0,0.9558486336742915,382,231,1
298233,365,0,0.9558486555999722,382,219,1
298238,365,0,0.9558472642481722,382,206,1
298257,365,0,0.9558473321118307,382,216,1
298265,365,0,0.9558468981758254,382,246,1
298268,365,0,0.9558467752278931,382,205,1
298278,365,0,0.9558471266895323,382,247,1
298334,365,0,0.9558466420113997,382,224,1
298408,365,0,0.9558468630555751,382,246,1
298423,365,0,0.9558482913994727,382,228,1
298444,365,0,0.9558467378835483,382,205,1
298447,365,0,0.955848714447073,382,209,1
298449,365,0,0.9558484181114276,382,219,1
298472,365,0,0.955847330632079,382,215,1
298476,365,0,0.9558469242210508,382,237,1
298490,365,0,0.9558487138332987,382,203,1
298492,365,0,0.9558472127237995,382,242,1
298497,365,0,0.9558473853298196,382,224,1
298502,365,0,0.9558471344907588,382,267,1
298503,365,0,0.9558487490389042,382,209,1
298510,365,0,0.9558473668938948,382,202,1
298539,365,0,0.9558480603522452,382,220,1
298540,365,0,0.9558470786796506,382,223,1
298550,365,0,0.9558466097015665,382,208,1
298567,365,0,0.9558483133813377,382,230,1
298582,365,0,0.9558469303888799,382,204,1
298591,365,0,0.9558486365671301,382,225,1
298620,365,0,0.9558471371251477,382,246,1
298633,365,0,0.9558483210392154,382,209,1
298639,365,0,0.9558468875430632,382,250,1
298643,365,0,0.9558469172300733,382,202,1
298668,365,0,0.9558473233611765,382,224,1
298706,365,0,0.9558471068383638,382,240,1
298769,365,0,0.9558486413749544,382,207,1
298783,365,0,0.9558472753274697,382,235,1
298788,365,0,0.9558471789778608,382,236,1
298799,365,0,0.9558467956538869,382,211,1
298819,365,0,0.9558474285166261,382,216,1
298834,365,0,0.955846950494352,382,219,1
298838,365,0,0.9558472740211282,382,233,1
298839,365,0,0.9558486929269119,382,214,1
298872,365,0,0.955848724386022,382,214,1
298883,365,0,0.9558466949896579,382,251,1
298884,365,0,0.9558467396711032,382,241,1
298905,365,0,0.9558470699337968,382,264,1
298933,365,0,0.9558473094301266,382,222,1
298934,365,0,0.9558469730105338,382,256,1
298937,365,0,0.9558473244514145,382,242,1
298939,365,0,0.9558469437298821,382,235,1
298945,365,0,0.9558487916158628,382,203,1
298947,365,0,0.9558473356168412,382,215,1
298954,365,0,0.9558466346110853,382,212,1
298961,365,0,0.9558469144683135,382,218,1
298967,365,0,0.9558465603794465,382,244,1
298970,365,0,0.9558471976408154,382,212,1
298972,365,0,0.9558487554996508,382,202,1
298973,365,0,0.9558488318424321,382,244,1
299008,365,0,0.9558485983527786,382,228,1
299030,365,0,0.9558465944306815,382,278,1
299040,365,0,0.9558483153981016,382,208,1
299044,365,0,0.9558464682061517,382,246,1
299063,365,0,0.9558468692934805,382,217,1
299068,365,0,0.955846687396978,382,237,1
299084,365,0,0.9558469935871233,382,267,1
299094,365,0,0.9558472649575106,382,221,1
299100,365,0,0.9558467299498368,382,211,1
299108,365,0,0.9558471551461458,382,231,1
299110,365,0,0.9558468352786197,382,213,1
299111,365,0,0.9558466028598885,382,213,1
299118,365,0,0.9558467882248982,382,215,1
299124,365,0,0.9558468402494089,382,206,1
299133,365,0,0.9558466562274297,382,234,1
299138,365,0,0.9558469019523824,382,224,1
299178,365,0,0.9558466696218374,382,209,1
299187,365,0,0.9558466757350186,382,224,1
299194,365,0,0.9558470890665345,382,231,1
299196,365,0,0.9558468288078762,382,224,1
299204,365,0,0.9558467450032307,382,232,1
299207,365,0,0.955846774103103,382,217,1
299218,365,0,0.9558466123312875,382,243,1
299240,365,0,0.9558473932834121,382,266,1
299241,365,0,0.9558467213797396,382,218,1
299248,365,0,0.9558465651010826,382,242,1
299258,365,0,0.9558466202124418,382,221,1
299272,365,0,0.9558466119064176,382,253,1
299284,365,0,0.9558471506051429,382,207,1
299289,365,0,0.9558465117908511,382,222,1
299305,365,0,0.9558469819438449,382,253,1
299327,365,0,0.955847093535062,382,223,1
299336,365,0,0.9558465883983001,382,223,1
299337,365,0,0.9558466266653265,382,230,1
299351,365,0,0.9558466850875449,382,226,1
299352,365,0,0.955846662037836,382,207,1
299365,365,0,0.9558488172552537,382,236,1
299395,365,0,0.9558470148680654,382,227,1
299413,365,0,0.9558486981861304,382,222,1
299414,365,0,0.9558465334678873,382,249,1
299426,365,0,0.9558468412386225,382,224,1
299448,365,0,0.9558465894378965,382,237,1
299485,365,0,0.9558483385864882,382,204,1
299498,365,0,0.9558468015139054,382,229,1
299504,365,0,0.9558468880597684,382,233,1
299531,365,0,0.9558465452996485,382,239,1
299549,365,0,0.9558469415242014,382,210,1
299557,365,0,0.9558471977092985,382,213,1
299560,365,0,0.9558475277081286,382,247,1
299561,365,0,0.9558470361937997,382,262,1
299563,365,0,0.9558466763994917,382,214,1
299566,365,0,0.9558478963527162,382,250,1
299573,365,0,0.9558468929616752,382,206,1
299594,365,0,0.9558486956464598,382,214,1
299596,365,0,0.95584665319599,382,267,1
299637,365,0,0.9558471309973905,382,247,1
299641,365,0,0.9558468792591048,382,207,1
299664,365,0,0.955847870781535,382,219,1
299705,365,0,0.9558465033612712,382,225,1
299715,365,0,0.95584697455177,382,270,1
299737,365,0,0.9558472576439189,382,216,1
299744,365,0,0.9558468050011978,382,217,1
299746,365,0,0.955846958593099,382,214,1
299750,365,0,0.9558465784814396,382,212,1
299761,365,0,0.9558470432977144,382,264,1
299771,365,0,0.95584683441435,382,221,1
299790,365,0,0.9558485201114579,382,231,1
299803,365,0,0.9558465557498891,382,250,1
299820,365,0,0.9558466194425638,382,215,1
299833,365,0,0.9558483344019623,382,233,1
299838,365,0,0.9558485586570103,382,214,1
299841,280,1,4.259820050805699,66,212,1
299846,365,0,0.9558467406164687,382,217,1
299854,365,0,0.9558469479331845,382,209,1
299855,190,1,4.259819106293272,45,235,1
299888,365,0,0.9558484566868667,382,207,1
299910,365,0,0.9558468861891924,382,229,1
299945,365,0,0.9558469303580636,382,221,1
299971,365,0,0.9558476538298796,382,242,1
299980,365,0,0.9558486989323771,382,234,1
299996,365,0,0.9558467764834762,382,210,1
300004,365,0,0.9558469330352531,382,217,1
300012,365,0,0.9558468337858019,382,219,1
300020,365,0,0.9558472970281182,382,270,1
300023,365,0,0.9558484912446963,382,213,1
300025,365,0,0.9558473753428942,382,211,1
300046,365,0,0.9558473835351825,382,250,1
300049,365,0,0.9558479386581027,382,203,1
300052,365,0,0.9558486534052419,382,248,1
300059,365,0,0.9558471734654793,382,264,1
300065,365,0,0.9558472232960056,382,280,1
300066,365,0,0.9558473815196267,382,243,1
300080,365,0,0.955847554682357,382,207,1
300098,365,0,0.9558472450603788,382,218,1
300105,365,0,0.9558469636314121,382,244,1
300111,365,0,0.9558483186106612,382,233,1
300134,365,0,0.9558480442852353,382,224,1
300141,365,0,0.9558466239353792,382,216,1
300158,365,0,0.9558466470653035,382,219,1
300172,365,0,0.95584874623486,382,216,1
300189,365,0,0.9558473587874236,382,223,1
300190,365,0,0.9558466043072367,382,219,1
300191,365,0,0.9558465309618817,382,217,1
300197,365,0,0.9558472464055763,382,219,1
300203,365,0,0.9558472687922759,382,214,1
300225,130,1,4.259820894742166,31,204,1
300229,365,0,0.9558469260923579,382,248,1
300238,365,0,0.9558478191126669,382,236,1
300246,365,0,0.9558486947493582,382,202,1
300263,365,0,0.9558468200443777,382,203,1
300270,365,0,0.9558488115113678,382,203,1
300281,365,0,0.9558472700503694,382,280,1
300285,365,0,0.9558473882558718,382,209,1
300292,365,0,0.9558467024184149,382,222,1
300305,365,0,0.9558468409243857,382,275,1
300307,365,0,0.9558469243673469,382,241,1
300317,365,0,0.9558469046476061,382,254,1
300325,365,0,0.9558468126186445,382,210,1
300333,365,0,0.9558473341821482,382,216,1
300338,365,0,0.9558488016406221,382,228,1
300340,365,0,0.9558477268619097,382,223,1
300354,365,0,0.9558471034491357,382,243,1
300372,365,0,0.9558473796802623,382,213,1
300381,365,0,0.9558465257537052,382,204,1
300394,365,0,0.9558469115729945,382,220,1
300401,365,0,0.9558483983318979,382,232,1
300413,365,0,0.9558472056236469,382,227,1
300416,365,0,0.9558471145754751,382,207,1
300436,365,0,0.9558487481883525,382,235,1
300439,314,1,4.259812025096861,74,204,1
300467,365,0,0.9558470298373746,382,212,1
300474,365,0,0.9558483954649396,382,217,1
300475,365,0,0.9558469220949036,382,228,1
300479,365,0,0.9558474038333177,382,219,1
300480,365,0,0.9558471442439215,382,263,1
300483,365,0,0.9558486860926374,382,206,1
300492,365,0,0.9558469728538389,382,205,1
300504,365,0,0.9558466084745254,382,209,1
300508,365,0,0.955847234835824,382,232,1
300509,365,0,0.9558468478058111,382,245,1
300513,365,0,0.9558472804693254,382,239,1
300521,365,0,0.9558473234171984,382,207,1
300525,365,0,0.9558483971394977,382,212,1
300537,365,0,0.9558473076582115,382,213,1
300541,365,0,0.9558468951195296,382,257,1
300545,27,1,4.259821374385627,6,206,1
300552,365,0,0.9558472318143746,382,220,1
300556,365,0,0.9558466491851341,382,210,1
300563,365,0,0.9558472354258553,382,207,1
300581,365,0,0.9558470125457504,382,279,1
300606,365,0,0.9558487254011914,382,216,1
300639,115,1,4.259817277469879,27,214,1
300648,365,0,0.9558486369463243,382,213,1
300655,365,0,0.9558468816573441,382,222,1
300663,365,0,0.9558473226343279,382,214,1
300674,365,0,0.955846587762851,382,239,1
300702,365,0,0.9558466606915542,382,209,1
300713,365,0,0.9558469413053272,382,219,1
300730,365,0,0.9558486306125433,382,207,1
300741,365,0,0.9558470237655281,382,232,1
300744,365,0,0.9558470085728236,382,251,1
300753,365,0,0.9558484648682932,382,223,1
300779,365,0,0.9558487005969922,382,210,1
300789,365,0,0.9558471080563008,382,266,1
300793,365,0,0.9558465623665454,382,211,1
300795,365,0,0.9558489346668894,382,208,1
300802,365,0,0.9558469904749723,382,219,1
300807,365,0,0.9558469488317726,382,212,1
300824,365,0,0.9558480488829133,382,204,1
300836,365,0,0.9558468210962308,382,206,1
300856,365,0,0.9558474484465092,382,211,1
300870,365,0,0.9558471469109734,382,229,1
300872,365,0,0.955847290179004,382,221,1
300876,365,0,0.9558467934455419,382,209,1
300893,365,0,0.9558471084136898,382,236,1
300902,365,0,0.9558465839273494,382,236,1
300905,365,0,0.9558472532352049,382,207,1
300912,365,0,0.9558487742498929,382,216,1
300922,365,0,0.9558489421091352,382,220,1
300923,46,1,4.259815175966571,11,217,1
300930,365,0,0.9558485272832445,382,216,1
300932,365,0,0.9558487262352426,382,212,1
300939,365,0,0.9558472984653905,382,207,1
300945,365,0,0.9558483711676792,382,212,1
300960,365,0,0.9558468651953119,382,213,1
300969,365,0,0.9558466296589325,382,236,1
300984,365,0,0.9558473364595242,382,217,1
300992,365,0,0.9558472194646214,382,222,1
301023,365,0,0.9558483284787882,382,206,1
301028,365,0,0.9558467935185176,382,213,1
301047,365,0,0.9558471336377962,382,231,1
301065,365,0,0.9558485430971653,382,215,1
301073,365,0,0.9558485250213888,382,233,1
301094,365,0,0.9558474849569876,382,211,1
301103,365,0,0.9558470966405676,382,267,1
301126,365,0,0.9558468295171092,382,228,1
301145,365,0,0.9558473734079584,382,238,1
301150,365,0,0.9558487278253782,382,239,1
301156,365,0,0.9558468113897882,382,208,1
301179,365,0,0.9558483701875047,382,234,1
301211,365,0,0.955848669382294,382,231,1
301212,365,0,0.9558468406161555,382,215,1
301238,365,0,0.9558487309393133,382,250,1
301246,365,0,0.9558471660590859,382,228,1
301249,365,0,0.955846694892428,382,228,1
301257,365,0,0.9558479236313165,382,253,1
301309,365,0,0.9558471186212143,382,271,1
301311,365,0,0.9558488779831221,382,211,1
301338,365,0,0.9558489227976471,382,214,1
301345,365,0,0.9558471636683665,382,223,1
301365,365,0,0.9558480996624189,382,229,1
301392,256,1,18.984257816410235,13,202,1
301398,365,0,0.9558483847604711,382,237,1
301418,365,0,0.9558472695725637,382,240,1
301422,365,0,0.9558473718697932,382,211,1
301426,365,0,0.9558475481187853,382,238,1
301440,365,0,0.9558469919284223,382,250,1
301449,365,0,0.9558465272458772,382,218,1
301480,365,0,0.9558464354468061,382,225,1
301491,72,1,4.259820377764174,17,218,1
301492,365,0,0.9558474292771499,382,224,1
301495,221,1,4.259814567840498,52,215,1
301497,365,0,0.9558466988682625,382,224,1
301498,365,0,0.9558473339542962,382,218,1
301513,365,0,0.9558472565480393,382,214,1
301526,365,0,0.9558466232062607,382,211,1
301548,365,0,0.9558466539613418,382,227,1
301617,365,0,0.9558469212001286,382,220,1
301619,365,0,0.9558486871598181,382,205,1
301644,365,0,0.9558468049020767,382,251,1
301674,365,0,0.9558480079697298,382,204,1
301675,365,0,0.9558471482174928,382,216,1
301682,365,0,0.9558470307954725,382,218,1
301690,365,0,0.9558467938125763,382,219,1
301693,365,0,0.9558472001369523,382,208,1
301723,365,0,0.9558468335446508,382,246,1
301738,365,0,0.9558486695596786,382,214,1
301742,365,0,0.9558467312915426,382,204,1
301760,365,0,0.9558473188591746,382,206,1
301763,365,0,0.955846946379661,382,241,1
301778,365,0,0.9558472708363176,382,236,1
301787,365,0,0.9558471238342006,382,249,1
301804,365,0,0.955847559733256,382,221,1
301821,365,0,0.9558474044452173,382,237,1
301827,365,0,0.9558469702819955,382,234,1
301842,365,0,0.9558472667110544,382,223,1
301843,365,0,0.9558465627550207,382,239,1
301879,365,0,0.9558471551635265,382,219,1
301885,365,0,0.955848307622105,382,210,1
301894,365,0,0.955847086421925,382,220,1
301899,365,0,0.9558472513849087,382,218,1
301920,365,0,0.9558487470006336,382,217,1
301930,365,0,0.9558470852083113,382,206,1
301950,365,0,0.9558465501862452,382,240,1
301954,365,0,0.955846742309396,382,222,1
301957,365,0,0.9558468360849137,382,213,1
301975,365,0,0.9558467197231334,382,225,1
302018,365,0,0.95584725249618,382,238,1
302020,365,0,0.955847313176928,382,212,1
302029,365,0,0.9558472968198205,382,213,1
302039,365,0,0.9558472709454632,382,251,1
302050,365,0,0.9558484100701187,382,208,1
302056,365,0,0.9558482580932729,382,234,1
302065,365,0,0.9558469797059482,382,223,1
302074,365,0,0.955848411775602,382,213,1
302076,365,0,0.9558468134494388,382,225,1
302084,365,0,0.9558472895680659,382,216,1
302088,365,0,0.9558472819778291,382,204,1
302109,365,0,0.9558484754487158,382,217,1
302155,365,0,0.9558467945804464,382,244,1
302163,365,0,0.9558470276466424,382,250,1
302170,365,0,0.9558476454924889,382,209,1
302177,365,0,0.9558482617201883,382,217,1
302179,365,0,0.9558470252580771,382,229,1
302184,365,0,0.955847527802058,382,208,1
302187,365,0,0.9558466172231571,382,275,1
302193,365,0,0.9558486776644721,382,229,1
302201,365,0,0.9558476426507165,382,249,1
302205,365,0,0.9558471670981734,382,237,1
302225,365,0,0.9558470306400155,382,231,1
302231,365,0,0.9558483527874709,382,223,1
302234,365,0,0.9558468897723115,382,218,1
302237,365,0,0.9558473295879375,382,225,1
302243,365,0,0.955848566076822,382,218,1
302253,365,0,0.9558484546254474,382,225,1
302257,365,0,0.9558472357055431,382,233,1
302261,365,0,0.955847969596008,382,253,1
302268,365,0,0.9558470071650388,382,249,1
302286,365,0,0.9558472047300214,382,234,1
302299,365,0,0.9558477087515329,382,234,1
302308,147,1,4.259820122433247,35,205,1
302309,365,0,0.9558467994018969,382,208,1
302323,365,0,0.9558485696713213,382,231,1
302353,365,0,0.9558466560004917,382,203,1
302371,365,0,0.9558468162826115,382,221,1
302373,365,0,0.9558470610828083,382,220,1
302377,365,0,0.9558481315791889,382,218,1
302389,365,0,0.9558471720074169,382,246,1
302403,365,0,0.9558474440852471,382,235,1
302419,365,0,0.9558467212951159,382,221,1
302422,365,0,0.9558473403328958,382,221,1
302459,365,0,0.9558485134044401,382,227,1
302502,365,0,0.9558471342046387,382,240,1
302526,365,0,0.9558469671675383,382,212,1
302533,365,0,0.9558487431535964,382,219,1
302564,365,0,0.9558465096976652,382,222,1
302589,365,0,0.9558468442631802,382,217,1
302594,365,0,0.9558467677382434,382,240,1
302604,365,0,0.9558483441355271,382,251,1
302622,84,1,4.259821589476535,20,207,1
302652,365,0,0.9558471705560754,382,227,1
302657,365,0,0.9558466484288596,382,216,1
302663,365,0,0.9558470730283002,382,212,1
302674,365,0,0.9558467915523393,382,237,1
302687,365,0,0.9558469871860975,382,213,1
302695,365,0,0.9558467773512221,382,210,1
302700,365,0,0.9558467628818326,382,220,1
302724,365,0,0.9558486060209104,382,239,1
302727,365,0,0.9558466072809018,382,217,1
302736,365,0,0.9558470942229241,382,272,1
302741,139,1,4.2598196771160834,33,230,1
302769,365,0,0.9558465751532501,382,217,1
302772,365,0,0.9558487495165683,382,221,1
302794,365,0,0.9558473996650911,382,219,1
302823,365,0,0.9558471494788,382,261,1
302875,365,0,0.9558468132743965,382,251,1
302884,365,0,0.9558465940862532,382,231,1
302902,365,0,0.9558471701637403,382,230,1
302903,365,0,0.9558471730733525,382,215,1
302904,365,0,0.9558487797479971,382,201,1
302922,365,0,0.955846907576808,382,222,1
302949,365,0,0.9558487868700384,382,210,1
302959,365,0,0.9558472091413605,382,214,1
302990,365,0,0.9558470970801077,382,234,1
303027,365,0,0.955847420893351,382,260,1
303028,365,0,0.955846848721556,382,213,1
303040,365,0,0.9558486889650224,382,212,1
303049,365,0,0.9558466910006054,382,225,1
303050,365,0,0.9558467414440404,382,214,1
303075,365,0,0.9558467781334015,382,212,1
303078,365,0,0.9558471990306304,382,267,1
303082,365,0,0.9558470873250954,382,232,1
303090,365,0,0.9558472886127902,382,222,1
303095,365,0,0.9558471061201597,382,234,1
303101,365,0,0.9558464907401519,382,223,1
303139,365,0,0.955847262712015,382,232,1
303168,365,0,0.9558472600837628,382,209,1
303193,365,0,0.9558473089395672,382,215,1
303211,365,0,0.9558470810343643,382,236,1
303223,365,0,0.9558472493601013,382,207,1
303239,365,0,0.9558492387979054,382,226,1
303243,365,0,0.955847214345021,382,207,1
303281,365,0,0.955846952260877,382,215,1
303288,365,0,0.9558474892049316,382,205,1
303295,365,0,0.9558470441970358,382,235,1
303314,365,0,0.9558487151736972,382,204,1
303342,365,0,0.9558469487067008,382,209,1
303347,365,0,0.9558465916029975,382,274,1
303350,365,0,0.9558471930531707,382,246,1
303364,365,0,0.9558472483944057,382,233,1
303370,365,0,0.9558467378144669,382,212,1
303406,365,0,0.9558471787398762,382,234,1
303423,365,0,0.955846923277509,382,222,1
303428,365,0,0.9558492261575958,382,218,1
303429,365,0,0.9558468599446511,382,208,1
303431,365,0,0.9558474689109481,382,221,1
303442,365,0,0.9558475526361263,382,210,1
303453,365,0,0.9558483422040341,382,219,1
303457,365,0,0.9558470373236013,382,214,1
303469,365,0,0.9558468821668237,382,229,1
303473,365,0,0.9558472328586677,382,210,1
303484,365,0,0.9558468022138212,382,220,1
303528,365,0,0.9558487423905082,382,207,1
303551,365,0,0.9558484379661566,382,216,1
303567,365,0,0.9558470986833245,382,214,1
303570,365,0,0.9558487268349042,382,203,1
303575,365,0,0.95584680014881,382,205,1
303609,365,0,0.9558486268290205,382,202,1
303618,365,0,0.9558479665238901,382,220,1
303625,365,0,0.9558484007917508,382,231,1
303631,365,0,0.9558470579115861,382,208,1
303632,354,1,4.259819068197961,83,246,1
303634,365,0,0.9558467056883303,382,225,1
303645,365,0,0.9558471370962963,382,232,1
303650,365,0,0.9558472479380493,382,242,1
303656,365,0,0.9558472220248083,382,231,1
303662,365,0,0.9558466283570779,382,206,1
303670,365,0,0.9558472789126442,382,223,1
303697,365,0,0.9558469939685044,382,277,1
303700,365,0,0.9558466041075055,382,222,1
303706,365,0,0.9558470392696263,382,252,1
303717,365,0,0.9558482336309495,382,211,1
303728,365,0,0.9558466031078432,382,240,1
303733,365,0,0.9558470039715542,382,239,1
303769,365,0,0.955846864454151,382,203,1
303783,365,0,0.9558468606064878,382,221,1
303862,365,0,0.9558470759425571,382,219,1
303890,365,0,0.9558466887908332,382,263,1
303894,365,0,0.9558487710461384,382,244,1
303897,365,0,0.9558471861288532,382,235,1
303914,365,0,0.9558471938253931,382,223,1
303933,365,0,0.9558487123048188,382,209,1
303940,365,0,0.9558467732582024,382,244,1
303949,365,0,0.9558471263892533,382,215,1
303982,365,0,0.9558467737257679,382,230,1
303988,365,0,0.9558486003598627,382,216,1
303990,365,0,0.9558469185535347,382,216,1
303992,365,0,0.955848324311084,382,249,1
303994,365,0,0.9558472868165918,382,217,1
303995,365,0,0.9558469607443147,382,221,1
304002,365,0,0.9558470397600134,382,271,1
304022,365,0,0.9558473325118992,382,216,1
304028,365,0,0.9558477294845115,382,209,1
304033,56,1,4.259820682973791,13,223,1
304043,365,0,0.9558472714058748,382,245,1
304056,365,0,0.9558468168813382,382,217,1
304073,365,0,0.9558474935625288,382,226,1
304078,365,0,0.9558472707695896,382,220,1
304092,365,0,0.9558468212036997,382,224,1
304130,365,0,0.9558465647436373,382,210,1
304146,365,0,0.9558473541730839,382,227,1
304182,365,0,0.9558468260862116,382,220,1
304187,365,0,0.9558489952154748,382,205,1
304213,365,0,0.9558474372013885,382,224,1
304216,365,0,0.9558467733778904,382,241,1
304222,365,0,0.9558476098026836,382,213,1
304254,365,0,0.9558475064668197,382,206,1
304256,365,0,0.9558486413819857,382,202,1
304260,365,0,0.9558471724641283,382,225,1
304270,365,0,0.9558472121529318,382,257,1
304271,365,0,0.9558471813631644,382,243,1
304306,365,0,0.9558471627810139,382,230,1
304314,365,0,0.9558470556610316,382,216,1
304315,365,0,0.9558473399428175,382,223,1
304328,365,0,0.9558471932408391,382,242,1
304368,365,0,0.9558469019889491,382,202,1
304395,365,0,0.9558473093161689,382,221,1
304403,365,0,0.955846803004721,382,208,1
304418,365,0,0.9558472791952157,382,214,1
304435,365,0,0.9558466808334417,382,219,1
304439,365,0,0.9558485998146627,382,209,1
304443,365,0,0.9558487489932277,382,212,1
304449,365,0,0.9558486764839131,382,211,1
304453,365,0,0.9558484218512882,382,220,1
304456,365,0,0.9558472445522942,382,207,1
304478,365,0,0.9558488567492722,382,219,1
304482,365,0,0.9558472310709137,382,224,1
304499,365,0,0.9558466223955755,382,223,1
304525,365,0,0.9558468875328239,382,214,1
304561,365,0,0.9558486060605039,382,247,1
304562,365,0,0.9558472699425108,382,249,1
304582,365,0,0.9558469398416137,382,218,1
304584,365,0,0.9558468437902011,382,217,1
304595,365,0,0.9558470223148251,382,239,1
304623,365,0,0.9558470840607632,382,233,1
304641,365,0,0.9558475040673938,382,210,1
304650,365,0,0.9558471579099692,382,245,1
304680,365,0,0.9558475916985998,382,208,1
304682,365,0,0.9558469224289811,382,227,1
304702,365,0,0.9558470343578336,382,249,1
304776,365,0,0.9558469838806665,382,217,1
304785,365,0,0.9558474347687183,382,221,1
304789,365,0,0.9558482927981131,382,229,1
304815,365,0,0.9558479190719685,382,207,1
304843,365,0,0.9558466853848213,382,221,1
304913,365,0,0.9558471122470072,382,230,1
304919,365,0,0.9558472330271934,382,229,1
304940,365,0,0.9558471373248912,382,237,1
304946,365,0,0.9558487520317412,382,227,1
304947,365,0,0.9558473531447389,382,259,1
304966,365,0,0.955847400624802,382,218,1
304970,365,0,0.9558480347721652,382,206,1
304971,365,0,0.9558466749989267,382,226,1
304982,365,0,0.9558477418655608,382,237,1
304998,365,0,0.955847273466911,382,228,1
305008,365,0,0.9558465350747786,382,223,1
305009,365,0,0.9558471279626757,382,250,1
305044,365,0,0.9558469867800475,382,212,1
305048,365,0,0.9558465344875424,382,244,1
305055,365,0,0.9558470970460579,382,215,1
305063,365,0,0.9558473156523377,382,215,1
305081,365,0,0.9558473206463516,382,218,1
305098,365,0,0.9558472286860326,382,216,1
305102,365,0,0.955848202671704,382,204,1
305103,238,1,4.259823527816446,56,228,1
305106,365,0,0.9558478565555226,382,217,1
305136,365,0,0.9558471076381817,382,240,1
305138,365,0,0.9558471575756446,382,240,1
305161,365,0,0.9558473838126289,382,227,1
305183,365,0,0.9558487786500323,382,215,1
305221,365,0,0.9558475102762851,382,223,1
305231,365,0,0.9558471608672261,382,251,1
305260,365,0,0.9558487587712852,382,211,1
305264,365,0,0.9558470617861796,382,219,1
305295,365,0,0.9558472217295808,382,222,1
305301,365,0,0.9558469071077021,382,253,1
305303,365,0,0.955846876516577,382,211,1
305309,365,0,0.9558473191737232,382,218,1
305318,365,0,0.9558468999264914,382,246,1
305323,365,0,0.9558467337823985,382,231,1
305330,365,0,0.9558468728809888,382,211,1
305338,365,0,0.9558468476753742,382,226,1
305356,365,0,0.9558477618432457,382,232,1
305368,365,0,0.955846823264264,382,223,1
305372,365,0,0.9558466843882565,382,230,1
305374,365,0,0.9558470980023984,382,225,1
305397,365,0,0.9558470892988561,382,238,1
305401,365,0,0.9558467710061508,382,212,1
305402,365,0,0.9558477706277086,382,243,1
305405,365,0,0.9558470927421412,382,217,1
305418,365,0,0.9558468776840475,382,219,1
305431,365,0,0.9558466599452061,382,222,1
305432,365,0,0.9558467613469321,382,214,1
305437,365,0,0.9558486904824723,382,206,1
305472,365,0,0.9558471498629945,382,246,1
305477,365,0,0.9558472752133904,382,233,1
305490,365,0,0.9558487208409779,382,203,1
305525,365,0,0.9558473864054103,382,205,1
305529,365,0,0.9558472504123062,382,251,1
305553,365,0,0.9558469914375237,382,218,1
305572,365,0,0.9558468529421177,382,204,1
305573,365,0,0.9558468147151273,382,208,1
305576,365,0,0.95584675069091,382,206,1
305577,365,0,0.9558472062872332,382,232,1
305582,365,0,0.9558469641833209,382,257,1
305603,365,0,0.955846692671288,382,224,1
305604,365,0,0.9558486303096787,382,205,1
305608,365,0,0.955846873097175,382,222,1
305613,365,0,0.9558472083677787,382,227,1
305619,365,0,0.9558483536693108,382,214,1
305624,365,0,0.9558472415853735,382,211,1
305625,365,0,0.955847259353603,382,220,1
305626,365,0,0.9558472215409815,382,242,1
305629,365,0,0.9558479579402253,382,208,1
305638,365,0,0.9558466181107362,382,222,1
305667,365,0,0.9558471399049757,382,223,1
305679,365,0,0.9558479658455715,382,210,1
305714,365,0,0.9558479015734009,382,247,1
305741,365,0,0.9558471216490662,382,251,1
305750,365,0,0.9558468867791795,382,247,1
305753,365,0,0.9558488250704384,382,208,1
305756,365,0,0.955846913403548,382,217,1
305770,365,0,0.9558483246313035,382,227,1
305789,365,0,0.9558470722427641,382,219,1
305798,365,0,0.9558485139213433,382,204,1
305808,365,0,0.9558470583293188,382,242,1
305817,365,0,0.9558475297095212,382,215,1
305832,365,0,0.9558486769588506,382,219,1
305849,365,0,0.9558468838244153,382,203,1
305851,365,0,0.9558470869138945,382,244,1
305877,365,0,0.9558470217294311,382,235,1
305911,365,0,0.9558468094628721,382,251,1
305927,365,0,0.9558467897527032,382,225,1
305939,365,0,0.9558471139843914,382,212,1
305947,365,0,0.9558474106769189,382,224,1
305970,365,0,0.9558492406868724,382,214,1
305974,365,0,0.9558483781496406,382,217,1
305981,365,0,0.9558471188394329,382,242,1
306000,365,0,0.9558473698974863,382,227,1
306010,365,0,0.9558468847785058,382,230,1
306034,365,0,0.9558474794680384,382,229,1
306035,365,0,0.9558466836615299,382,248,1
306051,365,0,0.955847446536294,382,211,1
306095,365,0,0.9558482717247074,382,227,1
306103,365,0,0.9558470345086345,382,234,1
306161,365,0,0.9558465565746409,382,236,1
306181,365,0,0.9558465586473993,382,228,1
306201,365,0,0.9558467405593207,382,244,1
306205,365,0,0.9558467175151062,382,234,1
306222,365,0,0.9558468444636224,382,215,1
306236,365,0,0.9558486387146808,382,206,1
306239,365,0,0.9558488482226861,382,206,1
306251,365,0,0.95584663418388,382,227,1
306253,365,0,0.9558465869759771,382,222,1
306269,365,0,0.9558472182232112,382,231,1
306270,365,0,0.9558466259095414,382,206,1
306272,365,0,0.9558472057768789,382,218,1
306316,365,0,0.95584724135722,382,246,1
306317,365,0,0.955847405611119,382,205,1
306322,365,0,0.9558467666832211,382,246,1
306326,365,0,0.955846993940906,382,247,1
306335,365,0,0.9558467368512421,382,219,1
306355,365,0,0.9558468636833053,382,241,1
306359,365,0,0.955848798648801,382,224,1
306367,365,0,0.9558471346983711,382,247,1
306373,365,0,0.9558472398254352,382,225,1
306384,365,0,0.9558469344688544,382,215,1
306386,365,0,0.9558465947285583,382,234,1
306387,365,0,0.9558473634513972,382,215,1
306388,365,0,0.9558467988989439,382,202,1
306413,365,0,0.9558470328144915,382,261,1
306447,365,0,0.9558476123320085,382,208,1
306449,365,0,0.9558487978090855,382,239,1
306453,365,0,0.9558465989007582,382,224,1
306488,365,0,0.9558464636441355,382,224,1
306506,365,0,0.9558470400999457,382,239,1
306519,365,0,0.9558488237578343,382,216,1
306530,365,0,0.9558466992800898,382,203,1
306560,320,1,4.259818229889642,75,220,1
306575,365,0,0.9558469591087585,382,202,1
306596,365,0,0.9558465686370193,382,212,1
306616,365,0,0.9558469837645186,382,206,1
306639,365,0,0.9558481195506988,382,210,1
306655,365,0,0.9558469990779808,382,257,1
306658,365,0,0.9558467643873837,382,217,1
306674,365,0,0.9558465257357395,382,236,1
306689,365,0,0.9558485018929257,382,238,1
306708,365,0,0.9558482945744445,382,212,1
306716,365,0,0.9558470608101356,382,248,1
306750,365,0,0.9558472370434618,382,229,1
306751,365,0,0.9558466501078836,382,221,1
306754,365,0,0.9558466135811249,382,222,1
306760,365,0,0.9558472540229238,382,221,1
306777,365,0,0.9558467720303973,382,232,1
306788,365,0,0.9558466460844822,382,205,1
306796,365,0,0.9558467286542782,382,215,1
306798,365,0,0.9558466473067306,382,211,1
306799,365,0,0.9558471647907282,382,209,1
306825,365,0,0.955848652688061,382,209,1
306826,365,0,0.955848610324019,382,207,1
306863,220,1,4.259821823865918,52,212,1
306864,365,0,0.9558466542247795,382,214,1
306865,365,0,0.955847250455068,382,214,1
306913,365,0,0.9558471598134961,382,267,1
306949,365,0,0.9558483696746667,382,217,1
306975,365,0,0.9558467721925271,382,222,1
306977,365,0,0.9558471078594086,382,213,1
306982,365,0,0.9558486102766206,382,212,1
306991,365,0,0.9558465430133413,382,221,1
307022,365,0,0.9558487494916712,382,204,1
307025,365,0,0.9558467981414117,382,238,1
307034,365,0,0.9558469052957468,382,242,1
307039,365,0,0.9558475995319538,382,226,1
307049,365,0,0.955847116068508,382,228,1
307075,365,0,0.955846507696657,382,219,1
307111,365,0,0.9558469109201665,382,264,1
307114,365,0,0.9558469096007416,382,218,1
307123,365,0,0.9558486863374466,382,220,1
307175,365,0,0.955847306887726,382,217,1
307180,365,0,0.955846588260493,382,223,1
307220,365,0,0.9558472861663235,382,229,1
307262,365,0,0.9558468720969407,382,253,1
307270,365,0,0.9558483494327494,382,231,1
307273,365,0,0.9558468487603292,382,240,1
307280,365,0,0.9558472069011748,382,230,1
307324,365,0,0.9558466812955743,382,218,1
307331,365,0,0.9558468142788437,382,209,1
307346,365,0,0.9558469444126112,382,221,1
307382,365,0,0.9558472212502245,382,209,1
307390,365,0,0.9558473239908649,382,214,1
307397,365,0,0.9558472724586874,382,221,1
307426,365,0,0.9558487829498448,382,205,1
307427,365,0,0.9558465682772891,382,275,1
307428,365,0,0.9558468852783726,382,230,1
307431,365,0,0.9558470828242548,382,236,1
307454,365,0,0.9558485787353435,382,204,1
307464,365,0,0.955848656214722,382,229,1
307465,365,0,0.955847242661888,382,218,1
307498,365,0,0.9558468125472531,382,218,1
307519,365,0,0.9558467686095083,382,230,1
307525,365,0,0.9558472067504536,382,248,1
307528,365,0,0.9558467775649306,382,251,1
307535,365,0,0.9558486420314379,382,241,1
307555,365,0,0.9558471175242598,382,220,1
307579,365,0,0.9558469021047163,382,225,1
307589,365,0,0.9558473483036963,382,279,1
307598,365,0,0.9558467097985203,382,216,1
307604,365,0,0.9558471495495275,382,228,1
307625,365,0,0.9558470957315939,382,252,1
307626,365,0,0.9558487789164961,382,231,1
307630,365,0,0.95584839318467,382,234,1
307632,365,0,0.9558466881435902,382,234,1
307633,365,0,0.9558473044637238,382,206,1
307641,365,0,0.9558473354609087,382,263,1
307654,365,0,0.955847256108547,382,237,1
307660,365,0,0.9558470949281659,382,225,1
307663,365,0,0.9558483513789272,382,212,1
307669,365,0,0.9558475389093956,382,225,1
307673,365,0,0.95584739008408,382,258,1
307681,365,0,0.955847518600772,382,223,1
307696,365,0,0.9558472755780845,382,219,1
307709,365,0,0.9558488367100658,382,211,1
307747,365,0,0.9558484515109466,382,221,1
307761,365,0,0.9558475212172722,382,216,1
307773,365,0,0.9558470406757795,382,232,1
307796,365,0,0.9558488250409285,382,209,1
307825,365,0,0.9558468440458887,382,222,1
307856,365,0,0.9558487073869261,382,231,1
307857,365,0,0.9558488269394572,382,209,1
307863,365,0,0.9558473987815734,382,211,1
307865,365,0,0.9558475040055722,382,230,1
307887,365,0,0.9558473327877992,382,258,1
307892,365,0,0.9558482151035304,382,224,1
307893,365,0,0.9558483074931188,382,242,1
307932,365,0,0.9558472612963802,382,208,1
307935,365,0,0.9558485769701084,382,205,1
307947,365,0,0.9558471543753756,382,247,1
307969,365,0,0.9558486968916204,382,211,1
307971,365,0,0.9558492973874343,382,215,1
307973,365,0,0.9558467454623435,382,212,1
307996,365,0,0.9558489266706836,382,228,1
308001,365,0,0.9558471161069062,382,238,1
308004,365,0,0.9558469913219558,382,237,1
308020,365,0,0.9558485916742862,382,220,1
308035,365,0,0.9558488100863612,382,209,1
308048,365,0,0.9558493320243859,382,202,1
308053,365,0,0.9558487918811236,382,211,1
308058,365,0,0.9558472828662185,382,215,1
308070,365,0,0.9558472607099356,382,220,1
308088,330,1,4.259823289526822,77,235,1
308092,365,0,0.9558474914968454,382,207,1
308094,365,0,0.9558473421447826,382,206,1
308110,365,0,0.9558467908633529,382,211,1
308111,365,0,0.9558465862460394,382,209,1
308127,365,0,0.9558466480107668,382,242,1
308143,365,0,0.9558471483219367,382,224,1
308148,365,0,0.9558471806708274,382,232,1
308170,365,0,0.9558473941407437,382,208,1
308173,365,0,0.9558471892733079,382,243,1
308178,365,0,0.9558481598817586,382,221,1
308197,365,0,0.9558472407037504,382,245,1
308201,365,0,0.9558487688361254,382,221,1
308220,365,0,0.9558472375077631,382,218,1
308242,365,0,0.9558467671796451,382,233,1
308244,365,0,0.955848694170601,382,216,1
308246,365,0,0.9558472488400189,382,208,1
308255,365,0,0.9558465902930773,382,244,1
308258,365,0,0.9558472699995393,382,246,1
308279,365,0,0.9558466638177432,382,241,1
308286,365,0,0.9558470928526414,382,211,1
308322,365,0,0.9558487639340956,382,214,1
308344,365,0,0.9558475808768175,382,225,1
308360,365,0,0.9558483876004726,382,219,1
308396,365,0,0.9558469432227217,382,207,1
308401,365,0,0.9558473932215945,382,218,1
308406,365,0,0.9558473775578005,382,208,1
308408,365,0,0.9558468001041922,382,212,1
308421,365,0,0.9558465378650361,382,232,1
308432,365,0,0.9558471826529755,382,237,1
308443,365,0,0.9558479495018565,382,201,1
308467,365,0,0.9558473915975039,382,233,1
308469,365,0,0.9558471686621607,382,242,1
308477,365,0,0.9558474803504629,382,221,1
308482,365,0,0.9558465185289715,382,202,1
308486,365,0,0.9558485616391161,382,218,1
308490,365,0,0.9558486501717611,382,222,1
308494,365,0,0.9558471213596049,382,258,1
308501,365,0,0.9558471774901737,382,234,1
308536,365,0,0.9558483379113579,382,217,1
308584,365,0,0.9558471427251377,382,242,1
308589,81,1,4.259814931253101,19,239,1
308595,365,0,0.9558483995013674,382,206,1
308597,365,0,0.955847033008615,382,214,1
308609,365,0,0.9558469288129847,382,225,1
308622,365,0,0.9558483095549594,382,229,1
308633,365,0,0.9558471408618863,382,211,1
308638,365,0,0.955848420418535,382,233,1
308663,365,0,0.9558473998602398,382,216,1
308664,365,0,0.9558470263179554,382,215,1
308728,365,0,0.9558469436985237,382,222,1
308739,365,0,0.955846972112591,382,208,1
308776,365,0,0.9558467542529464,382,204,1
308783,365,0,0.955846711037502,382,222,1
308796,365,0,0.9558465282107569,382,239,1
308813,365,0,0.9558483405003037,382,227,1
308825,365,0,0.9558477930543109,382,224,1
308826,365,0,0.9558468988355417,382,211,1
308844,365,0,0.9558468290076566,382,205,1
308845,365,0,0.9558470058797062,382,226,1
308865,365,0,0.9558466292089606,382,225,1
308866,327,1,4.259821280314708,77,202,1
308893,365,0,0.9558466889009419,382,249,1
308919,365,0,0.9558471340891949,382,266,1
308934,365,0,0.955846614700692,382,218,1
308950,365,0,0.9558481763037819,382,223,1
308983,365,0,0.9558467049430652,382,214,1
309008,365,0,0.9558466254560237,382,205,1
309029,365,0,0.9558493018912044,382,208,1
309057,365,0,0.955847351854305,382,204,1
309069,365,0,0.9558468543025094,382,225,1
309099,365,0,0.9558472109542765,382,245,1
309138,365,0,0.9558466025720668,382,214,1
309151,365,0,0.9558480477214883,382,237,1
309173,365,0,0.9558469755893166,382,221,1
309189,365,0,0.9558465609162353,382,219,1
309196,365,0,0.9558470987864494,382,246,1
309204,365,0,0.9558472476096128,382,239,1
309223,365,0,0.9558468402957618,382,239,1
309254,365,0,0.9558466468918407,382,212,1
309264,365,0,0.9558466135768328,382,217,1
309265,365,0,0.9558471857388658,382,218,1
309268,365,0,0.955847259833189,382,230,1
309279,365,0,0.9558474345517596,382,214,1
309287,365,0,0.9558472900304504,382,216,1
309290,365,0,0.9558469835609118,382,244,1
309319,365,0,0.9558472617001396,382,215,1
309333,365,0,0.9558470382548604,382,227,1
309336,365,0,0.955847158926239,382,258,1
309338,365,0,0.9558472722735173,382,207,1
309363,365,0,0.9558467527965642,382,212,1
309375,365,0,0.9558485964666154,382,204,1
309392,365,0,0.9558472224776006,382,211,1
309411,227,1,4.259817482184484,53,221,1
309415,365,0,0.9558465778806333,382,221,1
309417,365,0,0.955846926150977,382,212,1
309479,365,0,0.9558465319995139,382,221,1
309482,365,0,0.9558472040936694,382,210,1
309489,365,0,0.9558467135882684,382,243,1
309491,365,0,0.9558466403294493,382,214,1
309495,365,0,0.9558465801368471,382,206,1
309511,365,0,0.9558473101620031,382,214,1
309571,242,1,4.259821923388319,57,208,1
309580,365,0,0.955847104053623,382,243,1
309596,365,0,0.9558488257373715,382,213,1
309613,214,1,4.2598208318516395,50,220,1
309663,365,0,0.9558469327794985,382,231,1
309666,365,0,0.9558477457670362,382,221,1
309668,365,0,0.9558473397945763,382,203,1
309675,365,0,0.9558472808229646,382,221,1
309692,365,0,0.955848126699038,382,211,1
309700,365,0,0.955846800137693,382,230,1
309713,365,0,0.9558471528019883,382,246,1
309737,365,0,0.9558472323461746,382,249,1
309742,365,0,0.9558479746025219,382,239,1
309743,365,0,0.955847043973657,382,243,1
309784,365,0,0.9558470350645873,382,211,1
309787,365,0,0.9558472448452145,382,226,1
309812,365,0,0.9558471907369019,382,228,1
309836,365,0,0.9558468261715092,382,225,1
309844,365,0,0.9558474510355939,382,204,1
309847,365,0,0.9558471577507361,382,205,1
309871,365,0,0.9558467911226736,382,206,1
309915,365,0,0.9558472157007941,382,235,1
309926,365,0,0.9558473006704666,382,212,1
309927,365,0,0.9558470929770955,382,220,1
309954,365,0,0.9558472864714556,382,226,1
309963,365,0,0.9558487734972697,382,214,1
309969,365,0,0.9558471036179044,382,215,1
309984,365,0,0.9558468432037596,382,241,1
309999,18,1,4.259811870422881,4,224,1
310037,365,0,0.9558471717512469,382,248,1
310042,365,0,0.9558468001770305,382,217,1
310056,365,0,0.9558471180457205,382,277,1
310064,365,0,0.9558469944112745,382,277,1
310072,365,0,0.9558488094455824,382,207,1
310081,365,0,0.955847259103896,382,210,1
310086,365,0,0.9558470033908979,382,215,1
310132,365,0,0.955848566551767,382,228,1
310152,365,0,0.9558468644737788,382,203,1
310155,365,0,0.9558474240811051,382,206,1
310160,365,0,0.9558479015737795,382,212,1
310173,365,0,0.9558470453806749,382,234,1
310174,365,0,0.9558468374886032,382,246,1
310182,365,0,0.9558468437607655,382,209,1
310193,365,0,0.9558485729418136,382,215,1
310235,365,0,0.9558469732175524,382,223,1
310237,365,0,0.9558471860754011,382,217,1
310240,365,0,0.9558470618644648,382,223,1
310242,365,0,0.9558466343236047,382,211,1
310245,365,0,0.9558470211008183,382,247,1
310254,365,0,0.9558480279263745,382,224,1
310255,365,0,0.9558472279717758,382,205,1
310268,365,0,0.9558483860976084,382,211,1
310317,365,0,0.9558465135329718,382,226,1
310319,365,0,0.9558486003946322,382,221,1
310325,365,0,0.9558470093925988,382,232,1
310326,365,0,0.9558470966314563,382,245,1
310358,365,0,0.9558467246779904,382,266,1
310367,365,0,0.9558468007082639,382,236,1
310379,365,0,0.9558484133535122,382,223,1
310382,365,0,0.9558481379756263,382,218,1
310388,365,0,0.9558468492587965,382,253,1
310389,365,0,0.9558471471981513,382,213,1
310419,365,0,0.9558469439047409,382,260,1
310427,365,0,0.9558483070092302,382,238,1
310432,365,0,0.955847619185396,382,236,1
310439,365,0,0.9558467527483405,382,240,1
310442,365,0,0.9558468079475445,382,206,1
310446,365,0,0.955846853008454,382,263,1
310450,365,0,0.9558468904200725,382,236,1
310452,365,0,0.9558474366499671,382,206,1
310470,365,0,0.9558465347569323,382,232,1
310481,365,0,0.955846611013046,382,261,1
310483,365,0,0.9558465668171088,382,243,1
310484,265,1,4.259821185735669,62,209,1
310489,365,0,0.9558474644737163,382,219,1
310503,365,0,0.9558472444221516,382,218,1
310506,365,0,0.9558465902265908,382,276,1
310507,365,0,0.9558471840951577,382,206,1
310511,365,0,0.9558483457565542,382,203,1
310524,365,0,0.955847182902728,382,254,1
310525,365,0,0.9558468144287776,382,205,1
310546,365,0,0.9558488299672908,382,212,1
310578,365,0,0.9558466398499514,382,233,1
310581,365,0,0.9558472326132181,382,209,1
310593,365,0,0.9558468490480418,382,208,1
310594,365,0,0.9558486366518715,382,217,1
310604,365,0,0.9558471932163305,382,247,1
310607,365,0,0.9558465593010694,382,209,1
310612,365,0,0.9558466003927784,382,206,1
310618,365,0,0.9558488653615893,382,229,1
310620,365,0,0.9558471533799612,382,213,1
310629,365,0,0.9558472420556956,382,229,1
310643,365,0,0.9558471566612023,382,223,1
310645,365,0,0.9558470836957852,382,210,1
310649,365,0,0.9558474803622692,382,218,1
310654,365,0,0.9558467117552394,382,210,1
310659,365,0,0.9558491683427963,382,232,1
310687,365,0,0.9558469005016932,382,215,1
310688,365,0,0.9558470836805424,382,213,1
310705,365,0,0.9558487375788232,382,224,1
310725,365,0,0.9558474362238569,382,202,1
310741,227,1,4.259821625890932,53,225,1
310746,365,0,0.9558471988084821,382,241,1
310749,365,0,0.9558478295166027,382,202,1
310774,365,0,0.9558473420462893,382,202,1
310791,365,0,0.9558467868875881,382,210,1
310849,365,0,0.9558483385114791,382,229,1
310878,365,0,0.9558469640370554,382,232,1
310884,365,0,0.9558469173145256,382,217,1
310890,365,0,0.9558470993920294,382,227,1
310905,365,0,0.9558470560736272,382,209,1
310920,365,0,0.9558471714473917,382,258,1
310923,365,0,0.9558466450122935,382,222,1
310941,365,0,0.95584668727418,382,207,1
310969,365,0,0.9558470703194094,382,211,1
310975,365,0,0.9558488688743875,382,220,1
310981,155,1,4.259823684235745,36,206,1
310982,365,0,0.9558472790702556,382,225,1
311001,365,0,0.9558472847567073,382,230,1
311005,365,0,0.9558468777803245,382,216,1
311007,365,0,0.9558468869991263,382,207,1
311013,365,0,0.9558470347562992,382,255,1
311014,319,1,4.259823349758653,75,221,1
311048,365,0,0.9558466993028877,382,203,1
311075,365,0,0.955848908081276,382,204,1
311131,365,0,0.9558470208529175,382,250,1
311147,365,0,0.955848687487595,382,210,1
311150,365,0,0.9558469460789678,382,202,1
311154,365,0,0.9558469779325938,382,207,1
311158,365,0,0.9558471986288651,382,231,1
311164,365,0,0.9558468482274957,382,255,1
311168,365,0,0.9558470309432852,382,253,1
311171,365,0,0.9558483790090552,382,216,1
311182,365,0,0.9558466275287945,382,211,1
311191,365,0,0.9558484110525359,382,221,1
311236,365,0,0.9558466868236234,382,202,1
311248,365,0,0.9558491600163824,382,226,1
311281,365,0,0.955847114615006,382,214,1
311299,365,0,0.9558469338012298,382,220,1
311325,365,0,0.9558471068700167,382,246,1
311328,365,0,0.95584696954914,382,212,1
311392,365,0,0.9558472594181466,382,205,1
311406,365,0,0.9558471969247369,382,234,1
311411,365,0,0.9558471529283515,382,207,1
311415,365,0,0.9558488428476303,382,235,1
311426,365,0,0.9558469032822042,382,219,1
311438,365,0,0.9558467996340233,382,212,1
311441,365,0,0.9558472051458918,382,210,1
311503,345,1,4.259818924250069,81,212,1
311505,365,0,0.9558470606451844,382,239,1
311550,365,0,0.9558488045823782,382,214,1
311557,365,0,0.9558471832366541,382,221,1
311568,365,0,0.9558466321212886,382,204,1
311593,365,0,0.955848861052963,382,215,1
311631,365,0,0.9558468850648562,382,216,1
311633,365,0,0.9558468917476983,382,239,1
311667,365,0,0.9558464313954942,382,212,1
311694,365,0,0.9558486093492716,382,206,1
311696,365,0,0.9558472381831009,382,231,1
311709,365,0,0.95584730280096,382,243,1
311711,365,0,0.9558470652541429,382,265,1
311718,365,0,0.9558468491192857,382,248,1
311725,365,0,0.9558468606865963,382,225,1
311759,365,0,0.9558465625949222,382,242,1
311760,365,0,0.9558471535652833,382,204,1
311790,365,0,0.9558471309690022,382,236,1
311805,365,0,0.9558467982557987,382,213,1
311821,365,0,0.9558472709228514,382,226,1
311828,365,0,0.9558487874466213,382,224,1
311830,189,1,4.259820496055869,44,242,1
311864,365,0,0.9558488601903018,382,222,1
311869,365,0,0.9558468579213459,382,208,1
311881,365,0,0.9558489758874518,382,210,1
311887,365,0,0.9558465778866468,382,217,1
311918,365,0,0.9558472756143306,382,226,1
311940,365,0,0.9558465364057392,382,217,1
311942,365,0,0.9558471996359692,382,217,1
311952,365,0,0.9558468104155791,382,272,1
311976,365,0,0.955846649431928,382,210,1
312011,365,0,0.9558467447326569,382,214,1
312018,365,0,0.9558466881652026,382,216,1
312061,365,0,0.955846602772959,382,228,1
312074,365,0,0.9558469024923121,382,224,1
312118,365,0,0.955846701349661,382,276,1
312143,365,0,0.955846915067859,382,224,1
312150,365,0,0.9558467739662396,382,244,1
312157,365,0,0.9558470280752827,382,245,1
312166,365,0,0.9558467482904831,382,217,1
312177,365,0,0.9558469659598687,382,204,1
312178,365,0,0.9558466738901399,382,222,1
312197,365,0,0.9558469686052168,382,227,1
312232,365,0,0.9558486862227575,382,208,1
312233,365,0,0.9558465806307531,382,226,1
312244,365,0,0.9558465393427944,382,240,1
312247,365,0,0.9558472210506306,382,224,1
312251,365,0,0.9558472591658941,382,218,1
312261,365,0,0.9558468524858138,382,218,1
312269,365,0,0.9558464966753167,382,251,1
312274,365,0,0.955846667860029,382,223,1
312285,365,0,0.9558467976170654,382,252,1
312299,365,0,0.9558470222977078,382,203,1
312300,365,0,0.9558466786601895,382,210,1
312364,365,0,0.9558471930212236,382,221,1
312375,365,0,0.9558481015571216,382,232,1
312383,365,0,0.9558466300757682,382,212,1
312401,365,0,0.9558467018883353,382,223,1
312414,365,0,0.9558467235325774,382,204,1
312416,365,0,0.9558468742133679,382,208,1
312443,365,0,0.9558466273199031,382,244,1
312462,365,0,0.9558468619312066,382,205,1
312465,365,0,0.9558469394792829,382,235,1
312486,365,0,0.9558472452808309,382,222,1
312494,365,0,0.9558468162856969,382,230,1
312495,365,0,0.9558486272411113,382,216,1
312511,365,0,0.9558469212891152,382,224,1
312550,365,0,0.955847197719394,382,205,1
312554,365,0,0.9558471898991348,382,209,1
312570,365,0,0.9558468270947622,382,212,1
312646,365,0,0.955846847898394,382,206,1
312655,365,0,0.95584745850872,382,242,1
312668,365,0,0.955847359240647,382,276,1
312701,365,0,0.955847014360354,382,224,1
312706,365,0,0.9558472719452694,382,262,1
312734,365,0,0.9558467647216377,382,248,1
312767,365,0,0.9558484953171742,382,207,1
312786,365,0,0.9558466484188665,382,275,1
312790,365,0,0.9558471809268051,382,257,1
312823,365,0,0.9558469464397651,382,252,1
312830,365,0,0.9558467496312557,382,219,1
312831,365,0,0.9558479046834466,382,214,1
312854,365,0,0.9558487660790951,382,222,1
312856,365,0,0.9558475858893164,382,213,1
312859,365,0,0.9558470528446575,382,223,1
312864,365,0,0.9558470660182371,382,248,1
312903,365,0,0.9558487553101268,382,219,1
312917,365,0,0.9558472055425865,382,220,1
312932,365,0,0.9558471530089782,382,249,1
312944,365,0,0.955846524478656,382,236,1
312951,365,0,0.9558484781944585,382,245,1
312976,365,0,0.9558472283162078,382,275,1
313030,365,0,0.9558488985793288,382,233,1
313042,365,0,0.9558470350313073,382,235,1
313064,365,0,0.9558488329982547,382,209,1
313113,365,0,0.9558471101288567,382,233,1
313132,365,0,0.9558466163072338,382,216,1
313134,365,0,0.9558475451230999,382,250,1
313154,365,0,0.9558487023484319,382,216,1
313169,365,0,0.9558475782122569,382,238,1
313190,365,0,0.9558487891984192,382,212,1
313192,195,1,4.259820591122912,46,210,1
313197,365,0,0.9558469565732239,382,280,1
313202,365,0,0.9558468717172137,382,211,1
313224,365,0,0.9558471980591547,382,239,1
313229,365,0,0.9558468149768119,382,210,1
313234,365,0,0.9558486664772324,382,209,1
313235,365,0,0.9558467220351133,382,215,1
313238,365,0,0.9558487796226418,382,222,1
313241,365,0,0.9558477304135033,382,218,1
313248,365,0,0.9558469180839382,382,226,1
313253,365,0,0.9558490769920875,382,214,1
313262,365,0,0.9558473064340561,382,222,1
313273,365,0,0.9558466656837772,382,213,1
313277,365,0,0.9558482698925453,382,215,1
313318,365,0,0.9558471166827189,382,208,1
313319,365,0,0.9558471739873198,382,248,1
313322,199,1,4.259820474226645,47,206,1
313328,365,0,0.9558474843993844,382,214,1
313348,365,0,0.9558465285669389,382,224,1
313349,365,0,0.9558488884099883,382,208,1
313373,365,0,0.9558473080594799,382,211,1
313375,365,0,0.9558492135268128,382,216,1
313384,365,0,0.9558470688291644,382,221,1
313385,365,0,0.9558481941063961,382,228,1
313416,365,0,0.9558484954204588,382,212,1
313440,365,0,0.9558470741121646,382,214,1
313448,365,0,0.9558469341681921,382,216,1
313461,365,0,0.9558471504072322,382,236,1
313480,365,0,0.955848650793011,382,223,1
313529,365,0,0.9558467572062284,382,226,1
313533,365,0,0.9558471721930522,382,219,1
313535,365,0,0.9558478684070761,382,213,1
313562,365,0,0.9558477239760548,382,223,1
313578,365,0,0.9558468928866524,382,203,1
313589,365,0,0.9558477747400239,382,210,1
313590,202,1,4.259822398376808,47,203,1
313617,365,0,0.9558484340801757,382,221,1
313647,365,0,0.9558466994324593,382,203,1
313675,365,0,0.9558473273540787,382,213,1
313680,365,0,0.9558468061418959,382,255,1
313683,365,0,0.9558468023695325,382,228,1
313685,365,0,0.9558465688127914,382,239,1
313690,365,0,0.9558482040310491,382,218,1
313696,365,0,0.9558474973222566,382,214,1
313723,365,0,0.955847297333833,382,244,1
313732,365,0,0.955848776155536,382,227,1
313737,365,0,0.9558471476982555,382,209,1
313751,365,0,0.9558471953448571,382,213,1
313767,365,0,0.9558486913931363,382,213,1
313772,365,0,0.9558486195774253,382,231,1
313777,365,0,0.9558487185235034,382,210,1
313788,365,0,0.9558478310440349,382,230,1
313794,365,0,0.9558469957013095,382,227,1
313810,365,0,0.9558467668734061,382,218,1
313815,365,0,0.9558470264107267,382,275,1
313821,365,0,0.9558468336968909,382,205,1
313826,365,0,0.9558473386971396,382,207,1
313831,365,0,0.9558473301060515,382,214,1
313838,365,0,0.9558487322408519,382,204,1
313874,365,0,0.9558472366790396,382,233,1
313887,365,0,0.9558469627130183,382,239,1
313905,365,0,0.955847465300139,382,211,1
313941,365,0,0.9558478247773079,382,204,1
313955,365,0,0.9558464683728788,382,223,1
313998,365,0,0.9558469009936977,382,202,1
313999,365,0,0.95584692981316,382,220,1
314000,365,0,0.955846801236924,382,213,1
314013,365,0,0.9558466923839533,382,222,1
314025,365,0,0.9558471848142138,382,205,1
314098,365,0,0.9558465754242081,382,231,1
314110,365,0,0.955848256785835,382,207,1
314114,365,0,0.955846900446838,382,218,1
314117,365,0,0.955847280343923,382,232,1
314127,365,0,0.9558475523017346,382,230,1
314178,365,0,0.9558466627981732,382,204,1
314180,365,0,0.9558468993130688,382,261,1
314188,365,0,0.955849170641517,382,222,1
314193,365,0,0.9558472768959672,382,230,1
314233,365,0,0.9558466828078295,382,252,1
314239,365,0,0.9558472521504598,382,208,1
314275,365,0,0.9558471393070719,382,220,1
314284,365,0,0.9558473282120796,382,208,1
314297,365,0,0.9558471489096014,382,249,1
314303,365,0,0.9558467704579904,382,279,1
314357,365,0,0.9558466991347583,382,251,1
314376,365,0,0.9558484186050329,382,207,1
314382,365,0,0.9558485334383788,382,222,1
314393,365,0,0.9558474118257959,382,221,1
314398,365,0,0.9558466812374131,382,220,1
314399,365,0,0.9558471509214568,382,240,1
314404,365,0,0.9558486686753267,382,208,1
314408,365,0,0.9558466116301187,382,203,1
314425,365,0,0.9558482494940266,382,238,1
314439,365,0,0.9558485919651658,382,213,1
314453,365,0,0.9558468979521344,382,212,1
314455,365,0,0.9558472248514016,382,231,1
314470,96,1,18.984260365130105,5,211,1
314481,365,0,0.9558488715015542,382,214,1
314493,365,0,0.9558465589374927,382,214,1
314497,365,0,0.955847236805004,382,232,1
314518,365,0,0.9558486556346225,382,216,1
314544,365,0,0.9558486832803933,382,240,1
314566,365,0,0.9558470854741081,382,257,1
314582,365,0,0.9558473885869275,382,206,1
314593,365,0,0.9558469944849888,382,203,1
314604,365,0,0.9558487624208726,382,205,1
314636,365,0,0.9558465769138226,382,222,1
314677,365,0,0.9558469009838002,382,212,1
314681,365,0,0.9558479657454599,382,205,1
314692,365,0,0.9558472380408054,382,221,1
314711,365,0,0.9558473256950203,382,209,1
314716,365,0,0.95584668644573,382,210,1
314725,7,1,4.259820352846929,2,217,1
314732,365,0,0.9558473609654109,382,229,1
314760,365,0,0.9558485281306511,382,231,1
314761,365,0,0.9558470767923658,382,257,1
314766,365,0,0.9558468772598044,382,240,1
314815,365,0,0.9558467101376905,382,214,1
314819,365,0,0.9558465874750705,382,218,1
314827,365,0,0.9558468550985667,382,233,1
314835,365,0,0.9558467219244207,382,223,1
314836,365,0,0.9558468646095436,382,253,1
314843,365,0,0.9558471597860232,382,250,1
314851,365,0,0.9558472397637374,382,234,1
314878,365,0,0.955846525163923,382,209,1
314881,365,0,0.9558465171582908,382,240,1
314901,365,0,0.9558472209318801,382,244,1
314918,365,0,0.9558486275373757,382,211,1
314935,365,0,0.9558471495860988,382,254,1
314956,365,0,0.9558472822880066,382,218,1
314964,365,0,0.9558466842080341,382,204,1
314975,365,0,0.9558487417492957,382,202,1
314978,365,0,0.9558472205128105,382,223,1
314990,365,0,0.9558470742781193,382,265,1
315007,365,0,0.9558484467891195,382,209,1
315030,365,0,0.9558474321784544,382,239,1
315081,365,0,0.9558477298505816,382,245,1
315104,365,0,0.9558470824425962,382,274,1
315109,365,0,0.9558484403958386,382,230,1
315204,365,0,0.9558476147756484,382,224,1
315225,365,0,0.9558467762392442,382,218,1
315245,365,0,0.9558472904750345,382,240,1
315247,365,0,0.9558471038627971,382,216,1
315258,365,0,0.9558472374927206,382,241,1
315259,365,0,0.9558491930149157,382,217,1
315269,365,0,0.9558470218670536,382,244,1
315279,365,0,0.9558482034132548,382,229,1
315283,365,0,0.9558491452534092,382,215,1
315338,156,1,4.259819936411056,37,231,1
315349,365,0,0.9558490201795878,382,217,1
315376,365,0,0.9558481164338002,382,229,1
315379,365,0,0.9558485361201113,382,221,1
315383,365,0,0.9558472563639316,382,220,1
315385,365,0,0.9558465635192395,382,223,1
315393,365,0,0.9558471173048365,382,259,1
315440,365,0,0.9558486790300095,382,211,1
315458,365,0,0.9558468655020694,382,229,1
315461,365,0,0.9558468867309147,382,212,1
315492,365,0,0.9558470787530099,382,222,1
315591,365,0,0.9558466592455421,382,233,1
315601,365,0,0.9558485748100601,382,204,1
315604,365,0,0.9558467120796854,382,241,1
315630,365,0,0.955848802651039,382,227,1
315664,365,0,0.9558468825210755,382,212,1
315673,365,0,0.9558486448485936,382,213,1
315701,365,0,0.9558466242200697,382,204,1
315710,365,0,0.9558480004919089,382,233,1
315715,365,0,0.9558472855234593,382,212,1
315720,365,0,0.955848668082827,382,206,1
315736,365,0,0.9558472908285693,382,204,1
315739,365,0,0.9558471230795881,382,213,1
315752,365,0,0.9558469054227884,382,226,1
315767,365,0,0.9558467458217798,382,272,1
315781,365,0,0.9558466172042791,382,213,1
315783,365,0,0.9558492058294807,382,204,1
315793,365,0,0.9558486886589495,382,204,1
315811,365,0,0.9558487139934045,382,209,1
315830,365,0,0.9558483173270588,382,209,1
315853,365,0,0.9558471310669302,382,206,1
315870,104,1,4.259813603917034,24,202,1
315888,365,0,0.9558465388967767,382,218,1
315929,62,1,4.259813949845669,15,207,1
315933,365,0,0.9558483118130745,382,252,1
315968,365,0,0.9558485902729805,382,225,1
316009,365,0,0.9558470510926425,382,219,1
316013,365,0,0.9558487019248201,382,204,1
316035,365,0,0.9558468128478618,382,221,1
316036,365,0,0.9558476523520733,382,221,1
316066,365,0,0.9558470755382215,382,280,1
316078,365,0,0.9558471400604015,382,211,1
316108,365,0,0.9558470676180942,382,230,1
316110,365,0,0.9558465060503876,382,218,1
316139,365,0,0.9558469044521053,382,211,1
316188,365,0,0.9558473672519607,382,213,1
316189,365,0,0.9558467417498903,382,211,1
316190,365,0,0.9558464639500479,382,222,1
316199,365,0,0.9558470311977099,382,245,1
316202,365,0,0.9558487002996388,382,205,1
316208,365,0,0.9558469143704,382,227,1
316223,365,0,0.9558466130458841,382,225,1
316237,365,0,0.9558465497439445,382,225,1
316244,365,0,0.9558467736452261,382,210,1
316363,365,0,0.9558469110500187,382,221,1
316389,365,0,0.9558466358578213,382,206,1
316401,365,0,0.9558471318290338,382,216,1
316407,365,0,0.9558466779665213,382,225,1
316412,365,0,0.955847088524962,382,268,1
316416,365,0,0.9558468943418509,382,237,1
316436,365,0,0.9558469398193243,382,223,1
316448,365,0,0.9558469353840476,382,266,1
316481,365,0,0.9558473225786125,382,209,1
316484,365,0,0.9558473239649395,382,274,1
316544,365,0,0.9558466638535933,382,202,1
316623,365,0,0.9558467878904072,382,217,1
316673,365,0,0.9558471264483415,382,248,1
316679,365,0,0.9558465471872076,382,209,1
316680,365,0,0.9558466646665396,382,224,1
316710,365,0,0.9558485321047876,382,219,1
316726,365,0,0.9558473788525547,382,216,1
316743,365,0,0.9558470594851654,382,222,1
316837,365,0,0.9558473858097103,382,239,1
316853,365,0,0.9558488218280794,382,238,1
316884,365,0,0.9558472708017574,382,214,1
316895,365,0,0.9558472257739594,382,233,1
316921,365,0,0.9558484794079575,382,217,1
316934,365,0,0.9558467573025756,382,216,1
316952,365,0,0.9558465403338376,382,218,1
316982,365,0,0.9558465559211072,382,213,1
316985,365,0,0.9558470054380426,382,234,1
316988,365,0,0.9558472932502929,382,202,1
316994,365,0,0.9558469279501172,382,217,1
317058,365,0,0.9558484836373675,382,214,1
317060,365,0,0.9558469168125479,382,214,1
317087,365,0,0.9558465454023305,382,218,1
317139,365,0,0.9558491758628638,382,217,1
317149,365,0,0.955846949189885,382,214,1
317170,365,0,0.9558472616288652,382,216,1
317173,365,0,0.9558487306231952,382,250,1
317178,365,0,0.9558485533748435,382,214,1
317179,365,0,0.9558487059409975,382,208,1
317180,365,0,0.9558469068729193,382,218,1
317187,365,0,0.9558486266207308,382,226,1
317199,365,0,0.9558480165266945,382,240,1
317215,365,0,0.9558487076077283,382,209,1
317223,365,0,0.955847323956188,382,213,1
317238,365,0,0.95584686435118,382,231,1
317257,365,0,0.955847256913007,382,258,1
317279,365,0,0.9558488099923058,382,235,1
317298,365,0,0.9558466354012628,382,215,1
317302,365,0,0.9558484992130224,382,217,1
317309,128,1,4.259819296407701,30,217,1
317320,365,0,0.9558492589001467,382,219,1
317321,365,0,0.9558485865096917,382,238,1
317333,365,0,0.9558468150046753,382,262,1
317344,365,0,0.9558468491185235,382,213,1
317353,365,0,0.9558472406190991,382,252,1
317356,153,1,4.259815665671232,36,213,1
317357,365,0,0.9558470244279696,382,214,1
317365,365,0,0.9558486326564013,382,217,1
317370,365,0,0.9558473539742796,382,212,1
317379,365,0,0.955848711738022,382,228,1
317383,365,0,0.9558473374521311,382,207,1
317389,365,0,0.9558487291008837,382,214,1
317411,365,0,0.9558471834899228,382,208,1
317413,365,0,0.9558472757416879,382,210,1
317421,365,0,0.9558469277176133,382,241,1
317437,365,0,0.9558487552388747,382,206,1
317464,365,0,0.9558473163772764,382,249,1
317468,365,0,0.9558469113199821,382,221,1
317474,365,0,0.9558473599480185,382,218,1
317502,365,0,0.9558468191666236,382,213,1
317511,365,0,0.9558466811346737,382,223,1
317521,365,0,0.9558470784551836,382,255,1
317523,365,0,0.9558487274025723,382,216,1
317525,365,0,0.9558468676166633,382,264,1
317564,365,0,0.9558468897181387,382,218,1
317574,365,0,0.9558486887665087,382,209,1
317576,365,0,0.9558486739145067,382,219,1
317607,365,0,0.955847358719405,382,270,1
317649,365,0,0.9558474014197701,382,241,1
317669,365,0,0.9558467680952358,382,211,1
317701,365,0,0.9558484610801027,382,242,1
317704,365,0,0.9558467797412484,382,208,1
317711,365,0,0.9558469790770767,382,213,1
317723,365,0,0.9558465314444362,382,253,1
317727,365,0,0.9558470811202436,382,226,1
317752,365,0,0.9558471416356545,382,233,1
317763,365,0,0.9558469580494016,382,224,1
317772,365,0,0.9558470523066286,382,252,1
317773,365,0,0.9558472324860219,382,244,1
317787,365,0,0.9558466303693505,382,242,1
317789,365,0,0.9558471932077501,382,242,1
317798,365,0,0.9558465619788066,382,225,1
317801,365,0,0.9558469102175057,382,220,1
317810,365,0,0.9558467974777404,382,215,1
317823,365,0,0.955847379579232,382,213,1
317918,365,0,0.9558474703675272,382,229,1
317926,365,0,0.9558467059541684,382,208,1
317978,365,0,0.9558467191005499,382,212,1
317998,365,0,0.9558468579398649,382,206,1
318009,241,1,4.259823608153905,57,210,1
318048,365,0,0.9558465980706368,382,218,1
318067,365,0,0.9558472883767855,382,210,1
318072,365,0,0.9558472365493427,382,216,1
318081,365,0,0.9558466770383199,382,227,1
318084,365,0,0.9558467526631182,382,227,1
318091,365,0,0.9558467470677504,382,217,1
318096,257,1,4.259814919324172,60,213,1
318160,365,0,0.955847366264632,382,264,1
318167,365,0,0.9558478338594733,382,278,1
318168,365,0,0.9558483928509115,382,216,1
318177,365,0,0.9558484715056697,382,225,1
318183,365,0,0.9558472447396712,382,209,1
318201,365,0,0.9558487397976952,382,229,1
318235,365,0,0.9558472842424173,382,218,1
318265,365,0,0.9558488383341699,382,213,1
318274,365,0,0.9558472031567714,382,237,1
318290,365,0,0.9558472168018962,382,251,1
318307,365,0,0.9558472766630562,382,224,1
318331,365,0,0.9558469804756751,382,226,1
318344,365,0,0.9558471879522562,382,224,1
318349,365,0,0.9558469392090662,382,233,1
318364,365,0,0.9558473203324032,382,242,1
318377,365,0,0.9558478570058121,382,211,1
318383,365,0,0.9558470785994041,382,217,1
318401,365,0,0.9558467731165934,382,244,1
318416,365,0,0.9558468544415165,382,274,1
318419,365,0,0.9558474016772517,382,203,1
318439,365,0,0.9558469601193484,382,210,1
318458,365,0,0.9558465809477323,382,277,1
318476,365,0,0.9558484719727912,382,212,1
318500,365,0,0.9558471507236552,382,237,1
318503,365,0,0.9558487223090726,382,214,1
318539,365,0,0.9558466207970905,382,222,1
318540,365,0,0.9558467451238168,382,203,1
318569,365,0,0.955847163730032,382,217,1
318572,365,0,0.9558465046729082,382,215,1
318576,365,0,0.9558471828593709,382,241,1
318579,365,0,0.9558479527496111,382,212,1
318594,365,0,0.9558484208216004,382,219,1
318613,365,0,0.9558474139419285,382,205,1
318626,365,0,0.9558471758829046,382,267,1
318643,365,0,0.955847227605471,382,221,1
318645,365,0,0.9558489240304884,382,228,1
318646,365,0,0.9558475614735128,382,217,1
318653,365,0,0.9558467911398217,382,206,1
318683,365,0,0.9558469173126206,382,208,1
318695,365,0,0.9558465615168695,382,239,1
318704,365,0,0.9558487114255517,382,204,1
318710,365,0,0.9558487819270947,382,222,1
318711,365,0,0.9558472519748413,382,208,1
318718,365,0,0.9558473069490798,382,212,1
318727,365,0,0.9558466403571158,382,204,1
318734,365,0,0.9558471918670642,382,232,1
318750,365,0,0.9558472024516746,382,241,1
318752,365,0,0.9558471206975416,382,241,1
318782,365,0,0.9558471528694461,382,237,1
318831,365,0,0.9558472984176271,382,211,1
318878,365,0,0.9558472591148915,382,214,1
318911,365,0,0.95584668034154,382,221,1
318920,365,0,0.9558472982263299,382,222,1
318936,365,0,0.9558481092254574,382,217,1
318968,365,0,0.9558466127111799,382,242,1
318990,365,0,0.9558473612137182,382,219,1
319013,365,0,0.9558478994106886,382,224,1
319022,365,0,0.9558472453315523,382,232,1
319057,365,0,0.9558471367150579,382,244,1
319061,365,0,0.955846839205669,382,255,1
319065,365,0,0.955847201530552,382,242,1
319069,365,0,0.9558472939473643,382,208,1
319071,365,0,0.955848729358505,382,211,1
319146,365,0,0.9558467260779967,382,220,1
319166,365,0,0.9558472532313202,382,225,1
319201,365,0,0.9558471571159851,382,243,1
319225,365,0,0.955848829490923,382,204,1
319253,365,0,0.9558467074829159,382,218,1
319279,365,0,0.9558465561932545,382,206,1
319289,365,0,0.9558469218028474,382,202,1
319290,365,0,0.9558467512693449,382,220,1
319316,365,0,0.9558466465771849,382,207,1
319404,365,0,0.9558467964414153,382,219,1
319407,365,0,0.9558486868523925,382,210,1
319418,365,0,0.955848451678469,382,226,1
319436,365,0,0.9558472046020208,382,210,1
319486,365,0,0.9558468164444667,382,225,1
319504,365,0,0.955848931452289,382,208,1
319518,365,0,0.9558469549259431,382,252,1
319537,365,0,0.9558467740055864,382,216,1
319547,365,0,0.9558472470868623,382,202,1
319550,365,0,0.9558488846195028,382,212,1
319552,365,0,0.9558470589644825,382,228,1
319573,365,0,0.9558473147777334,382,231,1
319594,365,0,0.9558468820770475,382,210,1
319637,172,1,4.259820239803564,40,231,1
319656,365,0,0.9558477884571879,382,214,1
319692,365,0,0.9558488884137666,382,205,1
319694,365,0,0.9558484876378508,382,224,1
319712,365,0,0.9558468208851677,382,242,1
319753,365,0,0.9558473194308155,382,219,1
319781,365,0,0.955846865632316,382,218,1
319825,365,0,0.9558472463560581,382,238,1
319839,365,0,0.955848654863764,382,202,1
319849,365,0,0.9558465686688432,382,235,1
319865,365,0,0.9558480756535406,382,212,1
319923,365,0,0.9558466991622658,382,213,1
320000,365,0,0.9558488746055567,382,220,1
320015,365,0,0.9558466523953488,382,250,1
320022,365,0,0.955847252172517,382,215,1
320038,365,0,0.9558468946560016,382,209,1
320040,365,0,0.9558471425677011,382,241,1
320070,14,1,4.259812096542437,3,214,1
320101,365,0,0.955847169792321,382,208,1
320159,365,0,0.9558472039032506,382,224,1
320161,365,0,0.9558468874528346,382,265,1
320212,365,0,0.9558471273768253,382,230,1
320286,177,1,4.259822920151029,42,217,1
320324,365,0,0.9558471617585814,382,231,1
320346,365,0,0.9558466040324523,382,223,1
320374,365,0,0.9558468879393904,382,210,1
320378,241,1,4.2598182885519575,57,237,1
320386,365,0,0.9558471572720564,382,249,1
320401,365,0,0.9558465184695805,382,225,1
320438,365,0,0.9558469566555037,382,211,1
320482,365,0,0.9558486130141615,382,202,1
320516,365,0,0.9558468228006608,382,207,1
320531,365,0,0.9558486475470005,382,219,1
320579,365,0,0.9558491941301508,382,216,1
320605,365,0,0.9558467508399778,382,222,1
320666,365,0,0.9558474232559544,382,238,1
320678,365,0,0.9558469416926317,382,214,1
320704,244,1,4.259814773070172,57,208,1
320732,365,0,0.955846902594844,382,214,1
320738,365,0,0.9558472001448793,382,239,1
320748,40,1,4.259814535502629,9,230,1
320767,365,0,0.9558470874368035,382,221,1
320774,365,0,0.9558468917539631,382,205,1
320790,365,0,0.955848292789626,382,251,1
320791,365,0,0.955846840792792,382,225,1
320806,365,0,0.9558487325765057,382,219,1
320810,365,0,0.9558472692114313,382,205,1
320834,365,0,0.9558469244445296,382,251,1
320837,365,0,0.9558466963426139,382,223,1
320847,365,0,0.955846837722166,382,248,1
320852,365,0,0.955846801881723,382,250,1
320893,87,1,4.259825879079396,20,206,1
320920,365,0,0.9558485858529023,382,214,1
320931,365,0,0.9558470760254777,382,236,1
320946,365,0,0.9558472855099154,382,226,1
320953,365,0,0.9558480542934711,382,233,1
320959,365,0,0.9558465808704049,382,248,1
320960,365,0,0.9558472853154057,382,264,1
320966,365,0,0.955848099227537,382,204,1
320971,365,0,0.9558480866138755,382,208,1
320995,365,0,0.9558469087143234,382,207,1
321025,365,0,0.9558471575609773,382,241,1
321037,365,0,0.9558467135244726,382,222,1
321041,365,0,0.9558465403063321,382,220,1
321057,365,0,0.9558467543655685,382,231,1
321067,365,0,0.9558471175166864,382,225,1
321087,365,0,0.9558474403989815,382,220,1
321106,365,0,0.9558472757710595,382,244,1
321121,365,0,0.955847273194277,382,217,1
321131,365,0,0.9558468087158523,382,217,1
321150,365,0,0.9558468502689806,382,210,1
321152,365,0,0.9558483501462657,382,215,1
321165,118,1,4.259817818037279,28,207,1
321181,365,0,0.9558469314197662,382,234,1
321189,365,0,0.9558473196324767,382,235,1
321226,365,0,0.9558467865866709,382,211,1
321311,365,0,0.9558477649780674,382,226,1
321316,365,0,0.9558483740317364,382,222,1
321321,365,0,0.9558475240709061,382,230,1
321357,82,1,4.259822703115664,19,212,1
321365,365,0,0.9558468477129103,382,232,1
321371,365,0,0.955848899523292,382,209,1
321394,365,0,0.9558472004572898,382,245,1
321428,365,0,0.9558466416387124,382,237,1
321458,365,0,0.9558470275760371,382,218,1
321465,177,1,18.98425313069374,9,214,1
321484,365,0,0.9558479236326872,382,221,1
321488,365,0,0.9558485193880083,382,213,1
321496,365,0,0.9558467546508724,382,218,1
321503,365,0,0.9558472467211183,382,280,1
321511,365,0,0.9558484731920636,382,205,1
321538,365,0,0.9558466150043523,382,220,1
321542,365,0,0.955848680641889,382,216,1
321546,189,1,4.259821643914596,44,232,1
321552,365,0,0.9558467552447351,382,207,1
321585,365,0,0.9558467547570046,382,257,1
321587,365,0,0.9558465400626689,382,219,1
321590,365,0,0.9558473792471149,382,251,1
321591,365,0,0.9558472256515611,382,225,1
321623,365,0,0.9558465088184751,382,213,1
321629,365,0,0.9558472779676428,382,216,1
321631,365,0,0.9558466433772677,382,221,1
321640,365,0,0.9558471831635874,382,223,1
321659,365,0,0.9558472815552255,382,271,1
321664,365,0,0.955846812960171,382,208,1
321761,365,0,0.955847480225953,382,210,1
321770,365,0,0.9558466599895766,382,218,1
321771,365,0,0.9558466180061472,382,210,1
321797,365,0,0.9558465944963233,382,252,1
321826,365,0,0.9558485855904686,382,209,1
321827,365,0,0.9558486936916146,382,212,1
321843,365,0,0.955846817859064,382,217,1
321850,365,0,0.9558471778005517,382,226,1
321854,365,0,0.9558466024163751,382,271,1
321881,365,0,0.955847414156095,382,229,1
321921,365,0,0.9558486790699999,382,231,1
321925,365,0,0.9558477648248404,382,253,1
321959,365,0,0.9558472752447056,382,231,1
321961,365,0,0.955847944894767,382,231,1
322026,365,0,0.955847136796268,382,234,1
322108,365,0,0.9558479745419924,382,205,1
322114,365,0,0.9558487537026481,382,231,1
322153,365,0,0.9558472526938689,382,219,1
322157,365,0,0.9558471909009983,382,235,1
322173,365,0,0.955848742805618,382,204,1
322199,82,1,18.984254112864104,4,216,1
322263,365,0,0.955847371904089,382,249,1
322281,365,0,0.9558482292828562,382,226,1
322301,365,0,0.9558464689705272,382,264,1
322328,365,0,0.9558484484354337,382,219,1
322332,365,0,0.955847020411994,382,249,1
322334,365,0,0.9558471888766156,382,253,1
322409,346,1,4.259821315148339,81,215,1
322422,365,0,0.9558472873807197,382,211,1
322541,365,0,0.9558483407385219,382,207,1
322576,365,0,0.955846642689859,382,227,1
322580,365,0,0.9558484102490076,382,204,1
322610,365,0,0.9558474853788179,382,232,1
322618,365,0,0.9558471777718289,382,207,1
322621,365,0,0.9558464993792501,382,252,1
322645,365,0,0.955847584502842,382,229,1
322655,365,0,0.9558472361598579,382,244,1
322660,365,0,0.9558473126947199,382,203,1
322679,365,0,0.955847095045481,382,218,1
322704,365,0,0.9558491347434858,382,232,1
322708,365,0,0.9558470118304556,382,237,1
322719,365,0,0.9558466159606369,382,216,1
322734,365,0,0.9558469159719593,382,223,1
322735,365,0,0.955848749732895,382,232,1
322750,365,0,0.9558468940033299,382,218,1
322762,365,0,0.9558473658996255,382,217,1
322827,365,0,0.9558468063933544,382,211,1
322841,365,0,0.9558486227097557,382,230,1
322850,365,0,0.9558472764494359,382,218,1
322857,365,0,0.9558471621149718,382,241,1
322907,365,0,0.9558484178751327,382,217,1
322921,365,0,0.955848570778734,382,229,1
322932,365,0,0.955846846642641,382,227,1
322962,365,0,0.955846943751839,382,209,1
322963,365,0,0.9558474312700245,382,209,1
323022,365,0,0.9558486397954624,382,204,1
323042,365,0,0.9558467350101205,382,206,1
323084,365,0,0.9558481650922919,382,210,1
323096,365,0,0.9558487126210476,382,217,1
323117,365,0,0.9558484877728151,382,208,1
323124,365,0,0.955846879756971,382,210,1
323133,365,0,0.9558487539601663,382,220,1
323135,365,0,0.955847001603294,382,217,1
323140,365,0,0.9558486682169889,382,225,1
323155,365,0,0.9558476144190637,382,219,1
323252,365,0,0.9558487073589226,382,203,1
323255,365,0,0.9558468674234091,382,224,1
323301,365,0,0.9558486638369963,382,214,1
323304,365,0,0.95584720508145,382,245,1
323314,365,0,0.9558485499583174,382,212,1
323334,365,0,0.955847070509552,382,217,1
323356,365,0,0.9558484715743617,382,222,1
323377,365,0,0.9558470569974348,382,234,1
323393,365,0,0.9558471548482398,382,231,1
323439,365,0,0.9558466464574726,382,218,1
323453,365,0,0.9558483388852049,382,222,1
323459,365,0,0.9558466240199996,382,223,1
323467,365,0,0.9558468631875798,382,212,1
323474,365,0,0.9558488693689262,382,210,1
323497,365,0,0.9558487667032096,382,241,1
323527,210,1,4.259814117758875,49,237,1
323535,365,0,0.9558471483819709,382,202,1
323616,365,0,0.9558466739651837,382,209,1
323622,365,0,0.9558472075880065,382,231,1
323665,365,0,0.955846862412919,382,205,1
323676,365,0,0.9558470936066376,382,239,1
323687,360,1,4.25982163117874,85,218,1
323732,365,0,0.9558483361038862,382,203,1
323739,365,0,0.9558472310956466,382,236,1
323763,365,0,0.9558466514773529,382,226,1
323765,365,0,0.9558467913040913,382,242,1
323784,365,0,0.9558471851571649,382,243,1
323800,365,0,0.9558483063783788,382,208,1
323809,365,0,0.9558472195414378,382,238,1
323846,365,0,0.9558473090094095,382,208,1
323859,365,0,0.9558472113525314,382,232,1
323863,365,0,0.9558465038093311,382,240,1
323900,212,1,4.259811943682395,50,220,1
323940,365,0,0.9558470818882803,382,226,1
323950,365,0,0.9558466213300417,382,202,1
323968,365,0,0.955847001510391,382,225,1
323983,365,0,0.9558470715087556,382,252,1
324037,365,0,0.9558471756077977,382,216,1
324095,365,0,0.9558473048316344,382,222,1
324145,365,0,0.9558469396876068,382,241,1
324164,365,0,0.9558464309451279,382,267,1
324170,365,0,0.9558466356524494,382,216,1
324188,365,0,0.9558485701207025,382,216,1
324198,365,0,0.9558471281455962,382,253,1
324242,365,0,0.9558483963189122,382,219,1
324339,365,0,0.9558474181888442,382,211,1
324363,365,0,0.9558472122785993,382,226,1
324373,365,0,0.9558468565406812,382,208,1
324392,365,0,0.9558483890217261,382,252,1
324398,365,0,0.9558483778117035,382,206,1
324422,365,0,0.9558466020264239,382,245,1
324443,365,0,0.95584667729804,382,209,1
324445,365,0,0.9558473801338967,382,230,1
324448,365,0,0.955847305573206,382,213,1
324464,365,0,0.9558470836818146,382,234,1
324469,365,0,0.9558479659532478,382,210,1
324470,365,0,0.9558471683096998,382,275,1
324472,365,0,0.955847270154729,382,223,1
324501,365,0,0.9558471254975512,382,217,1
324508,365,0,0.9558465506290981,382,222,1
324550,365,0,0.9558472523122544,382,209,1
324595,365,0,0.9558472793957289,382,217,1
324646,365,0,0.955847319384336,382,217,1
324650,365,0,0.9558468678707998,382,268,1
324651,365,0,0.955848605535536,382,212,1
324665,365,0,0.9558472066408404,382,211,1
324670,365,0,0.9558472083432321,382,222,1
324694,365,0,0.9558467190319389,382,219,1
324695,365,0,0.9558470553568366,382,251,1
324720,365,0,0.9558471713996125,382,246,1
324752,365,0,0.9558486617215581,382,203,1
324781,365,0,0.9558468001868305,382,234,1
324889,365,0,0.9558468318052221,382,202,1
324938,365,0,0.9558466896930777,382,231,1
324960,365,0,0.9558473960204474,382,252,1
325001,365,0,0.9558487719291255,382,206,1
325008,365,0,0.9558471141752779,382,247,1
325061,365,0,0.9558471839970165,382,241,1
325081,365,0,0.9558472355183266,382,214,1
325115,365,0,0.9558470730858594,382,230,1
325121,365,0,0.9558473161414587,382,207,1
325147,365,0,0.9558473358119325,382,218,1
325176,365,0,0.9558472591147511,382,235,1
325184,365,0,0.9558487498440464,382,214,1
325203,365,0,0.9558472420923988,382,236,1
325204,365,0,0.9558466696163251,382,217,1
325214,365,0,0.9558467424232454,382,227,1
325220,365,0,0.95584869893745,382,205,1
325222,365,0,0.9558472193541458,382,239,1
325230,365,0,0.9558470883464242,382,279,1
325235,365,0,0.9558468672218863,382,205,1
325243,365,0,0.955847056895788,382,219,1
325245,365,0,0.9558473629266687,382,203,1
325257,365,0,0.9558474355486134,382,213,1
325279,365,0,0.9558471562918502,382,219,1
325280,365,0,0.9558468629973156,382,228,1
325283,365,0,0.9558468110617847,382,212,1
325310,365,0,0.9558472113147803,382,226,1
325363,365,0,0.9558470970295365,382,206,1
325366,365,0,0.9558471312571957,382,223,1
325377,365,0,0.9558472358771728,382,236,1
325403,365,0,0.9558469515963839,382,216,1
325404,365,0,0.9558467808548796,382,219,1
325441,365,0,0.9558469310053116,382,206,1
325491,365,0,0.9558486243849261,382,205,1
325506,365,0,0.9558472396595724,382,223,1
325515,365,0,0.9558471156317924,382,247,1
325571,365,0,0.9558468963476396,382,240,1
325576,365,0,0.9558492914715484,382,212,1
325577,365,0,0.9558470442085089,382,222,1
325578,365,0,0.9558471868738369,382,240,1
325581,365,0,0.9558468102609196,382,240,1
325592,365,0,0.9558472751765068,382,206,1
325594,365,0,0.95584683451924,382,219,1
325615,365,0,0.955847169358678,382,235,1
325640,365,0,0.955847466822744,382,206,1
325642,208,1,4.259820563102109,49,222,1
325665,365,0,0.9558473347883345,382,236,1
325691,365,0,0.9558469214116789,382,226,1
325704,365,0,0.9558473576315851,382,260,1
325728,365,0,0.955848494953805,382,210,1
325771,365,0,0.9558472910449235,382,213,1
325774,365,0,0.9558480076671098,382,227,1
325805,365,0,0.9558470992348895,382,243,1
325847,365,0,0.9558471234736651,382,246,1
325865,365,0,0.9558473666338925,382,205,1
325950,365,0,0.9558468356274276,382,242,1
325974,365,0,0.9558484572052589,382,232,1
326012,365,0,0.9558485531239047,382,216,1
326026,365,0,0.9558465959084802,382,222,1
326041,365,0,0.9558472499156304,382,229,1
326085,365,0,0.9558466046141245,382,240,1
326099,365,0,0.9558470311576223,382,218,1
326101,365,0,0.9558470736219321,382,233,1
326127,365,0,0.9558469844691401,382,213,1
326156,365,0,0.9558472127354564,382,246,1
326176,365,0,0.9558467326450609,382,207,1
326192,365,0,0.9558471567401292,382,251,1
326198,365,0,0.9558466244885178,382,216,1
326225,365,0,0.9558470892027524,382,219,1
326227,365,0,0.9558492744106647,382,207,1
326229,365,0,0.9558465032556651,382,274,1
326243,365,0,0.9558472799528142,382,226,1
326244,365,0,0.9558486849411995,382,207,1
326247,365,0,0.9558469673019276,382,209,1
326285,365,0,0.9558468331907253,382,221,1
326288,365,0,0.9558471463092336,382,236,1
326289,365,0,0.9558486909612103,382,206,1
326295,365,0,0.9558465837022582,382,221,1
326296,365,0,0.9558468184097011,382,208,1
326329,365,0,0.9558468790455538,382,269,1
326330,365,0,0.9558467203833563,382,222,1
326332,365,0,0.9558473479433028,382,265,1
326347,365,0,0.9558473642729705,382,210,1
326350,365,0,0.9558465896553645,382,206,1
326375,365,0,0.9558482852876891,382,211,1
326398,365,0,0.9558480043186606,382,217,1
326438,365,0,0.9558471764338848,382,250,1
326511,365,0,0.9558466166175034,382,236,1
326525,365,0,0.9558471212301035,382,222,1
326537,365,0,0.9558469061577924,382,212,1
326549,365,0,0.9558467555593531,382,273,1
326556,365,0,0.9558492295690467,382,225,1
326625,28,1,4.259823091750224,7,206,1
326632,365,0,0.9558467316589359,382,226,1
326684,365,0,0.9558472438645663,382,220,1
326700,365,0,0.9558484137943126,382,207,1
326734,365,0,0.955847156121461,382,221,1
326751,365,0,0.955847997401174,382,227,1
326757,365,0,0.955846889795798,382,238,1
326778,365,0,0.9558470476464368,382,232,1
326779,365,0,0.9558470237317399,382,246,1
326791,365,0,0.9558465826735768,382,224,1
326854,365,0,0.9558471246662179,382,253,1
326914,365,0,0.9558471664072719,382,211,1
326921,63,1,4.259822359224793,15,225,1
326946,365,0,0.9558471602343034,382,241,1
326953,365,0,0.9558473172616926,382,223,1
326964,365,0,0.9558471273077093,382,249,1
326972,365,0,0.9558472234556047,382,220,1
326997,365,0,0.9558465732629962,382,248,1
327011,365,0,0.9558483503972548,382,224,1
327030,365,0,0.9558486400684615,382,211,1
327032,365,0,0.9558467757094153,382,211,1
327067,365,0,0.9558471118503724,382,231,1
327084,365,0,0.955846614189598,382,202,1
327090,365,0,0.9558472597972142,382,232,1
327094,365,0,0.9558466109176563,382,225,1
327107,365,0,0.9558466269823644,382,213,1
327126,365,0,0.9558472306002902,382,225,1
327189,365,0,0.9558468319713523,382,252,1
327202,365,0,0.9558479672400171,382,267,1
327219,365,0,0.9558472830738104,382,276,1
327233,365,0,0.9558468134827891,382,221,1
327249,365,0,0.9558467202370535,382,205,1
327273,365,0,0.9558464992518676,382,275,1
327372,365,0,0.9558484469672889,382,213,1
327375,365,0,0.9558473662309734,382,272,1
327389,365,0,0.9558472016422399,382,215,1
327436,365,0,0.9558471359040668,382,252,1
327439,365,0,0.9558483317908368,382,233,1
327453,365,0,0.955847157958638,382,203,1
327491,365,0,0.9558471789386936,382,252,1
327544,365,0,0.9558467944063483,382,203,1
327563,365,0,0.9558471077682572,382,269,1
327574,365,0,0.9558471525725817,382,233,1
327599,365,0,0.9558470628583066,382,225,1
327618,365,0,0.9558467407536202,382,207,1
327652,365,0,0.9558472418077311,382,216,1
327695,365,0,0.9558487785402977,382,202,1
327705,365,0,0.9558470726406876,382,248,1
327719,365,0,0.9558472353918611,382,237,1
327726,365,0,0.9558467799653518,382,243,1
327760,365,0,0.9558470896263479,382,251,1
327774,365,0,0.9558471284691334,382,232,1
327799,365,0,0.9558469688552449,382,203,1
327819,365,0,0.9558472087151654,382,217,1
327827,365,0,0.9558469132375657,382,215,1
327835,365,0,0.955848441844962,382,204,1
327836,365,0,0.9558468496618597,382,217,1
327844,365,0,0.95584711716961,382,207,1
327848,365,0,0.9558474106983555,382,211,1
327901,365,0,0.9558488128336055,382,213,1
327916,365,0,0.9558468742436627,382,235,1
327917,365,0,0.9558473001679486,382,224,1
327941,365,0,0.9558484262881405,382,206,1
327984,365,0,0.9558466693053956,382,225,1
328000,365,0,0.9558474011365304,382,224,1
328015,365,0,0.9558473040480876,382,206,1
328047,365,0,0.9558469633691913,382,220,1
328115,365,0,0.9558472536617646,382,229,1
328116,365,0,0.9558484178360191,382,222,1
328161,365,0,0.9558469272616342,382,212,1
328171,365,0,0.955848468120785,382,243,1
328252,365,0,0.9558466122253608,382,208,1
328268,365,0,0.9558488765824041,382,227,1
328276,365,0,0.955847012535898,382,221,1
328290,365,0,0.9558484127557504,382,245,1
328350,365,0,0.9558467462281849,382,213,1
328365,365,0,0.95584715559098,382,224,1
328389,365,0,0.9558469225938563,382,204,1
328406,365,0,0.9558470186466973,382,205,1
328460,365,0,0.9558467932648145,382,230,1
328465,365,0,0.9558489333468367,382,208,1
328479,365,0,0.9558472568398924,382,209,1
328488,365,0,0.9558469351688301,382,205,1
328499,365,0,0.955847376478501,382,205,1
328520,365,0,0.955847245489944,382,211,1
328565,365,0,0.9558470524663599,382,265,1
328570,365,0,0.9558472864100496,382,212,1
328621,365,0,0.9558466917652458,382,276,1
328622,365,0,0.9558469391568575,382,228,1
328646,365,0,0.9558468916828594,382,239,1
328651,365,0,0.9558487436018855,382,220,1
328770,365,0,0.9558469612884712,382,202,1
328776,365,0,0.9558466122453091,382,241,1
328810,365,0,0.9558472880380748,382,212,1
328829,365,0,0.9558469099039459,382,243,1
328929,365,0,0.955848476569454,382,234,1
328934,365,0,0.9558471763885009,382,236,1
328943,365,0,0.9558468503405325,382,223,1
329005,365,0,0.9558474011592097,382,232,1
329027,365,0,0.9558470607122269,382,222,1
329036,365,0,0.9558466110261802,382,202,1
329075,365,0,0.9558478252268066,382,203,1
329081,365,0,0.9558472098127646,382,226,1
329083,365,0,0.9558474596239092,382,226,1
329084,365,0,0.9558467596333236,382,224,1
329092,365,0,0.9558470269842528,382,256,1
329095,365,0,0.9558469884691942,382,203,1
329116,365,0,0.9558472766486772,382,232,1
329172,365,0,0.9558465124994291,382,212,1
329175,365,0,0.9558468910802009,382,224,1
329244,141,1,4.259821292008365,33,207,1
329246,365,0,0.9558483642692296,382,217,1
329253,365,0,0.9558465640007154,382,214,1
329256,365,0,0.9558466323584398,382,241,1
329269,365,0,0.9558470895989056,382,221,1
329313,365,0,0.9558492381353108,382,203,1
329319,365,0,0.955847042167668,382,245,1
329332,365,0,0.9558469973666116,382,271,1
329350,365,0,0.9558474690969267,382,210,1
329354,365,0,0.9558472826503642,382,252,1
329356,365,0,0.95584673525422,382,242,1
329389,365,0,0.9558473502076967,382,220,1
329440,365,0,0.9558471128435281,382,238,1
329482,365,0,0.9558474172830569,382,210,1
329493,365,0,0.9558470271392348,382,242,1
329524,365,0,0.9558467018297172,382,217,1
329532,365,0,0.9558468172915782,382,251,1
329596,365,0,0.9558470139652001,382,213,1
329598,365,0,0.9558468495270702,382,208,1
329600,365,0,0.95584723194701,382,215,1
329641,365,0,0.9558471750343147,382,220,1
329692,365,0,0.9558472023082567,382,220,1
329693,365,0,0.9558488238921554,382,204,1
329708,365,0,0.9558473355287332,382,208,1
329725,365,0,0.9558471307477985,382,239,1
329728,365,0,0.9558472682549934,382,215,1
329734,365,0,0.9558469008185502,382,247,1
329757,365,0,0.9558464979767676,382,224,1
329786,365,0,0.9558468305595057,382,219,1
329852,365,0,0.9558478517100635,382,209,1
329877,365,0,0.9558470089596225,382,203,1
329913,365,0,0.955847075687446,382,252,1
329926,365,0,0.9558481976168117,382,213,1
329964,365,0,0.9558485899607859,382,205,1
329972,365,0,0.9558485856441663,382,211,1
330004,365,0,0.9558467588815086,382,202,1
330051,365,0,0.9558467138205559,382,250,1
330052,365,0,0.9558484624717989,382,204,1
330066,365,0,0.955848496548872,382,218,1
330142,365,0,0.9558472398680494,382,247,1
330163,26,1,4.259821731710839,6,212,1
330168,365,0,0.955846559012564,382,242,1
330175,303,1,4.259814674113924,71,211,1
330253,365,0,0.955847312805771,382,216,1
330288,365,0,0.9558466022171335,382,213,1
330325,365,0,0.9558472183693695,382,255,1
330328,365,0,0.9558467301248063,382,259,1
330354,365,0,0.9558472538508469,382,220,1
330365,365,0,0.9558471573160735,382,216,1
330388,365,0,0.9558473843207487,382,240,1
330408,365,0,0.9558468469320084,382,214,1
330439,365,0,0.955846904595661,382,210,1
330484,365,0,0.9558469763413786,382,210,1
330491,365,0,0.9558474538091901,382,229,1
330511,354,1,4.2598210318358,83,210,1
330549,365,0,0.9558472229210687,382,220,1
330599,365,0,0.9558473851243792,382,233,1
330614,365,0,0.9558472681623993,382,207,1
330685,365,0,0.9558480471917641,382,236,1
330689,365,0,0.9558469761495926,382,258,1
330699,365,0,0.9558490377552199,382,215,1
330779,365,0,0.9558485935331901,382,220,1
330803,365,0,0.9558487979808853,382,203,1
330846,365,0,0.9558490733977723,382,206,1
330860,365,0,0.9558484853927475,382,222,1
330866,365,0,0.9558467238620537,382,246,1
330890,365,0,0.9558464662264327,382,249,1
330903,365,0,0.9558473354043514,382,238,1
330927,365,0,0.955848971619346,382,211,1
330977,365,0,0.955847266768423,382,216,1
331088,365,0,0.9558472548552254,382,213,1
331093,365,0,0.955846451870479,382,252,1
331135,73,1,18.98425561741002,4,230,1
331183,365,0,0.9558472532524409,382,217,1
331241,311,1,4.259820961445692,73,228,1
331281,365,0,0.955847272516725,382,206,1
331349,365,0,0.9558473075091912,382,228,1
331439,365,0,0.9558472414006686,382,238,1
331460,365,0,0.9558482943864482,382,217,1
331461,365,0,0.9558471000813077,382,253,1
331500,365,0,0.9558467384939064,382,224,1
331584,365,0,0.9558473765658589,382,208,1
331612,365,0,0.9558470473647295,382,219,1
331666,365,0,0.9558473268993636,382,248,1
331709,365,0,0.9558488108971247,382,214,1
331792,365,0,0.9558472583775814,382,277,1
331821,365,0,0.9558471313327292,382,238,1
331865,365,0,0.9558484641130633,382,236,1
331889,365,0,0.9558487068440652,382,216,1
331928,365,0,0.955846803943536,382,206,1
331930,365,0,0.9558473003284018,382,205,1
331933,365,0,0.955847298270474,382,276,1
332035,365,0,0.9558472767143633,382,243,1
332039,365,0,0.9558476216036675,382,217,1
332066,365,0,0.9558471226333678,382,276,1
332104,184,1,4.259813144021635,43,251,1
332124,365,0,0.9558469175188256,382,235,1
332136,365,0,0.9558466680264724,382,218,1
332145,365,0,0.9558487042962963,382,238,1
332148,365,0,0.9558472927688061,382,209,1
332154,365,0,0.9558470912314225,382,233,1
332183,365,0,0.9558470373408372,382,225,1
332199,365,0,0.9558472677117823,382,212,1
332203,365,0,0.9558470885605345,382,237,1
332294,365,0,0.9558469694143943,382,208,1
332309,365,0,0.9558471084669887,382,266,1
332326,365,0,0.9558466374542863,382,215,1
332381,365,0,0.9558472623016004,382,222,1
332398,365,0,0.9558486888760689,382,227,1
332443,365,0,0.9558484708914319,382,212,1
332444,365,0,0.9558471211309019,382,271,1
332451,365,0,0.9558472212100861,382,215,1
332463,365,0,0.9558486567988774,382,216,1
332541,365,0,0.9558485422627807,382,213,1
332572,365,0,0.9558466686176453,382,269,1
332580,365,0,0.9558488111438552,382,214,1
332589,365,0,0.9558473072315166,382,211,1
332622,365,0,0.9558467160525548,382,205,1
332764,365,0,0.9558471860840659,382,248,1
332801,365,0,0.9558470180354965,382,218,1
332872,365,0,0.9558472540901992,382,220,1
332907,365,0,0.955847365901845,382,245,1
332911,365,0,0.9558478941730574,382,202,1
332912,365,0,0.9558472040858939,382,218,1
332913,365,0,0.955847255576661,382,243,1
332925,365,0,0.9558488355693697,382,229,1
332926,365,0,0.9558471484761581,382,204,1
332956,365,0,0.9558467818864518,382,218,1
333022,365,0,0.9558487251565982,382,207,1
333055,365,0,0.9558467461687795,382,232,1
333077,365,0,0.9558469346678462,382,216,1
333181,365,0,0.9558471123917568,382,229,1
333182,365,0,0.955847350720781,382,228,1
333203,365,0,0.9558467012103251,382,215,1
333257,365,0,0.9558469584367162,382,242,1
333270,365,0,0.955846870364591,382,219,1
333280,365,0,0.9558469353340202,382,212,1
333322,365,0,0.9558487951399485,382,213,1
333339,365,0,0.9558474635807153,382,210,1
333345,365,0,0.9558470624967833,382,220,1
333349,365,0,0.9558468459017332,382,226,1
333495,365,0,0.9558466231234501,382,203,1
333531,365,0,0.9558472671028382,382,207,1
333549,365,0,0.9558468471154835,382,206,1
333555,365,0,0.955847338611883,382,207,1
333628,365,0,0.9558470307946149,382,237,1
333651,101,1,4.259814720075675,24,225,1
333673,365,0,0.955848249030004,382,222,1
333738,365,0,0.9558466986778826,382,220,1
333751,365,0,0.9558470195722254,382,208,1
333798,365,0,0.9558471360957257,382,276,1
333864,365,0,0.9558467710996837,382,251,1
333894,365,0,0.9558469511578527,382,220,1
333903,365,0,0.9558470797147854,382,266,1
333905,365,0,0.9558473322144857,382,235,1
333920,365,0,0.9558490789773035,382,214,1
333921,365,0,0.9558472849328548,382,225,1
333947,365,0,0.9558470204589943,382,208,1
333950,365,0,0.9558469010330406,382,236,1
333995,365,0,0.9558489563091349,382,225,1
333996,365,0,0.955847214865808,382,223,1
334020,365,0,0.9558479895376022,382,239,1
334052,365,0,0.9558473097248638,382,214,1
334055,260,1,4.259819939989366,61,213,1
334056,365,0,0.9558470641452448,382,209,1
334058,365,0,0.9558472426510554,382,232,1
334127,365,0,0.9558487580872163,382,219,1
334132,365,0,0.9558486418736069,382,202,1
334148,365,0,0.9558488694469246,382,235,1
334188,365,0,0.9558486071742379,382,218,1
334253,365,0,0.9558472524433085,382,205,1
334254,365,0,0.955847117697674,382,227,1
334293,365,0,0.9558470243223667,382,206,1
334296,365,0,0.9558487686859107,382,246,1
334319,365,0,0.9558467732337296,382,250,1
334424,365,0,0.9558470718304729,382,219,1
334425,365,0,0.9558472618557807,382,217,1
334439,365,0,0.9558470977772786,382,213,1
334483,365,0,0.9558481200993252,382,209,1
334497,365,0,0.9558468224242288,382,209,1
334534,365,0,0.9558481452013747,382,214,1
334599,365,0,0.9558471160405319,382,265,1
334616,365,0,0.9558468698395926,382,220,1
334684,365,0,0.9558466274898858,382,221,1
334711,365,0,0.9558467034737526,382,225,1
334728,365,0,0.9558470254654368,382,237,1
334732,365,0,0.9558466339518449,382,212,1
334796,365,0,0.9558472074519999,382,202,1
334813,365,0,0.9558472659152769,382,204,1
334875,365,0,0.9558469078896459,382,229,1
334914,365,0,0.95584678684274,382,222,1
334921,365,0,0.9558472052887097,382,225,1
335004,365,0,0.955846525934469,382,234,1
335052,365,0,0.955846670840047,382,245,1
335092,365,0,0.9558468200451676,382,246,1
335102,365,0,0.9558471978751301,382,243,1
335117,365,0,0.9558487858910665,382,212,1
335122,365,0,0.9558468206264438,382,218,1
335131,175,1,4.259821250871004,41,209,1
335146,365,0,0.9558472225465249,382,242,1
335148,365,0,0.955847242611088,382,231,1
335154,365,0,0.955846595303249,382,210,1
335157,365,0,0.9558471761223933,382,224,1
335181,56,1,4.259821173454101,13,206,1
335219,365,0,0.9558478573745686,382,232,1
335232,365,0,0.9558473988081283,382,232,1
335262,365,0,0.955846910576584,382,215,1
335269,365,0,0.9558487527318916,382,212,1
335296,365,0,0.9558469162052116,382,223,1
335338,365,0,0.9558470711627575,382,249,1
335388,365,0,0.9558479247392764,382,206,1
335392,365,0,0.9558471061166605,382,238,1
335406,365,0,0.9558471251797032,382,223,1
335436,365,0,0.9558469491547813,382,205,1
335504,365,0,0.9558478922127195,382,207,1
335514,365,0,0.9558485989119083,382,213,1
335532,365,0,0.955847149108951,382,241,1
335586,365,0,0.9558471740866326,382,235,1
335624,365,0,0.9558469525010804,382,213,1
335632,365,0,0.9558474986632935,382,210,1
335640,365,0,0.9558473260761967,382,227,1
335646,365,0,0.9558474420232883,382,231,1
335660,365,0,0.955846822301259,382,236,1
335665,365,0,0.9558479865779737,382,218,1
335681,365,0,0.9558485817200147,382,212,1
335696,365,0,0.9558473405942403,382,271,1
335738,365,0,0.955847309835701,382,225,1
335740,365,0,0.9558473411832409,382,220,1
335764,365,0,0.9558474133811832,382,210,1
335767,156,1,4.2598200201668295,37,208,1
335771,365,0,0.9558468944052201,382,216,1
335816,365,0,0.9558490861744022,382,234,1
335830,365,0,0.9558467883064764,382,222,1
335836,365,0,0.9558472889061936,382,235,1
335838,365,0,0.955846656990255,382,244,1
335845,365,0,0.9558469712518685,382,202,1
335870,365,0,0.9558472005285504,382,209,1
335927,365,0,0.9558468911937608,382,212,1
335948,365,0,0.9558468716842764,382,219,1
335949,365,0,0.9558473515215772,382,240,1
335988,365,0,0.9558472419320472,382,214,1
336002,365,0,0.9558471153002839,382,238,1
336050,365,0,0.9558469597653757,382,232,1
336072,365,0,0.9558472438437674,382,215,1
336090,365,0,0.9558473301773984,382,214,1
336102,365,0,0.9558467585005465,382,224,1
336105,365,0,0.9558470034975287,382,245,1
336110,365,0,0.9558471826988986,382,220,1
336128,365,0,0.9558473715497308,382,203,1
336146,365,0,0.9558472277521101,382,274,1
336179,221,1,4.259818102431074,52,210,1
336210,365,0,0.9558483998685492,382,210,1
336211,365,0,0.9558468642875106,382,223,1
336216,365,0,0.9558487021897649,382,221,1
336273,365,0,0.9558468211811759,382,206,1
336285,365,0,0.9558475740354837,382,213,1
336293,365,0,0.955849202075244,382,206,1
336306,365,0,0.9558472777833177,382,216,1
336330,365,0,0.9558485252736463,382,238,1
336337,365,0,0.9558469438024758,382,217,1
336374,365,0,0.9558471154167961,382,206,1
336386,365,0,0.9558486619180946,382,237,1
336421,365,0,0.9558489715597437,382,211,1
336451,365,0,0.955846692170938,382,224,1
336463,365,0,0.9558481542244814,382,212,1
336477,365,0,0.9558468982278501,382,210,1
336483,365,0,0.9558492498323977,382,222,1
336487,365,0,0.9558468728357203,382,224,1
336506,365,0,0.9558468882895191,382,226,1
336531,365,0,0.9558472044301373,382,226,1
336532,365,0,0.9558472341243416,382,224,1
336547,365,0,0.9558470291132832,382,267,1
336553,365,0,0.9558468156221389,382,217,1
336578,365,0,0.9558472214186978,382,235,1
336637,365,0,0.9558479530499243,382,219,1
336654,365,0,0.9558472928574396,382,218,1
336669,365,0,0.9558471756471346,382,224,1
336676,365,0,0.9558467077669868,382,219,1
336687,365,0,0.9558487277899065,382,216,1
336705,365,0,0.9558470237407277,382,224,1
336715,365,0,0.9558469899957859,382,233,1
336745,365,0,0.9558469175617864,382,250,1
336750,365,0,0.9558469982497557,382,211,1
336753,365,0,0.9558468150887689,382,221,1
336761,337,1,4.259815334327339,79,219,1
336770,365,0,0.9558471223084518,382,238,1
336773,365,0,0.9558468171536205,382,252,1
336775,365,0,0.9558473305572321,382,209,1
336777,365,0,0.9558486613273819,382,218,1
336795,365,0,0.9558472023673451,382,231,1
336900,365,0,0.9558471829324401,382,226,1
336925,365,0,0.9558469849922974,382,211,1
336961,365,0,0.9558487589372888,382,201,1
337031,365,0,0.9558468332928246,382,203,1
337047,365,0,0.9558468407904288,382,205,1
337052,365,0,0.9558468797407157,382,246,1
337088,365,0,0.9558468558400182,382,253,1
337096,365,0,0.9558472365629792,382,221,1
337104,365,0,0.9558472777331535,382,253,1
337115,365,0,0.9558471582839524,382,233,1
337123,365,0,0.955847209640557,382,217,1
337128,365,0,0.9558471984442813,382,212,1
337146,365,0,0.9558468751944549,382,226,1
337175,365,0,0.9558486939138902,382,229,1
337232,365,0,0.9558479850601611,382,222,1
337287,365,0,0.9558469314882295,382,221,1
337299,365,0,0.9558473094898018,382,253,1
337302,365,0,0.9558472757097363,382,205,1
337305,365,0,0.9558469048794773,382,223,1
337307,365,0,0.9558469108486098,382,247,1
337310,365,0,0.9558475344789207,382,225,1
337316,365,0,0.9558480654307784,382,203,1
337353,365,0,0.9558474157078528,382,210,1
337381,365,0,0.9558488766594446,382,209,1
337459,365,0,0.9558468545950233,382,206,1
337484,365,0,0.9558471400242256,382,210,1
337487,365,0,0.9558491443552821,382,209,1
337495,365,0,0.9558487453281218,382,243,1
337500,365,0,0.9558469078082278,382,208,1
337535,365,0,0.95584710950844,382,233,1
337556,365,0,0.9558473954757088,382,232,1
337657,365,0,0.9558472337328587,382,238,1
337682,365,0,0.9558470725317663,382,251,1
337684,365,0,0.9558468635223357,382,224,1
337761,365,0,0.9558474399420637,382,203,1
337763,365,0,0.9558470630751604,382,215,1
337774,365,0,0.955847465600612,382,220,1
337775,365,0,0.9558477767755672,382,239,1
337791,365,0,0.9558485779658039,382,209,1
337807,365,0,0.9558471401184065,382,244,1
337819,365,0,0.9558487718558246,382,204,1
337839,365,0,0.9558486573101926,382,215,1
337842,365,0,0.9558473570218485,382,203,1
337852,299,1,4.259821137517065,70,231,1
337880,365,0,0.9558469350928938,382,208,1
337982,365,0,0.9558473123516585,382,210,1
338002,365,0,0.9558474532499881,382,206,1
338010,365,0,0.9558471024259166,382,249,1
338012,365,0,0.9558470444061362,382,232,1
338042,365,0,0.9558471453888234,382,214,1
338053,365,0,0.9558490381870414,382,205,1
338099,365,0,0.9558469019173044,382,222,1
338225,365,0,0.9558467895502005,382,218,1
338228,365,0,0.9558479767541997,382,243,1
338235,365,0,0.9558492650305898,382,221,1
338243,365,0,0.9558472388991687,382,225,1
338251,365,0,0.9558473304617582,382,204,1
338255,365,0,0.9558468140356606,382,221,1
338293,365,0,0.9558470830274967,382,207,1
338308,365,0,0.9558473201016203,382,216,1
338314,365,0,0.9558472280717447,382,227,1
338344,365,0,0.9558486501837731,382,221,1
338434,117,1,4.259819077079824,27,238,1
338445,365,0,0.9558472345194617,382,239,1
338457,365,0,0.955847986807892,382,213,1
338485,365,0,0.9558472119540409,382,218,1
338548,365,0,0.9558472436774893,382,225,1
338555,365,0,0.9558471854979734,382,210,1
338596,365,0,0.9558474408386461,382,209,1
338603,365,0,0.9558469195580483,382,248,1
338615,365,0,0.9558473587617822,382,212,1
338632,365,0,0.95584740973152,382,234,1
338640,365,0,0.9558472856888107,382,207,1
338657,181,1,4.25981860286313,42,253,1
338678,365,0,0.9558472500833832,382,221,1
338731,365,0,0.9558473147010784,382,215,1
338734,365,0,0.9558467462799681,382,216,1
338741,365,0,0.9558469985343785,382,248,1
338777,365,0,0.955847190841006,382,226,1
338779,197,1,4.259818153408552,46,211,1
338780,365,0,0.9558471483110436,382,247,1
338798,365,0,0.955846947805156,382,219,1
338800,365,0,0.9558473230982559,382,267,1
338806,365,0,0.9558480307676488,382,213,1
338902,365,0,0.9558470302690132,382,239,1
338950,365,0,0.9558471396976076,382,213,1
338962,365,0,0.9558485907960765,382,204,1
338985,365,0,0.9558468363011744,382,214,1
339001,365,0,0.9558479320644453,382,205,1
339100,365,0,0.9558473386597367,382,238,1
339102,365,0,0.9558472618468317,382,205,1
339132,365,0,0.9558467945204746,382,222,1
339177,365,0,0.9558467738285896,382,222,1
339205,150,1,4.259820622650015,35,222,1
339218,365,0,0.9558468589190651,382,227,1
339221,244,1,18.984257018136276,13,202,1
339297,365,0,0.955849180411069,382,223,1
339318,365,0,0.9558479170433787,382,202,1
339320,365,0,0.9558485255869777,382,201,1
339377,365,0,0.9558470267006339,382,243,1
339432,365,0,0.9558487652498575,382,215,1
339471,365,0,0.955848467130802,382,207,1
339485,365,0,0.9558467456842825,382,241,1
339509,365,0,0.9558472934671355,382,252,1
339579,365,0,0.9558472202063483,382,211,1
339642,365,0,0.9558480107131303,382,203,1
339672,365,0,0.955848713649148,382,205,1
339682,365,0,0.9558480330206219,382,205,1
339683,365,0,0.9558484198469677,382,205,1
339710,365,0,0.9558483944231679,382,213,1
339724,365,0,0.9558471718045165,382,215,1
339764,365,0,0.9558473277957213,382,210,1
339777,365,0,0.955847214697014,382,242,1
339799,365,0,0.9558484782278576,382,226,1
339840,365,0,0.9558470895717126,382,215,1
339846,365,0,0.9558470912626539,382,209,1
339851,365,0,0.9558470126951204,382,249,1
339855,365,0,0.9558469978952027,382,218,1
339882,365,0,0.9558486866166338,382,201,1
339948,365,0,0.9558470482922405,382,217,1
339962,365,0,0.9558473410820895,382,214,1
339967,240,1,4.259818060077598,56,223,1
339970,365,0,0.9558472408533818,382,226,1
339977,365,0,0.9558468180566385,382,228,1
339991,365,0,0.9558473989953876,382,249,1
340012,365,0,0.955848108726365,382,209,1
340026,365,0,0.9558474334265973,382,212,1
340035,365,0,0.9558485869575677,382,211,1
340090,365,0,0.9558487090532118,382,216,1
340135,365,0,0.9558473502171435,382,251,1
340168,270,1,4.259821501497162,63,209,1
340182,365,0,0.9558478179656187,382,210,1
340238,365,0,0.9558470930792506,382,231,1
340255,257,1,4.259815112355944,60,209,1
340293,365,0,0.9558473857255054,382,225,1
340309,365,0,0.9558484250842589,382,208,1
340335,365,0,0.9558487646165529,382,217,1
340337,365,0,0.9558471552239061,382,234,1
340348,365,0,0.9558470326615849,382,232,1
340352,365,0,0.9558479150692083,382,245,1
340374,365,0,0.9558468717789015,382,205,1
340378,365,0,0.9558468356047756,382,202,1
340394,365,0,0.9558472750853813,382,215,1
340407,365,0,0.9558468291390283,382,214,1
340435,365,0,0.9558480326607631,382,219,1
340463,365,0,0.9558489304035868,382,208,1
340490,365,0,0.9558470730785072,382,242,1
340523,365,0,0.9558487124553232,382,217,1
340584,365,0,0.9558470492655495,382,212,1
340587,365,0,0.9558468776087569,382,212,1
340610,365,0,0.9558472135314314,382,218,1
340614,365,0,0.9558469710040578,382,204,1
340622,365,0,0.9558487268161951,382,211,1
340632,365,0,0.9558480383446413,382,221,1
340640,365,0,0.9558471288685301,382,227,1
340683,365,0,0.9558469954680524,382,221,1
340689,365,0,0.9558468890195833,382,223,1
340712,365,0,0.9558469495916608,382,213,1
340772,365,0,0.9558487350089574,382,205,1
340781,78,1,4.25981776514242,18,217,1
340822,365,0,0.9558487840459203,382,203,1
340842,365,0,0.9558469055100767,382,215,1
340880,365,0,0.955846776532615,382,225,1
340884,347,1,4.2598145811213435,81,241,1
340941,360,1,4.259820901212278,85,223,1
340954,365,0,0.9558469433246888,382,203,1
340981,365,0,0.9558466906582429,382,216,1
340984,365,0,0.955848530147935,382,216,1
341020,365,0,0.9558470953570105,382,246,1
341053,365,0,0.9558469008485174,382,217,1
341086,365,0,0.9558468855433735,382,226,1
341102,365,0,0.9558468377349812,382,220,1
341143,365,0,0.9558486770398773,382,209,1
341145,365,0,0.955848624048674,382,222,1
341155,365,0,0.955848750783645,382,224,1
341187,365,0,0.9558468830884869,382,214,1
341206,365,0,0.9558471941693374,382,219,1
341221,365,0,0.9558471498124796,382,220,1
341225,365,0,0.9558469259397536,382,219,1
341299,365,0,0.9558487506331456,382,208,1
341310,365,0,0.9558467245068778,382,215,1
341385,365,0,0.95584832592801,382,217,1
341428,365,0,0.9558469805489782,382,234,1
341437,326,1,4.259822070610466,77,210,1
341444,365,0,0.9558468858018623,382,231,1
341574,365,0,0.9558468875235011,382,223,1
341576,365,0,0.9558471691089889,382,221,1
341637,365,0,0.9558471870110365,382,225,1
341645,365,0,0.9558471094799091,382,244,1
341658,365,0,0.9558487044859773,382,220,1
341726,365,0,0.9558485212555616,382,206,1
341882,365,0,0.9558472368421362,382,212,1
341954,365,0,0.9558471925488863,382,214,1
341960,365,0,0.955846959320658,382,208,1
341961,365,0,0.9558487523466855,382,216,1
341986,365,0,0.9558488311111214,382,214,1
