pipe_id,ensemble_prob,true_label,CatBoost,LR,RF,LightGBM
237191,0.047292,0,0.046324,0.081366,0.102622,0.043215
237214,0.051651,0,0.051012,0.046245,0.115867,0.053159
237225,0.03665,0,0.019527,0.338404,0.066223,0.045139
237249,0.02732,0,0.016079,0.176312,0.099896,0.040163
237299,0.037907,0,0.027229,0.260902,0.071836,0.036544
237314,0.023457,0,0.008669,0.22115,0.148093,0.039226
237318,0.44784,0,0.50218,0.917946,0.819829,0.15262
237327,0.176167,0,0.211378,0.130487,0.174143,0.054338
237342,0.046152,0,0.029723,0.396462,0.08157,0.04324
237377,0.088216,0,0.085345,0.321838,0.124485,0.056052
237401,0.049781,0,0.033307,0.374456,0.144012,0.049952
237404,0.051476,0,0.036242,0.45021,0.04992,0.036544
237427,0.075562,1,0.077838,0.117296,0.143645,0.057772
237429,0.032712,0,0.025101,0.161287,0.07668,0.036608
237431,0.065898,0,0.061922,0.29244,0.10123,0.039108
237452,0.045946,0,0.034099,0.303783,0.201756,0.039226
237465,0.060536,0,0.055241,0.238977,0.164784,0.045262
237472,0.045835,0,0.042129,0.137307,0.18977,0.039108
237533,0.046087,0,0.044645,0.125037,0.073138,0.036544
237573,0.030833,0,0.027854,0.004678,0.159239,0.042878
237575,0.073915,0,0.074903,0.260757,0.085833,0.036544
237585,0.054814,0,0.059807,0.05498,0.04772,0.036544
237621,0.061575,0,0.0387,0.588407,0.301677,0.045139
237657,0.057073,0,0.057951,0.044542,0.12994,0.054007
237659,0.079788,0,0.084665,0.139519,0.160169,0.048831
237660,0.190615,0,0.189091,0.613976,0.36251,0.115739
237672,0.09319,0,0.106565,0.085914,0.157219,0.043278
237704,0.130954,0,0.153984,0.141189,0.15573,0.043365
237725,0.036997,0,0.036602,0.026503,0.103568,0.038449
237747,0.039509,0,0.037602,0.051206,0.144542,0.04149
237762,0.288959,0,0.318391,0.649638,0.769423,0.102222
237780,0.059088,0,0.061398,0.037817,0.101377,0.053159
237783,0.022685,0,0.011863,0.149784,0.093818,0.037934
237794,0.050687,0,0.044408,0.188001,0.161168,0.046219
237798,0.0346,0,0.026992,0.151497,0.126057,0.039226
237813,0.041416,0,0.035397,0.180317,0.158196,0.035527
237830,0.033611,0,0.028487,0.122348,0.038552,0.036544
237843,0.105642,0,0.117906,0.154121,0.181041,0.049552
237851,0.042458,0,0.042659,0.070026,0.051157,0.036544
237858,0.039302,0,0.034933,0.138444,0.072473,0.036786
237910,0.029943,0,0.024774,0.095168,0.053305,0.036721
237918,0.033394,0,0.026452,0.099093,0.109717,0.045139
237926,0.048355,0,0.044655,0.162089,0.139941,0.039108
237942,0.053965,0,0.046438,0.309748,0.037052,0.036544
237944,0.078937,0,0.082957,0.102187,0.12295,0.058689
237957,0.034513,0,0.028246,0.146613,0.072973,0.036544
237960,0.046808,0,0.040501,0.19605,0.11567,0.04149
237961,0.045185,0,0.04077,0.177057,0.094136,0.036544
237962,0.032253,0,0.020902,0.200394,0.1258,0.04149
238016,0.039656,0,0.035401,0.141487,0.062055,0.036544
238040,0.079364,0,0.068667,0.507608,0.235733,0.037934
238047,0.100097,0,0.104336,0.268782,0.130087,0.053452
238071,0.041586,0,0.038097,0.134531,0.082067,0.036721
238077,0.050682,0,0.052793,0.081181,0.08225,0.036544
238082,0.036316,0,0.02135,0.287755,0.090362,0.045139
238091,0.046189,0,0.040766,0.209237,0.065396,0.036544
238094,0.020051,0,0.0096,0.127291,0.114866,0.036807
238095,0.019896,0,0.011763,0.081741,0.093449,0.036807
238118,0.032622,0,0.023005,0.208188,0.040679,0.036544
238119,0.026734,0,0.021297,0.06521,0.137592,0.036807
238122,0.053966,0,0.03887,0.465185,0.04353,0.036544
238123,0.03184,0,0.029608,0.045667,0.069639,0.036544
238126,0.036905,0,0.023252,0.26917,0.061488,0.045139
238132,0.047138,0,0.042188,0.198507,0.111947,0.036544
238136,0.034763,0,0.023278,0.261075,0.04183,0.036544
238144,0.048789,0,0.047543,0.110698,0.109733,0.040606
238150,0.041557,0,0.03489,0.173961,0.087533,0.041224
238156,0.058034,0,0.041035,0.463847,0.170138,0.045139
238157,0.039074,0,0.037268,0.087161,0.060527,0.036544
238180,0.068799,0,0.05647,0.438537,0.09175,0.047622
238276,0.13986,0,0.155465,0.311886,0.23382,0.048831
238294,0.435536,0,0.520617,0.724296,0.818057,0.058881
238310,0.022689,0,0.013069,0.120909,0.073685,0.039226
238348,0.064725,0,0.0697,0.111244,0.11758,0.036544
238372,0.093656,0,0.09482,0.185137,0.168641,0.070893
238386,0.115533,0,0.093256,0.723539,0.271373,0.08477
238395,0.051983,0,0.043418,0.320998,0.10657,0.034007
238405,0.08695,0,0.089019,0.231205,0.237119,0.049287
238410,0.080907,0,0.079807,0.297536,0.186483,0.043278
238419,0.051738,0,0.049581,0.179966,0.060538,0.036544
238436,0.025999,0,0.015475,0.157509,0.081666,0.039796
238447,0.049007,0,0.044327,0.183038,0.079155,0.04149
238448,0.105298,0,0.107434,0.370737,0.189802,0.047592
238477,0.128325,0,0.11605,0.613285,0.307717,0.08194
238500,0.051977,0,0.036975,0.313877,0.104012,0.059121
238519,0.035161,0,0.033801,0.049233,0.072628,0.036608
238523,0.047354,0,0.049573,0.061286,0.051725,0.036544
238589,0.050605,0,0.051998,0.103251,0.033318,0.036544
238592,0.042585,0,0.032675,0.221044,0.119072,0.045139
238599,0.166731,0,0.206301,0.052366,0.209928,0.039796
238615,0.025832,0,0.021628,0.052118,0.030116,0.036544
238625,0.066697,0,0.069464,0.049703,0.095835,0.058689
238655,0.046178,0,0.048505,0.053687,0.035569,0.036544
238660,0.041913,0,0.042104,0.062679,0.075601,0.036544
238668,0.036962,0,0.034264,0.066319,0.074981,0.040606
238676,0.062456,0,0.051841,0.358881,0.188355,0.045139
238757,0.089405,0,0.100514,0.145372,0.154098,0.036544
238765,0.264122,1,0.289634,0.734223,0.506555,0.079044
238779,0.025795,0,0.020201,0.025581,0.073685,0.045139
238786,0.069399,0,0.071368,0.069147,0.126073,0.060569
238813,0.033286,0,0.02404,0.204949,0.041026,0.036544
238837,0.042076,0,0.040515,0.09752,0.091249,0.036544
238851,0.044293,0,0.039232,0.134285,0.102188,0.045267
238854,0.030115,0,0.02625,0.074576,0.026752,0.036544
238873,0.020623,0,0.011757,0.099615,0.107121,0.036807
238877,0.027177,0,0.021057,0.074,0.074774,0.040069
238886,0.040835,0,0.034897,0.184502,0.06036,0.036544
238888,0.019522,0,0.006856,0.168888,0.078942,0.037934
238895,0.020282,0,0.014727,0.044114,0.020174,0.036544
238901,0.064689,0,0.051609,0.471168,0.109295,0.039108
238907,0.295553,0,0.328653,0.77454,0.602247,0.079044
238915,0.086353,0,0.093418,0.166651,0.179437,0.043278
238924,0.049946,0,0.038796,0.305112,0.126405,0.043373
238968,0.037028,0,0.024202,0.264611,0.070588,0.042787
238970,0.044408,0,0.041383,0.025284,0.087658,0.057772
238972,0.024589,0,0.016055,0.117069,0.082888,0.037934
238973,0.023991,0,0.01431,0.130983,0.077864,0.039108
238987,0.37,0,0.439215,0.524408,0.643123,0.079044
239059,0.033079,0,0.026657,0.104747,0.121598,0.04149
239060,0.041569,0,0.038529,0.099129,0.077751,0.04149
239069,0.116374,0,0.126808,0.326469,0.158456,0.039108
239093,0.031616,0,0.0236,0.151222,0.09935,0.037934
239095,0.07204,0,0.075953,0.140266,0.146915,0.043278
239099,0.082336,0,0.084225,0.248476,0.167124,0.043278
239116,0.091905,1,0.096967,0.181398,0.133087,0.056052
239117,0.030027,0,0.018157,0.19086,0.029789,0.045139
239118,0.024827,0,0.018488,0.078017,0.129036,0.035791
239120,0.032465,0,0.026356,0.081697,0.071179,0.045139
239121,0.034436,0,0.029091,0.115756,0.144242,0.036544
239122,0.067401,0,0.059067,0.360648,0.153005,0.043365
239132,0.038556,0,0.035375,0.070645,0.147449,0.04149
239139,0.064561,0,0.039661,0.675305,0.144623,0.045139
239148,0.045948,0,0.044686,0.111916,0.117987,0.036786
239150,0.035719,0,0.034405,0.051734,0.077058,0.036544
239155,0.175803,0,0.200586,0.358192,0.18233,0.051497
239162,0.027473,0,0.019286,0.090477,0.111978,0.044064
239163,0.047694,0,0.045814,0.110041,0.124348,0.04133
239166,0.022091,0,0.012096,0.114259,0.139194,0.039226
239180,0.050753,0,0.045753,0.1431,0.153305,0.049821
239192,0.260769,0,0.286523,0.806338,0.589145,0.058881
239220,0.041992,0,0.038709,0.134459,0.07917,0.036544
239227,0.133358,0,0.127916,0.606132,0.526413,0.057869
239235,0.011584,0,0.003619,0.01675,0.127284,0.036807
239236,0.01355,0,0.003032,0.072686,0.105747,0.039226
239251,0.051823,0,0.031206,0.526661,0.109713,0.04149
239252,0.06021,0,0.059305,0.161077,0.283103,0.039226
239253,0.025833,0,0.018401,0.118451,0.032496,0.036544
239311,0.04344,0,0.037046,0.166749,0.10513,0.043278
239315,0.049001,0,0.039927,0.25735,0.192692,0.041224
239324,0.070759,0,0.077488,0.027382,0.088423,0.053159
239327,0.035778,0,0.024705,0.209495,0.091458,0.044064
239329,0.034027,0,0.027849,0.138145,0.087752,0.036721
239333,0.043977,0,0.038623,0.054477,0.156662,0.058689
239352,0.027116,0,0.015928,0.158302,0.175914,0.040788
239363,0.081116,0,0.088657,0.120917,0.182842,0.043278
239365,0.03942,0,0.039309,0.040411,0.147097,0.036608
239366,0.091008,0,0.097485,0.079676,0.154329,0.06732
239377,0.11325,0,0.125079,0.160495,0.320016,0.05527
239401,0.047745,0,0.044772,0.16961,0.062145,0.036544
239407,0.041115,0,0.034151,0.042807,0.067737,0.065781
239409,0.044,1,0.04052,0.149539,0.095349,0.036544
239413,0.042831,0,0.039042,0.097254,0.178032,0.043278
239422,0.031266,0,0.023737,0.139779,0.093258,0.037934
239425,0.064922,0,0.060749,0.243968,0.128245,0.046553
239426,0.059058,0,0.043718,0.503707,0.049263,0.036544
239439,0.156234,0,0.154144,0.707319,0.475726,0.05645
239443,0.022147,0,0.012309,0.126944,0.08672,0.037934
239449,0.043138,0,0.031071,0.279546,0.054717,0.045139
239451,0.056794,0,0.050083,0.198525,0.147639,0.053685
239457,0.062182,0,0.059073,0.181965,0.183445,0.048831
239484,0.032274,0,0.020348,0.213768,0.151886,0.040508
239492,0.063247,0,0.055687,0.260872,0.211511,0.051666
239495,0.076094,0,0.066837,0.457817,0.096902,0.04149
239498,0.026062,0,0.016883,0.077332,0.075731,0.0494
239499,0.027995,0,0.016583,0.158893,0.158554,0.043065
239500,0.029828,0,0.023458,0.090106,0.068588,0.04149
239503,0.026319,0,0.020231,0.089157,0.062834,0.036544
239504,0.04045,0,0.026576,0.316426,0.072076,0.04149
239526,0.024132,0,0.01367,0.149917,0.147643,0.036807
239530,0.029089,0,0.021749,0.139637,0.025589,0.036544
239531,0.031595,0,0.023931,0.104635,0.053994,0.046219
239533,0.039339,0,0.024461,0.310707,0.129951,0.04324
239539,0.314291,0,0.357305,0.715207,0.481979,0.079044
239581,0.027373,0,0.003779,0.436066,0.08734,0.039796
239595,0.085956,0,0.085299,0.325393,0.291305,0.039796
239600,0.066192,0,0.069855,0.137155,0.138619,0.037934
239618,0.079009,0,0.086676,0.149038,0.130609,0.036721
239628,0.051991,0,0.050965,0.10546,0.130353,0.044011
239633,0.041313,0,0.02855,0.328605,0.061716,0.036544
239643,0.056205,0,0.048893,0.248051,0.106295,0.047515
239648,0.190527,0,0.234781,0.127776,0.161619,0.039108
239679,0.098316,0,0.109034,0.173929,0.166945,0.043278
239683,0.250664,0,0.261776,0.58552,0.647344,0.138575
239691,0.058435,0,0.050265,0.278052,0.210209,0.04508
239720,0.084269,0,0.082443,0.345864,0.10572,0.043668
239725,0.060776,0,0.057944,0.2304,0.132401,0.038901
239728,0.226829,0,0.245186,0.697291,0.527349,0.066467
239749,0.029934,0,0.024095,0.114175,0.026516,0.036544
239757,0.078764,0,0.084077,0.06312,0.127082,0.060569
239766,0.045373,0,0.044399,0.10564,0.104021,0.036544
239768,0.055068,0,0.049374,0.254024,0.106089,0.039108
239784,0.036599,0,0.034233,0.0892,0.015235,0.036544
239804,0.06225,0,0.056929,0.230734,0.210297,0.047612
239806,0.033243,0,0.025276,0.141517,0.05213,0.042787
239820,0.107336,0,0.095173,0.5947,0.415935,0.05645
239833,0.110824,0,0.113196,0.355854,0.307888,0.05271
239848,0.021285,0,0.008911,0.165442,0.07195,0.039796
239849,0.026583,0,0.006529,0.329035,0.116682,0.044064
239861,0.06916,0,0.06105,0.40273,0.125052,0.037934
239863,0.035802,0,0.026186,0.228289,0.049295,0.036544
239881,0.029104,0,0.021653,0.138753,0.046327,0.036544
239916,0.040554,0,0.024418,0.396081,0.043489,0.036544
239941,0.036865,0,0.032822,0.123169,0.030939,0.036544
239943,0.156765,0,0.191344,0.092425,0.183227,0.039796
239959,0.058956,0,0.035682,0.550811,0.185627,0.053452
239968,0.031405,0,0.024084,0.097416,0.046731,0.046219
239970,0.039538,0,0.030998,0.233001,0.038432,0.036544
239989,0.056546,0,0.044459,0.37075,0.109478,0.043553
239993,0.046048,0,0.030077,0.371929,0.105054,0.045139
240000,0.07363,0,0.080534,0.100257,0.200093,0.039796
240019,0.02107,0,0.015359,0.04849,0.046614,0.036544
240029,0.051245,0,0.039613,0.338498,0.100395,0.04149
240030,0.045062,0,0.037444,0.190157,0.12052,0.045139
240034,0.049594,0,0.039517,0.323423,0.097118,0.036544
240085,0.051375,0,0.041186,0.316133,0.150373,0.038901
240086,0.051605,0,0.042199,0.266827,0.222297,0.043065
240095,0.030584,0,0.020141,0.213493,0.028164,0.036544
240099,0.080945,0,0.082296,0.270329,0.187407,0.039108
240102,0.056204,0,0.055882,0.151277,0.102179,0.039108
240112,0.020447,0,0.010412,0.116917,0.061626,0.039108
240129,0.039511,0,0.030191,0.191622,0.096683,0.045139
240133,0.047583,0,0.032461,0.361071,0.128348,0.045139
240145,0.090931,0,0.090087,0.318757,0.087069,0.053452
240162,0.057379,0,0.051237,0.282043,0.127725,0.037934
240177,0.047303,0,0.047487,0.073187,0.099955,0.04051
240206,0.033996,0,0.030682,0.026827,0.079946,0.046219
240220,0.042584,0,0.026675,0.349589,0.090378,0.045139
240225,0.035077,0,0.031836,0.049828,0.093026,0.042772
240229,0.086911,0,0.096118,0.149549,0.154808,0.039796
240230,0.041351,0,0.029786,0.16644,0.148322,0.058689
240252,0.079936,0,0.077634,0.339714,0.15308,0.039952
240260,0.037987,0,0.032428,0.090261,0.087327,0.047782
240265,0.03723,0,0.024042,0.217262,0.081103,0.052533
240281,0.060136,0,0.057143,0.084467,0.097671,0.065781
240285,0.022118,0,0.01622,0.062295,0.028517,0.036544
240287,0.040974,0,0.030947,0.241154,0.109736,0.040296
240311,0.13749,0,0.134464,0.39325,0.275882,0.099053
240369,0.022123,0,0.012707,0.118032,0.126737,0.036807
240395,0.033034,0,0.030133,0.061495,0.101673,0.036721
240402,0.065788,0,0.067055,0.06241,0.12378,0.060073
240406,0.100896,0,0.099318,0.265317,0.181454,0.075068
240437,0.024454,0,0.017166,0.109469,0.011734,0.036544
240466,0.056919,0,0.053947,0.100039,0.142398,0.057772
240470,0.468139,1,0.556507,0.82236,0.577926,0.075359
240483,0.349901,1,0.392718,0.92328,0.712935,0.079044
240485,0.113579,0,0.114368,0.491876,0.229471,0.039796
240520,0.025417,0,0.015506,0.150481,0.126821,0.036807
240530,0.054975,0,0.044272,0.357728,0.18247,0.036807
240531,0.029043,0,0.022216,0.122723,0.063479,0.036544
240582,0.074758,0,0.077221,0.239073,0.06624,0.036544
240589,0.192396,0,0.21491,0.519077,0.26383,0.048851
240638,0.01836,0,0.007442,0.112063,0.094351,0.039796
240639,0.018942,0,0.009427,0.08521,0.105447,0.039796
240669,0.059254,0,0.055283,0.264737,0.082725,0.036544
240700,0.023567,0,0.010249,0.193906,0.130065,0.039307
240715,0.045025,0,0.034069,0.287425,0.069423,0.04149
240732,0.064504,0,0.057941,0.256996,0.096276,0.053452
240736,0.042951,0,0.039133,0.063929,0.070246,0.052533
240739,0.050254,0,0.054814,0.028557,0.076568,0.036544
240749,0.445365,0,0.500442,0.972836,0.736947,0.139446
240764,0.059222,0,0.062631,0.110228,0.087448,0.036721
240765,0.072884,0,0.063878,0.425753,0.179069,0.040097
240772,0.08171,0,0.067555,0.527092,0.115706,0.053452
240786,0.092976,0,0.081093,0.405501,0.275237,0.075869
240799,0.053622,0,0.051082,0.173212,0.118667,0.039796
240822,0.028582,0,0.017736,0.194433,0.106456,0.036807
240828,0.088751,0,0.091993,0.185605,0.237336,0.05527
240840,0.055566,0,0.057257,0.099447,0.139459,0.039108
240894,0.026902,0,0.021504,0.078276,0.066379,0.036544
240930,0.114673,0,0.104376,0.634361,0.34082,0.053452
240942,0.040531,0,0.03972,0.075728,0.065022,0.036544
240962,0.023284,0,0.014542,0.095302,0.100905,0.040508
240983,0.049667,0,0.044097,0.175581,0.078932,0.046916
240990,0.036522,0,0.030091,0.10693,0.103561,0.045799
241016,0.064564,0,0.06745,0.103456,0.199717,0.043131
241033,0.015139,0,0.005327,0.079948,0.120953,0.036807
241053,0.084901,0,0.08742,0.226884,0.271002,0.044964
241055,0.044929,0,0.039267,0.205752,0.087526,0.0359
241059,0.032952,0,0.023654,0.132553,0.09364,0.047782
241071,0.039707,0,0.040354,0.045195,0.032349,0.036544
241117,0.160357,0,0.168218,0.593762,0.331894,0.049031
241143,0.048611,0,0.043911,0.170685,0.198487,0.039922
241147,0.031025,0,0.016555,0.275544,0.085917,0.039226
241149,0.033129,0,0.022708,0.159077,0.173687,0.045139
241214,0.028834,0,0.027177,0.015891,0.054473,0.036544
241218,0.04849,0,0.048822,0.078416,0.063656,0.04149
241243,0.027459,0,0.022526,0.058819,0.091918,0.038252
241247,0.024318,0,0.017982,0.066723,0.068264,0.038901
241248,0.035455,0,0.02096,0.308216,0.15741,0.036807
241273,0.057187,0,0.057274,0.143296,0.091444,0.04051
241275,0.061711,0,0.060384,0.107961,0.129473,0.056433
241276,0.047533,0,0.039654,0.235961,0.099734,0.04149
241277,0.025465,0,0.018066,0.115061,0.033901,0.036544
241308,0.044182,1,0.033245,0.274627,0.065859,0.042787
241315,0.044786,0,0.034496,0.250664,0.141198,0.043278
241342,0.054011,0,0.044001,0.304747,0.156789,0.043278
241366,0.029317,0,0.026002,0.07029,0.06363,0.033269
241384,0.045093,0,0.047373,0.042409,0.066644,0.036544
241411,0.041191,0,0.040634,0.076816,0.053233,0.036544
241415,0.134144,0,0.123201,0.583566,0.393007,0.086939
241417,0.027347,0,0.017937,0.168529,0.039087,0.036544
241418,0.039513,0,0.033516,0.150761,0.084565,0.04051
241445,0.024485,0,0.0113,0.201037,0.08953,0.039796
241483,0.035698,0,0.033652,0.053704,0.068595,0.039108
241520,0.047941,0,0.034248,0.351163,0.095499,0.042994
241523,0.364167,0,0.414243,0.87101,0.703961,0.079044
241537,0.03691,0,0.037,0.024493,0.116475,0.036544
241561,0.083955,0,0.08596,0.234845,0.145127,0.047859
241572,0.410003,0,0.487904,0.629296,0.57879,0.078323
241604,0.027492,0,0.023647,0.045485,0.095886,0.036544
241650,0.037966,0,0.030264,0.207082,0.025598,0.036544
241654,0.073655,0,0.056339,0.518197,0.326957,0.051017
241670,0.075743,0,0.06527,0.395169,0.182267,0.054338
241672,0.03677,0,0.028589,0.193388,0.074553,0.037934
241679,0.026401,0,0.015999,0.184136,0.029659,0.036544
241682,0.01944,0,0.008715,0.130263,0.105889,0.036807
241702,0.031512,0,0.025726,0.119392,0.107947,0.035016
241712,0.037295,0,0.030582,0.152027,0.100665,0.039796
241749,0.068267,0,0.073674,0.036059,0.089409,0.053452
241757,0.036674,0,0.028766,0.152437,0.104523,0.043278
241770,0.035316,0,0.026235,0.178353,0.10863,0.041224
241771,0.328527,0,0.372432,0.780211,0.56247,0.079044
241779,0.040756,0,0.029845,0.243186,0.094477,0.043365
241780,0.024027,0,0.014332,0.126925,0.078041,0.039922
241828,0.119879,0,0.113382,0.581388,0.547113,0.049334
241830,0.082187,0,0.083899,0.158696,0.20605,0.058689
241848,0.029503,0,0.022472,0.120807,0.121943,0.036544
241855,0.06195,0,0.051042,0.350561,0.129508,0.048759
241873,0.086008,0,0.084307,0.251332,0.151365,0.0609
241882,0.063128,0,0.057697,0.321416,0.080602,0.036544
241891,0.048003,0,0.035928,0.272551,0.220044,0.047612
241906,0.040624,0,0.033567,0.169792,0.070197,0.042772
241930,0.03339,0,0.026446,0.119512,0.144439,0.04051
241941,0.026697,0,0.018261,0.146283,0.024787,0.036544
241979,0.041288,0,0.032628,0.20453,0.22532,0.038901
241990,0.050824,0,0.043529,0.272838,0.105829,0.036544
242009,0.027666,0,0.014011,0.222246,0.096461,0.04139
242045,0.028792,0,0.022375,0.11035,0.077433,0.036544
242047,0.026441,0,0.019847,0.078468,0.118138,0.038904
242060,0.023994,0,0.018764,0.008208,0.133246,0.043044
242071,0.032986,0,0.02955,0.061598,0.125907,0.037934
242074,0.017866,0,0.009049,0.065309,0.094247,0.039796
242095,0.096646,0,0.103967,0.111072,0.140854,0.065781
242104,0.065693,0,0.067431,0.116139,0.116299,0.048831
242105,0.035783,0,0.025633,0.229829,0.108557,0.036544
242115,0.031642,0,0.023706,0.143113,0.046879,0.040606
242117,0.062905,0,0.056302,0.320814,0.087774,0.040508
242130,0.050408,0,0.026207,0.581933,0.161328,0.041687
242132,0.048812,0,0.034942,0.348895,0.094142,0.045139
242149,0.036108,0,0.030622,0.146201,0.098337,0.034941
242155,0.034094,0,0.031288,0.075493,0.052367,0.036544
242180,0.0794,0,0.079824,0.223388,0.238323,0.047612
242200,0.378201,0,0.418352,0.941729,0.368895,0.129482
242212,0.027707,0,0.024233,0.047857,0.041703,0.036544
242233,0.071784,0,0.06792,0.207743,0.237219,0.057086
242246,0.027323,0,0.020167,0.120991,0.044077,0.036544
242286,0.036255,0,0.025285,0.25829,0.055981,0.036544
242288,0.058379,0,0.048348,0.313715,0.135904,0.047612
242296,0.062579,1,0.060777,0.153638,0.136896,0.050864
242298,0.049891,0,0.038145,0.344635,0.144548,0.037934
242330,0.199988,0,0.234649,0.306134,0.429689,0.046507
242334,0.246611,0,0.258642,0.895936,0.5196,0.078436
242341,0.067508,0,0.059999,0.349987,0.192849,0.041224
242367,0.04125,0,0.032594,0.205681,0.133777,0.041224
242368,0.045533,0,0.041996,0.124742,0.092023,0.043131
242396,0.044013,0,0.02747,0.418515,0.096316,0.036721
242410,0.208687,0,0.217871,0.828731,0.578529,0.053522
242439,0.032999,0,0.027789,0.093964,0.087956,0.039796
242445,0.056226,0,0.053954,0.076415,0.147744,0.05842
242451,0.035541,0,0.029612,0.121388,0.05723,0.04149
242490,0.075514,0,0.064056,0.374948,0.120086,0.063074
242498,0.055919,0,0.036475,0.461613,0.182468,0.051666
242503,0.108869,0,0.096292,0.630139,0.154307,0.0609
242558,0.038236,0,0.027779,0.236351,0.128638,0.038901
242573,0.04809,0,0.044533,0.105064,0.114648,0.049166
242579,0.07077,0,0.068399,0.131327,0.119801,0.06732
242581,0.046054,0,0.032726,0.330531,0.084459,0.043365
242597,0.09254,0,0.095328,0.327311,0.151847,0.038615
242614,0.075533,0,0.059991,0.512268,0.183016,0.051861
242685,0.029113,0,0.024203,0.080888,0.084741,0.036421
242687,0.069938,0,0.062345,0.30535,0.157245,0.053452
242700,0.046293,0,0.032554,0.344462,0.151483,0.040788
242706,0.0301,0,0.023633,0.095621,0.135214,0.039307
242707,0.390603,1,0.426989,0.886804,0.72231,0.158171
242775,0.03113,0,0.025342,0.101114,0.144161,0.036807
242782,0.069239,0,0.063492,0.253639,0.142543,0.055446
242789,0.025735,0,0.020441,0.082499,0.092337,0.033264
242802,0.041242,0,0.028499,0.304403,0.093932,0.039796
242826,0.041931,0,0.041275,0.087487,0.030363,0.036544
242828,0.037456,0,0.031042,0.140026,0.250052,0.036807
242837,0.031668,0,0.030598,0.021523,0.063186,0.036544
242842,0.031199,0,0.024767,0.104203,0.046061,0.04149
242848,0.060411,0,0.057018,0.09866,0.072077,0.065781
242854,0.036886,0,0.031522,0.11683,0.153742,0.039108
242859,0.053885,0,0.053265,0.137353,0.130031,0.039108
242873,0.056898,0,0.047855,0.295468,0.146431,0.045139
242884,0.034834,0,0.030414,0.105107,0.085205,0.037179
242891,0.026508,0,0.012209,0.248433,0.127667,0.036807
242892,0.120919,0,0.126069,0.433051,0.250473,0.042464
242916,0.029786,0,0.021121,0.158843,0.097763,0.036807
242924,0.057444,0,0.056108,0.171859,0.157389,0.039108
242937,0.048589,0,0.048705,0.090274,0.052388,0.040606
242946,0.076904,0,0.061239,0.536824,0.146297,0.050623
242951,0.399281,0,0.463102,0.853229,0.519783,0.079044
242953,0.066302,0,0.048174,0.514273,0.158017,0.050623
242989,0.03105,0,0.027389,0.074639,0.039608,0.036544
243026,0.041809,0,0.030671,0.293646,0.09149,0.036544
243049,0.030594,0,0.020902,0.169369,0.125821,0.038901
243054,0.092909,0,0.086144,0.385532,0.208859,0.062334
243067,0.046914,0,0.044456,0.126152,0.119088,0.039796
243096,0.047051,0,0.044157,0.15684,0.10284,0.036544
243121,0.026807,0,0.019205,0.091688,0.092001,0.041448
243145,0.082539,0,0.083254,0.156702,0.113257,0.065781
243174,0.063434,0,0.040292,0.679818,0.142293,0.036544
243188,0.053433,0,0.055634,0.098395,0.079148,0.036544
243198,0.027842,0,0.025227,0.029838,0.04898,0.036544
243214,0.041765,0,0.033998,0.228689,0.05985,0.036544
243236,0.09002,0,0.08948,0.268865,0.259402,0.05527
243253,0.062747,0,0.050909,0.171809,0.191217,0.083352
243260,0.032353,0,0.028994,0.076515,0.043826,0.036544
243264,0.029742,0,0.023888,0.058919,0.065528,0.045139
243272,0.022924,0,0.007999,0.226582,0.106085,0.039307
243274,0.037688,0,0.035546,0.08982,0.028618,0.036544
243276,0.040457,0,0.033821,0.163018,0.050465,0.042787
243297,0.047558,0,0.05131,0.020765,0.116325,0.036544
243313,0.050224,0,0.045694,0.189197,0.198288,0.037934
243333,0.043467,0,0.038558,0.118698,0.150129,0.045139
243358,0.04026,0,0.031091,0.226478,0.18336,0.036807
243361,0.02999,0,0.022241,0.122602,0.110092,0.039796
243385,0.065902,0,0.060908,0.158149,0.139635,0.065781
243411,0.031881,0,0.026043,0.128334,0.020027,0.036544
243428,0.133306,0,0.138319,0.430915,0.357718,0.05527
243434,0.090796,0,0.093779,0.310047,0.225108,0.036807
243444,0.037731,0,0.022058,0.364496,0.055878,0.036721
243472,0.038826,0,0.02805,0.238491,0.09046,0.04149
243481,0.022955,0,0.015354,0.072923,0.124576,0.039226
243511,0.035501,0,0.033617,0.050667,0.124684,0.037228
243513,0.048135,0,0.047756,0.109769,0.11813,0.036544
243602,0.089873,0,0.093283,0.191586,0.225392,0.05527
243611,0.044532,0,0.038913,0.124183,0.123161,0.048831
243619,0.350796,1,0.399534,0.847175,0.45857,0.079044
243653,0.065859,0,0.058904,0.26368,0.132862,0.054304
243667,0.059934,0,0.059071,0.079154,0.095259,0.058689
243679,0.109751,0,0.118568,0.242074,0.226987,0.05023
243724,0.036964,0,0.021633,0.325574,0.13573,0.039226
243734,0.087201,0,0.090355,0.280318,0.155728,0.039108
243760,0.043623,0,0.039314,0.162749,0.104118,0.036544
243774,0.030695,0,0.023356,0.146496,0.050707,0.036544
243778,0.042787,0,0.02628,0.367328,0.10294,0.044064
243802,0.036052,0,0.027547,0.186669,0.168552,0.036807
243813,0.243697,0,0.255656,0.892821,0.4243,0.078436
243828,0.048519,0,0.043025,0.206924,0.105372,0.038901
243842,0.093912,0,0.087053,0.409441,0.163445,0.0609
243843,0.048104,0,0.033681,0.363987,0.073778,0.044208
243861,0.055689,0,0.048583,0.206896,0.162224,0.051906
243865,0.023961,0,0.010318,0.198732,0.161697,0.039226
243881,0.036343,0,0.028021,0.181489,0.189774,0.036807
243899,0.070392,0,0.056857,0.46783,0.186805,0.046076
243960,0.124269,0,0.136467,0.262934,0.228346,0.051497
243980,0.030552,0,0.020793,0.177173,0.157587,0.036807
243998,0.0422,0,0.036932,0.168079,0.134915,0.036544
244006,0.089403,0,0.09746,0.076803,0.202727,0.058689
244079,0.028377,0,0.017134,0.182628,0.138469,0.039226
244080,0.081588,0,0.073079,0.359811,0.166631,0.0609
244117,0.064902,0,0.061452,0.123448,0.114454,0.065781
244118,0.049625,0,0.038523,0.316074,0.229488,0.037934
244149,0.069169,0,0.065037,0.235538,0.113523,0.053452
244171,0.05057,0,0.040619,0.337098,0.035942,0.036544
244195,0.110044,0,0.108275,0.540628,0.208918,0.036848
244203,0.031039,0,0.022074,0.185811,0.029315,0.036544
244210,0.098407,0,0.103306,0.234789,0.156392,0.054304
244211,0.026354,0,0.021754,0.059656,0.056346,0.036544
244260,0.08699,0,0.087001,0.279226,0.209306,0.04914
244279,0.03557,0,0.032668,0.086418,0.058831,0.036544
244289,0.017753,0,0.008954,0.084212,0.073209,0.036807
244299,0.029816,0,0.016269,0.23388,0.156961,0.039796
244300,0.024336,0,0.009417,0.228701,0.135013,0.039796
244303,0.057116,0,0.046794,0.349481,0.064605,0.042787
244333,0.036959,0,0.032638,0.121813,0.077552,0.036608
244337,0.062718,0,0.042207,0.531832,0.205332,0.050623
244379,0.061632,0,0.053287,0.325924,0.253764,0.039796
244404,0.057918,0,0.037442,0.597099,0.081325,0.036544
244406,0.042659,0,0.035662,0.216035,0.077338,0.036544
244412,0.040881,0,0.029246,0.267248,0.239084,0.0378
244423,0.06476,0,0.053599,0.427668,0.136589,0.039108
244426,0.364005,0,0.432976,0.49902,0.605116,0.078323
244428,0.068562,0,0.073134,0.060181,0.127844,0.051496
244429,0.049813,0,0.038596,0.332697,0.18738,0.036807
244440,0.397967,1,0.440957,0.985786,0.653202,0.12694
244443,0.019427,0,0.012562,0.042982,0.112691,0.037934
244445,0.086436,0,0.073691,0.498761,0.222566,0.055988
244459,0.04232,0,0.0325,0.274362,0.063076,0.036544
244463,0.045723,0,0.044594,0.129677,0.102633,0.033284
244465,0.040553,0,0.03402,0.121488,0.136252,0.047515
244473,0.027979,0,0.024385,0.052667,0.038494,0.036544
244487,0.057882,0,0.045978,0.423661,0.056122,0.036544
244524,0.046773,0,0.045112,0.075049,0.080073,0.046916
244542,0.072082,0,0.08096,0.066743,0.129696,0.038615
244548,0.410142,0,0.457883,0.882335,0.66831,0.142144
244563,0.046332,0,0.045258,0.041862,0.178445,0.047359
244580,0.033211,0,0.029911,0.039725,0.089305,0.042651
244590,0.058262,0,0.056038,0.17092,0.171937,0.043131
244598,0.086348,0,0.088028,0.263916,0.202214,0.045139
244622,0.05131,0,0.038178,0.318124,0.128672,0.049952
244624,0.052424,0,0.03844,0.35338,0.125323,0.048238
244680,0.076497,0,0.074256,0.307564,0.238599,0.038901
244681,0.023019,0,0.011039,0.177657,0.083219,0.037934
244683,0.043448,0,0.044694,0.044548,0.117842,0.036544
244709,0.059209,0,0.056612,0.175486,0.073513,0.047622
244717,0.23476,0,0.237272,0.800226,0.566161,0.115074
244778,0.03763,0,0.022361,0.323197,0.171194,0.039226
244781,0.047234,0,0.039149,0.236818,0.168435,0.039796
244782,0.053077,0,0.057876,0.040061,0.093256,0.036544
244795,0.052264,0,0.051318,0.096353,0.14458,0.045267
244871,0.036947,0,0.032537,0.092676,0.100125,0.04149
244898,0.035823,0,0.031226,0.083518,0.038389,0.044208
244901,0.049318,0,0.033178,0.387734,0.166922,0.045139
244910,0.421677,0,0.488746,0.467707,0.770916,0.15586
245007,0.041236,0,0.033049,0.181067,0.08897,0.045139
245044,0.037181,0,0.033269,0.064262,0.095531,0.045139
245119,0.04359,0,0.027981,0.372823,0.090275,0.041095
245138,0.045898,0,0.03883,0.241784,0.062065,0.036544
245177,0.243968,0,0.257034,0.881997,0.517798,0.073966
245203,0.085025,0,0.082191,0.331866,0.161447,0.049224
245210,0.039717,0,0.032854,0.137035,0.129544,0.045139
245223,0.055227,0,0.048153,0.304638,0.063892,0.036544
245225,0.052703,0,0.050722,0.143275,0.077714,0.043131
245231,0.026836,0,0.019997,0.112311,0.036724,0.036544
245252,0.06247,0,0.052248,0.316198,0.213305,0.050623
245261,0.032594,0,0.027377,0.0854,0.125604,0.039796
245284,0.036774,0,0.028474,0.206626,0.055722,0.036544
245292,0.056379,0,0.044799,0.403441,0.077377,0.036544
245300,0.233918,1,0.255027,0.590336,0.630387,0.081058
245305,0.076224,0,0.075079,0.192997,0.201188,0.056052
245323,0.059026,0,0.064308,0.068246,0.106003,0.036544
245337,0.044306,0,0.035308,0.220377,0.143356,0.043278
245357,0.068101,0,0.071158,0.141656,0.179758,0.04051
245358,0.029448,0,0.014801,0.266496,0.144642,0.037934
245377,0.047824,0,0.045668,0.146588,0.104289,0.036544
245379,0.083936,0,0.078205,0.390095,0.263293,0.045329
245393,0.069968,0,0.062026,0.303852,0.110614,0.056362
245395,0.050773,0,0.035812,0.374875,0.156219,0.045139
245398,0.039668,0,0.036408,0.094513,0.11445,0.039796
245400,0.042103,0,0.040639,0.060906,0.062685,0.043569
245445,0.057929,0,0.054886,0.209705,0.112389,0.04051
245446,0.014096,0,0.00576,0.051576,0.062924,0.036807
245459,0.026623,0,0.016064,0.119021,0.120015,0.046471
245516,0.030041,0,0.026262,0.060411,0.101712,0.036544
245540,0.030741,0,0.021187,0.103591,0.047675,0.052533
245541,0.03549,0,0.031151,0.084757,0.078663,0.04149
245548,0.039139,0,0.036641,0.10192,0.060428,0.036544
245554,0.05861,0,0.058642,0.128427,0.108421,0.044608
245555,0.075956,0,0.070211,0.334606,0.19426,0.047612
245559,0.032172,0,0.026233,0.13255,0.018969,0.036544
245605,0.045964,0,0.037166,0.225584,0.089327,0.045139
245620,0.074492,0,0.076634,0.245661,0.055111,0.036544
245629,0.025568,0,0.020604,0.065725,0.032123,0.036544
245644,0.064849,0,0.042807,0.570985,0.118659,0.054304
245645,0.12191,0,0.119793,0.413756,0.331916,0.071644
245655,0.025768,0,0.022453,0.029,0.057232,0.036544
245689,0.028698,0,0.019705,0.144685,0.098063,0.039226
245713,0.167551,1,0.161965,0.745343,0.378762,0.078971
245718,0.030346,0,0.015543,0.300448,0.038061,0.036544
245733,0.029126,0,0.019279,0.18655,0.058279,0.036544
245741,0.04302,0,0.021714,0.52,0.085948,0.035276
245759,0.028892,0,0.023938,0.085729,0.046247,0.036544
245783,0.053903,0,0.039479,0.235588,0.160025,0.071713
245838,0.023247,0,0.017771,0.05691,0.055614,0.036544
245845,0.197754,0,0.199508,0.823794,0.41432,0.073291
245866,0.033954,0,0.027194,0.137643,0.121035,0.037934
245874,0.038833,0,0.0317,0.093201,0.09043,0.054007
245914,0.027683,0,0.025089,0.02973,0.040181,0.036544
245926,0.030341,0,0.020725,0.139742,0.071772,0.045139
245934,0.093533,0,0.086702,0.402596,0.186952,0.0609
245963,0.031501,0,0.024533,0.117318,0.106114,0.039796
245977,0.041533,0,0.019378,0.495687,0.127107,0.039796
245978,0.033186,0,0.014466,0.371575,0.106414,0.039796
245984,0.036378,0,0.032091,0.100473,0.041819,0.040606
245986,0.048523,0,0.039314,0.260036,0.188441,0.040788
245994,0.056644,0,0.043476,0.436056,0.090015,0.036544
246011,0.275599,1,0.320356,0.570158,0.553438,0.049801
246019,0.166943,0,0.158763,0.869334,0.442533,0.063859
246049,0.042281,0,0.038422,0.098134,0.092359,0.045139
246055,0.048579,0,0.045364,0.18316,0.043674,0.036544
246065,0.054647,0,0.043697,0.276217,0.227178,0.050623
246092,0.052411,0,0.044961,0.257386,0.207988,0.038901
246100,0.057248,0,0.061068,0.083848,0.122389,0.036544
246104,0.034826,0,0.028847,0.109066,0.129002,0.04098
246121,0.049391,0,0.03856,0.334923,0.114235,0.036544
246127,0.304896,0,0.337284,0.829491,0.675496,0.081058
246134,0.033769,0,0.020804,0.182279,0.093607,0.053426
246137,0.049852,0,0.027875,0.601824,0.074773,0.031695
246139,0.047333,0,0.044052,0.071604,0.086513,0.054007
246143,0.029933,0,0.020741,0.170954,0.1154,0.036269
246144,0.23532,0,0.250217,0.784328,0.383644,0.078008
246147,0.043204,0,0.035167,0.183445,0.138409,0.045139
246153,0.29638,0,0.334876,0.694134,0.440838,0.079044
246171,0.033173,1,0.026903,0.139252,0.062657,0.036544
246184,0.26216,0,0.284783,0.584452,0.678628,0.109237
246209,0.037743,0,0.029949,0.154845,0.192662,0.041224
246210,0.032059,0,0.027831,0.082175,0.108947,0.036544
246223,0.037073,0,0.031886,0.145332,0.04929,0.036544
246255,0.039247,0,0.036493,0.073739,0.136298,0.04051
246275,0.050923,0,0.048185,0.182767,0.083957,0.036544
246284,0.030921,0,0.027123,0.075742,0.044943,0.036544
246309,0.03745,0,0.036722,0.05369,0.061993,0.036544
246325,0.063781,0,0.0692,0.082032,0.113154,0.039108
246333,0.033635,0,0.028459,0.103625,0.164501,0.036544
246356,0.378853,0,0.415984,0.809237,0.732637,0.154808
246382,0.049428,0,0.042174,0.270429,0.056033,0.036544
246461,0.076136,0,0.062606,0.401121,0.12876,0.066551
246467,0.022629,0,0.014683,0.081604,0.105148,0.039108
246490,0.249073,0,0.282657,0.486074,0.530616,0.074721
246493,0.08024,0,0.0575,0.781652,0.163634,0.036544
246516,0.357252,1,0.415867,0.754965,0.739745,0.058881
246530,0.053399,0,0.052099,0.161387,0.136918,0.036544
246577,0.040686,0,0.031928,0.235937,0.097356,0.036544
246599,0.064376,0,0.072332,0.048409,0.110354,0.036544
246609,0.017648,0,0.011697,0.03163,0.038357,0.036544
246618,0.055918,0,0.044392,0.398601,0.081322,0.036544
246623,0.0353,0,0.026229,0.195264,0.086855,0.038761
246645,0.304395,1,0.324815,0.830888,0.655757,0.124968
246654,0.043464,0,0.032727,0.272475,0.128582,0.039796
246665,0.045566,0,0.033889,0.281124,0.097508,0.045139
246677,0.056125,0,0.054631,0.095497,0.077382,0.054007
246723,0.060077,0,0.058118,0.209024,0.13382,0.038615
246728,0.045618,0,0.03282,0.285842,0.216272,0.045139
246785,0.035436,0,0.034966,0.03607,0.053728,0.036544
246797,0.04408,0,0.038419,0.114869,0.073989,0.051496
246810,0.072659,0,0.062933,0.326456,0.155223,0.0609
246836,0.092968,0,0.095345,0.236131,0.211069,0.05527
246841,0.057971,0,0.053101,0.247059,0.166297,0.039108
246842,0.073548,0,0.0769,0.168483,0.253828,0.039108
246911,0.08322,0,0.088654,0.211981,0.119801,0.039108
246921,0.061991,0,0.057276,0.27657,0.0782,0.040606
246933,0.083093,0,0.090807,0.102401,0.208215,0.047612
246935,0.197072,0,0.204929,0.757212,0.574956,0.057283
246948,0.059944,0,0.060008,0.128752,0.206172,0.043278
246972,0.066293,1,0.055421,0.43567,0.089344,0.039796
246976,0.044192,0,0.043207,0.074301,0.078238,0.04149
246990,0.080099,0,0.074446,0.386236,0.187489,0.04324
246992,0.058323,0,0.039257,0.518254,0.10927,0.045123
247005,0.052249,0,0.049847,0.171557,0.167546,0.036544
247043,0.03562,0,0.021291,0.265989,0.302887,0.039825
247072,0.055267,0,0.058559,0.091487,0.058525,0.036544
247110,0.048311,0,0.045623,0.109011,0.065172,0.046916
247124,0.031213,0,0.022909,0.115935,0.088037,0.045139
247134,0.033358,0,0.02423,0.176391,0.125828,0.038901
247182,0.031905,0,0.029199,0.02515,0.089089,0.04149
247222,0.38892,0,0.434146,0.803958,0.38729,0.147769
247231,0.060942,0,0.062453,0.116672,0.136155,0.043278
247234,0.068,0,0.06559,0.221555,0.133232,0.047622
247268,0.062719,0,0.052078,0.406675,0.114158,0.039108
247273,0.026478,0,0.013598,0.188669,0.089891,0.043278
247276,0.414087,0,0.462482,0.861116,0.758077,0.145739
247289,0.090994,0,0.095108,0.242754,0.21838,0.04508
247293,0.04327,0,0.03549,0.172262,0.084827,0.047782
247333,0.054583,0,0.058474,0.051975,0.05716,0.040606
247334,0.035367,0,0.02916,0.166357,0.088446,0.033387
247352,0.043115,0,0.039742,0.026188,0.072302,0.057772
247374,0.061807,0,0.051936,0.375249,0.111746,0.040847
247390,0.035949,0,0.028267,0.147726,0.146509,0.041224
247411,0.04893,0,0.048585,0.10098,0.1938,0.036807
247429,0.02752,0,0.020804,0.078416,0.098523,0.041224
247462,0.030512,0,0.028818,0.028251,0.052697,0.036544
247474,0.067202,0,0.054066,0.366097,0.117122,0.0609
247492,0.343009,0,0.391403,0.779894,0.596312,0.079044
247506,0.054205,0,0.044175,0.301694,0.121113,0.045139
247510,0.053407,0,0.036444,0.427021,0.113201,0.047612
247521,0.062004,0,0.0357,0.573102,0.15807,0.065118
247540,0.065873,0,0.058387,0.234586,0.178987,0.060179
247542,0.036163,0,0.020382,0.321921,0.124505,0.040891
247554,0.07459,0,0.076373,0.230744,0.127282,0.038615
247555,0.043719,0,0.030688,0.252623,0.167598,0.051017
247601,0.081078,0,0.080576,0.230255,0.137518,0.05468
247625,0.042384,0,0.033562,0.229102,0.212032,0.036807
247628,0.041611,0,0.031625,0.216601,0.11553,0.045139
247636,0.034945,0,0.031319,0.099308,0.045405,0.036544
247660,0.05536,0,0.025578,0.778304,0.042635,0.036544
247702,0.087005,0,0.091794,0.19615,0.164829,0.047612
247705,0.121023,0,0.121823,0.353911,0.348703,0.070016
247715,0.031081,0,0.029488,0.025552,0.080954,0.036544
247719,0.068238,0,0.067364,0.228552,0.11536,0.04149
247748,0.058461,1,0.053034,0.293025,0.053997,0.036721
247757,0.030088,0,0.015638,0.249461,0.082721,0.042772
247765,0.06827,0,0.068814,0.170257,0.142323,0.045942
247771,0.061756,0,0.061138,0.164823,0.144617,0.043278
247776,0.266577,0,0.276234,0.732697,0.520962,0.140429
247788,0.034311,0,0.021386,0.249025,0.066608,0.042772
247798,0.060123,0,0.059544,0.147025,0.102551,0.045533
247808,0.150103,0,0.145777,0.743759,0.301756,0.055722
247811,0.045189,0,0.035032,0.305146,0.035057,0.036544
247819,0.03761,0,0.035275,0.044019,0.164825,0.04149
247820,0.286167,0,0.315469,0.819888,0.432721,0.078436
247843,0.309718,0,0.361283,0.511034,0.48556,0.078323
247857,0.036609,0,0.02623,0.219726,0.097341,0.040508
247860,0.030176,0,0.023102,0.087012,0.065846,0.045139
247881,0.033496,0,0.023509,0.170614,0.143505,0.042772
247897,0.025778,0,0.020774,0.018238,0.116372,0.043044
247908,0.138916,0,0.168003,0.091223,0.152408,0.039625
247923,0.046363,0,0.034272,0.254831,0.143719,0.051017
247924,0.268312,0,0.292826,0.819768,0.452008,0.074043
247928,0.031595,0,0.026696,0.039118,0.144903,0.045139
247954,0.08043,0,0.076171,0.241434,0.268854,0.062063
247957,0.415376,0,0.481309,0.871945,0.741304,0.081058
248002,0.038696,0,0.03479,0.098413,0.13271,0.039796
248007,0.044561,0,0.041298,0.081648,0.131919,0.047515
248023,0.026814,0,0.01703,0.118847,0.075256,0.045139
248024,0.03601,0,0.025129,0.231026,0.091128,0.039796
248025,0.027904,0,0.009948,0.317799,0.120958,0.039796
248088,0.019723,0,0.010375,0.088839,0.11853,0.039108
248141,0.537865,0,0.655329,0.650318,0.735987,0.078323
248162,0.058689,0,0.054469,0.247728,0.058374,0.04051
248171,0.029794,0,0.023479,0.082212,0.109801,0.04149
248200,0.075546,0,0.0738,0.255653,0.115024,0.048698
248204,0.075951,0,0.073404,0.168043,0.133307,0.067281
248209,0.073007,0,0.069755,0.339231,0.105052,0.036544
248265,0.03109,0,0.024393,0.114584,0.094695,0.039108
248290,0.030028,0,0.024449,0.07971,0.187146,0.037313
248323,0.044351,0,0.041261,0.145941,0.082071,0.036544
248335,0.027929,0,0.020847,0.096049,0.077608,0.04051
248344,0.320419,0,0.386027,0.47452,0.57936,0.04324
248356,0.039765,0,0.03148,0.185245,0.096225,0.042772
248368,0.021967,0,0.017474,0.028661,0.051069,0.036544
248428,0.067223,0,0.071695,0.064321,0.282468,0.045139
248446,0.044752,0,0.038657,0.154687,0.109085,0.045799
248473,0.310284,0,0.357164,0.590087,0.596538,0.079044
248488,0.038054,0,0.035266,0.105029,0.03243,0.036544
248491,0.441286,0,0.522877,0.753179,0.649282,0.078323
248505,0.029602,0,0.01452,0.270111,0.119279,0.039796
248554,0.394071,0,0.450574,0.68245,0.636273,0.127006
248556,0.034148,0,0.023283,0.236504,0.080612,0.036807
248567,0.058895,0,0.05727,0.155954,0.121036,0.045799
248579,0.054215,0,0.050282,0.236157,0.043163,0.036544
248597,0.047079,0,0.045319,0.114947,0.080423,0.04051
248648,0.038307,0,0.028259,0.182269,0.122683,0.047311
248652,0.029908,0,0.026427,0.060253,0.058195,0.036544
248672,0.030512,0,0.025242,0.056431,0.121501,0.042772
248677,0.044775,0,0.040456,0.150628,0.136244,0.039226
248689,0.036887,0,0.025772,0.267642,0.042734,0.036544
248692,0.037148,0,0.027275,0.215101,0.174389,0.037934
248693,0.058993,0,0.038864,0.490703,0.256194,0.050623
248697,0.049815,0,0.030302,0.45215,0.221713,0.045139
248706,0.061026,0,0.065079,0.098144,0.156651,0.036721
248717,0.117952,0,0.116933,0.488626,0.189908,0.053452
248745,0.038288,0,0.023286,0.300479,0.098805,0.045139
248779,0.041756,0,0.02364,0.44483,0.045332,0.036544
248783,0.030112,0,0.024312,0.112362,0.040497,0.036544
248786,0.050859,0,0.046895,0.11904,0.132192,0.051017
248821,0.041702,0,0.039255,0.091366,0.08967,0.04051
248853,0.324877,0,0.353518,0.968753,0.549302,0.097703
248872,0.024716,0,0.015543,0.090047,0.127642,0.044011
248879,0.201864,0,0.232837,0.419713,0.234782,0.047612
248897,0.037586,0,0.028652,0.196985,0.139276,0.039226
248913,0.032823,0,0.0262,0.144984,0.057533,0.036544
248917,0.022824,0,0.017465,0.053071,0.040213,0.036721
248918,0.021513,0,0.007464,0.202715,0.085167,0.039226
248924,0.031099,0,0.015215,0.296662,0.140318,0.039226
248937,0.335684,1,0.382985,0.767126,0.528612,0.078436
248962,0.055952,0,0.050235,0.238556,0.114448,0.042787
248980,0.080348,0,0.076533,0.304886,0.180096,0.051496
248983,0.0725,0,0.076036,0.165952,0.1515,0.04051
248991,0.039948,0,0.037529,0.073631,0.088525,0.04149
249013,0.070662,0,0.071493,0.211893,0.185517,0.039108
249038,0.048145,0,0.042876,0.165553,0.10075,0.045139
249045,0.079486,0,0.081045,0.212133,0.164824,0.047612
249046,0.100172,0,0.106942,0.284075,0.202662,0.039409
249052,0.372282,0,0.444278,0.596058,0.637555,0.058881
249075,0.044746,0,0.041442,0.091021,0.16992,0.045139
249080,0.168156,0,0.172325,0.680204,0.590136,0.049334
249082,0.045209,0,0.037914,0.187821,0.214529,0.041883
249101,0.259993,0,0.29331,0.539916,0.538635,0.079044
249113,0.111288,0,0.101352,0.650782,0.242839,0.047869
249131,0.023024,0,0.019317,0.023585,0.025557,0.036544
249134,0.273684,0,0.311136,0.632903,0.708281,0.058881
249149,0.035541,0,0.027893,0.158422,0.127752,0.039226
249152,0.041922,0,0.038599,0.116441,0.109913,0.038957
249164,0.031247,0,0.020383,0.222229,0.056172,0.036544
249179,0.084636,0,0.093531,0.102177,0.208787,0.045139
249180,0.239384,0,0.289111,0.267209,0.341611,0.047859
249184,0.051651,0,0.056585,0.028891,0.085223,0.036544
249225,0.037706,0,0.034495,0.10943,0.044971,0.036544
249231,0.046728,0,0.038651,0.221123,0.055908,0.045139
249246,0.058757,0,0.041856,0.522043,0.115208,0.036807
249257,0.045322,0,0.039308,0.190874,0.081354,0.04051
249291,0.167619,1,0.168517,0.470129,0.460812,0.101958
249295,0.057268,0,0.050306,0.317936,0.052406,0.036544
249296,0.02785,0,0.019197,0.096815,0.178103,0.04324
249322,0.029353,0,0.022762,0.122413,0.047949,0.036544
249339,0.084487,0,0.091143,0.198032,0.193125,0.036544
249342,0.041808,0,0.037633,0.083029,0.13039,0.047359
249371,0.05644,0,0.058491,0.075275,0.134959,0.043278
249396,0.082444,0,0.07791,0.292846,0.194823,0.058418
249420,0.052988,0,0.048906,0.19419,0.115188,0.041078
249421,0.033028,0,0.028938,0.068837,0.076295,0.04051
249423,0.04233,0,0.029305,0.339777,0.068725,0.036544
249428,0.141401,0,0.13679,0.667678,0.214372,0.062334
249435,0.099441,0,0.096204,0.433022,0.12847,0.050972
249447,0.044704,0,0.038927,0.205953,0.068969,0.036544
249453,0.031712,0,0.026725,0.072054,0.082342,0.04149
249494,0.189049,0,0.213285,0.479435,0.190348,0.047612
249495,0.080233,0,0.079257,0.278778,0.106835,0.047612
249536,0.037613,0,0.028909,0.089171,0.103348,0.058689
249546,0.044614,0,0.044292,0.065599,0.095873,0.040606
249549,0.045937,0,0.039692,0.180796,0.14356,0.042144
249566,0.392862,0,0.440354,0.737263,0.752683,0.145739
249604,0.051422,0,0.051121,0.067272,0.212778,0.045139
249610,0.069812,0,0.075053,0.128896,0.087176,0.039409
249636,0.043381,0,0.0386,0.178401,0.056488,0.036544
249667,0.049855,0,0.034884,0.373795,0.12517,0.045139
249671,0.07715,0,0.079169,0.253366,0.135978,0.036544
249679,0.05966,0,0.036565,0.602266,0.117782,0.046368
249684,0.393466,0,0.440451,0.784367,0.629779,0.1434
249685,0.047154,0,0.03822,0.180665,0.173495,0.05272
249699,0.034485,0,0.032353,0.060083,0.078477,0.036544
249709,0.023898,0,0.015944,0.058876,0.156423,0.043278
249718,0.30869,0,0.355295,0.761435,0.515883,0.049801
249720,0.208125,0,0.217659,0.753754,0.524736,0.066467
249727,0.026257,0,0.021227,0.051268,0.085552,0.03869
249729,0.280482,0,0.33548,0.450969,0.31969,0.04578
249730,0.069421,0,0.060355,0.381929,0.160733,0.044484
249733,0.071332,0,0.074667,0.151055,0.124075,0.043278
249790,0.046802,0,0.043296,0.101067,0.182366,0.046219
249804,0.035188,0,0.025264,0.177544,0.080049,0.045139
249809,0.079266,0,0.073249,0.348887,0.174366,0.050623
249816,0.037528,0,0.035054,0.089663,0.066108,0.036544
249821,0.101928,0,0.100836,0.412201,0.204524,0.047622
249828,0.034735,0,0.029285,0.130763,0.075814,0.036544
249837,0.089755,0,0.07824,0.526569,0.301308,0.048252
249854,0.061933,0,0.047843,0.492754,0.078,0.036544
249856,0.438381,0,0.496648,0.802302,0.726198,0.150013
249863,0.10862,0,0.0967,0.615319,0.18332,0.059998
249871,0.164175,0,0.150593,0.876472,0.450522,0.078971
249874,0.04263,0,0.033676,0.204069,0.169198,0.043278
249875,0.116304,0,0.135004,0.135206,0.136889,0.043278
249901,0.3532,0,0.403509,0.803003,0.635172,0.079044
249915,0.071378,0,0.069754,0.196707,0.178867,0.051943
249921,0.04547,0,0.040899,0.156704,0.080402,0.04149
249951,0.027465,0,0.020084,0.125058,0.053885,0.036544
249960,0.039813,0,0.030847,0.209252,0.140908,0.039796
249962,0.032552,0,0.028556,0.087881,0.063695,0.036544
249966,0.068076,0,0.072905,0.139816,0.099169,0.036544
249981,0.034981,0,0.029903,0.107272,0.071162,0.039796
249982,0.030086,0,0.018486,0.231702,0.042961,0.036544
250053,0.038215,0,0.024488,0.31731,0.153335,0.035791
250071,0.07707,0,0.071463,0.367172,0.244055,0.041224
250080,0.062122,0,0.044442,0.477573,0.152832,0.050623
250081,0.049785,0,0.042543,0.27546,0.037923,0.036544
250086,0.065267,0,0.06872,0.132775,0.112854,0.039108
250092,0.310587,1,0.33343,0.702612,0.668048,0.146061
250094,0.040806,0,0.033158,0.189452,0.136184,0.039796
250127,0.038424,0,0.031744,0.146128,0.076576,0.042772
250130,0.02639,0,0.021986,0.052678,0.076415,0.036544
250136,0.03873,0,0.031981,0.142268,0.039397,0.045139
250145,0.044028,0,0.043592,0.09285,0.057151,0.036544
250163,0.035731,0,0.026088,0.240255,0.123811,0.032311
250182,0.085106,0,0.076569,0.416118,0.197885,0.054304
250185,0.325913,0,0.36842,0.876962,0.735252,0.058881
250204,0.346274,0,0.409362,0.49487,0.657027,0.077921
250219,0.033782,0,0.030788,0.075457,0.063831,0.036544
250252,0.415781,0,0.468801,0.858149,0.694239,0.133037
250268,0.03052,0,0.02647,0.038444,0.079371,0.04268
250276,0.034168,0,0.031862,0.059278,0.092692,0.036544
250285,0.058265,0,0.051735,0.31877,0.033339,0.036544
250292,0.073262,0,0.063093,0.336097,0.22065,0.05969
250298,0.02924,0,0.020866,0.129889,0.109217,0.039922
250300,0.053847,1,0.035981,0.400871,0.193639,0.053874
250318,0.028629,0,0.022084,0.11815,0.037981,0.036544
250319,0.027986,0,0.019259,0.115363,0.080147,0.043131
250320,0.056993,0,0.051725,0.207566,0.125449,0.047612
250327,0.05102,0,0.045074,0.239459,0.148944,0.036544
250333,0.060335,0,0.058492,0.15661,0.079388,0.0494
250350,0.075879,0,0.061432,0.523265,0.223021,0.045139
250356,0.031118,0,0.028496,0.052962,0.139812,0.033824
250357,0.035504,0,0.033914,0.056367,0.074624,0.036544
250362,0.140822,0,0.151444,0.433582,0.199871,0.047612
250366,0.068898,0,0.076638,0.050592,0.142903,0.04149
250379,0.100519,0,0.118914,0.045387,0.158915,0.040776
250381,0.032396,0,0.02626,0.082446,0.085803,0.044608
250388,0.019798,0,0.013451,0.042922,0.101246,0.036807
250409,0.047865,0,0.03841,0.29159,0.143148,0.036544
250412,0.054264,0,0.055308,0.031026,0.103873,0.053159
250421,0.041943,0,0.028389,0.253385,0.169208,0.050623
250432,0.039615,0,0.031183,0.23285,0.02867,0.036544
250440,0.032584,0,0.029808,0.065189,0.049101,0.036544
250472,0.088664,0,0.076842,0.442874,0.301034,0.063032
250474,0.056578,0,0.053063,0.218904,0.125215,0.038615
250494,0.036669,0,0.028262,0.150663,0.114932,0.045139
250502,0.289686,0,0.309058,0.701429,0.561203,0.13689
250510,0.058658,0,0.054507,0.201074,0.127019,0.046609
250513,0.038985,0,0.022797,0.325272,0.10417,0.04578
250532,0.031012,0,0.026788,0.086011,0.039506,0.036544
250548,0.034634,0,0.027038,0.084627,0.131594,0.051017
250563,0.039836,0,0.020852,0.449162,0.049455,0.036544
250585,0.050408,0,0.046212,0.213831,0.049862,0.036721
250635,0.042633,0,0.042477,0.063195,0.086708,0.038291
250636,0.043172,0,0.038273,0.172992,0.097184,0.036544
250689,0.050936,0,0.0436,0.216943,0.167322,0.04508
250702,0.079627,0,0.079033,0.331291,0.090594,0.036544
250733,0.02202,0,0.015137,0.066188,0.079088,0.037934
250736,0.286759,0,0.339817,0.394878,0.731971,0.058881
250740,0.073609,0,0.062,0.238538,0.215737,0.082997
250747,0.095599,0,0.098147,0.300817,0.163066,0.047612
250752,0.094415,0,0.10143,0.108421,0.10233,0.065781
250768,0.082642,0,0.087045,0.134565,0.180355,0.054338
250771,0.083667,0,0.066025,0.472117,0.194549,0.076287
250784,0.243847,1,0.278552,0.59076,0.365557,0.05024
250785,0.031972,0,0.03012,0.02369,0.08149,0.038891
250792,0.026688,0,0.01994,0.086124,0.040287,0.040606
250793,0.051323,0,0.041855,0.297864,0.141229,0.0397
250798,0.037603,0,0.02812,0.087139,0.063872,0.063033
250875,0.065304,0,0.040941,0.665803,0.166149,0.045139
250890,0.028708,0,0.023836,0.048885,0.085543,0.04149
250892,0.036408,0,0.030433,0.09532,0.112456,0.045799
250893,0.022435,0,0.016771,0.056877,0.045621,0.036544
250926,0.145591,0,0.13727,0.781739,0.47286,0.053404
250933,0.0421,0,0.035718,0.099485,0.092018,0.054007
250941,0.089105,0,0.100909,0.117594,0.111027,0.039796
250956,0.290604,0,0.30761,0.831526,0.565304,0.123373
250962,0.060601,0,0.059252,0.153218,0.198392,0.045139
250976,0.089005,0,0.090094,0.333948,0.180997,0.038615
250982,0.282323,1,0.313611,0.737444,0.508521,0.079044
250988,0.036298,0,0.028041,0.168277,0.097221,0.04149
251004,0.075037,0,0.073836,0.158157,0.20668,0.0609
251012,0.441915,0,0.542553,0.453938,0.766754,0.058881
251021,0.043487,0,0.042152,0.089063,0.084778,0.039108
251048,0.068744,0,0.071847,0.163459,0.088607,0.039796
251053,0.074229,0,0.079107,0.081183,0.108232,0.054007
251078,0.046882,0,0.037099,0.303575,0.068361,0.036544
251087,0.019378,0,0.011222,0.080603,0.081489,0.036807
251099,0.024345,0,0.015152,0.131094,0.109903,0.036807
251109,0.037184,0,0.032776,0.124415,0.084305,0.036544
251120,0.066997,0,0.067354,0.049884,0.107091,0.067604
251123,0.039289,0,0.035178,0.112241,0.121599,0.039108
251131,0.124639,0,0.145292,0.111805,0.232164,0.047612
251142,0.06204,0,0.055863,0.269373,0.145081,0.045458
251153,0.03107,0,0.027684,0.068324,0.044383,0.036544
251173,0.470938,0,0.536867,0.907983,0.720502,0.142283
251186,0.250952,0,0.285555,0.471774,0.568206,0.074721
251187,0.326944,0,0.357834,0.716022,0.661781,0.133865
251215,0.085902,0,0.083605,0.27167,0.226919,0.057204
251223,0.020359,0,0.010812,0.093461,0.138141,0.039226
251241,0.030695,0,0.02542,0.096054,0.099839,0.036544
251261,0.031577,0,0.027028,0.072528,0.100578,0.039108
251276,0.028543,0,0.02259,0.070898,0.127084,0.040177
251308,0.050748,0,0.039888,0.333809,0.133758,0.037934
251321,0.032465,0,0.023216,0.176993,0.099609,0.038901
251352,0.101829,0,0.110597,0.176183,0.197476,0.053452
251400,0.058767,0,0.058465,0.136433,0.156594,0.04324
251402,0.03941,0,0.038462,0.063644,0.111466,0.036544
251406,0.039295,0,0.026539,0.260616,0.173531,0.043065
251420,0.05761,0,0.051703,0.116088,0.100526,0.067766
251440,0.049399,0,0.045848,0.176093,0.076623,0.039108
251463,0.041548,0,0.032194,0.260909,0.054278,0.036544
251477,0.027688,0,0.021778,0.074282,0.101389,0.039108
251480,0.093771,0,0.103423,0.216654,0.080446,0.036544
251488,0.054187,0,0.043014,0.285504,0.141134,0.051666
251494,0.317077,0,0.341845,0.700546,0.715628,0.145812
251531,0.290529,0,0.307564,0.696984,0.641837,0.145053
251533,0.032673,0,0.019371,0.229925,0.15011,0.04324
251547,0.051239,0,0.04614,0.202484,0.216795,0.038367
251564,0.048286,0,0.037841,0.245038,0.180037,0.047983
251568,0.035624,0,0.032676,0.09364,0.021622,0.036544
251604,0.078774,0,0.088874,0.05877,0.149532,0.043044
251617,0.032781,0,0.023166,0.156262,0.11204,0.04399
251619,0.036749,0,0.015034,0.470065,0.13299,0.036807
251629,0.038198,0,0.035972,0.088612,0.068824,0.036544
251633,0.053076,0,0.048637,0.173042,0.15561,0.045139
251635,0.034515,0,0.032495,0.04986,0.129684,0.036544
251649,0.343713,0,0.37687,0.777662,0.686844,0.134011
251655,0.045968,0,0.040432,0.147604,0.156215,0.045139
251664,0.085178,0,0.073851,0.346674,0.243813,0.075805
251713,0.115364,0,0.125868,0.340179,0.146183,0.035527
251722,0.035069,0,0.023898,0.215374,0.152669,0.040788
251732,0.041475,0,0.038407,0.056375,0.076022,0.049166
251739,0.063946,0,0.060859,0.164081,0.095801,0.056557
251766,0.084134,0,0.084627,0.214764,0.308481,0.05263
251774,0.040536,0,0.020328,0.434922,0.141808,0.041841
251779,0.064062,0,0.048369,0.427287,0.139372,0.054996
251791,0.037103,0,0.037227,0.033243,0.062744,0.036608
251797,0.114843,0,0.102152,0.657373,0.516998,0.053404
251814,0.024166,0,0.020669,0.0222,0.055661,0.036544
251832,0.256878,0,0.291079,0.649262,0.396815,0.056489
251845,0.084625,0,0.080942,0.198038,0.231319,0.073813
251877,0.368734,0,0.424612,0.806635,0.547893,0.079044
251897,0.051055,0,0.040117,0.297467,0.131956,0.045139
251916,0.069173,0,0.05488,0.420779,0.138731,0.057173
251922,0.345058,0,0.381287,0.600221,0.691369,0.15586
251926,0.042736,0,0.041635,0.034058,0.093473,0.046916
251927,0.294367,0,0.360771,0.228981,0.400955,0.057777
251938,0.042432,0,0.032631,0.215553,0.132974,0.045139
251944,0.024234,0,0.015166,0.125424,0.124681,0.036807
251946,0.04315,0,0.028344,0.356439,0.090766,0.04051
251947,0.087679,0,0.085074,0.297328,0.283539,0.054304
251955,0.06591,0,0.068161,0.085558,0.098631,0.053159
251960,0.037601,0,0.021054,0.388724,0.017718,0.036544
251970,0.031607,0,0.029066,0.050816,0.067468,0.036544
251981,0.045447,0,0.035078,0.250778,0.11332,0.045139
252006,0.047202,0,0.039271,0.191976,0.177495,0.046943
252025,0.039333,0,0.037078,0.054176,0.118508,0.042772
252026,0.021341,0,0.013915,0.050469,0.104119,0.041224
252034,0.032922,0,0.028539,0.066253,0.091826,0.04149
252040,0.043911,0,0.042061,0.052696,0.108026,0.047359
252061,0.036576,0,0.025777,0.258365,0.046888,0.036544
252078,0.162035,0,0.184541,0.320213,0.407696,0.043701
252114,0.032616,0,0.024065,0.191204,0.074823,0.03467
252131,0.051176,0,0.037636,0.339571,0.123421,0.047612
252145,0.038379,0,0.029162,0.200557,0.061548,0.042787
252160,0.054215,0,0.047663,0.286786,0.065458,0.036544
252161,0.036408,0,0.033995,0.028816,0.123753,0.044208
252192,0.030155,0,0.023334,0.129646,0.066541,0.036544
252195,0.037127,0,0.021492,0.325924,0.160044,0.039796
252201,0.044752,0,0.044611,0.094202,0.040913,0.036544
252226,0.039361,0,0.028392,0.246751,0.076397,0.04177
252239,0.041844,0,0.033571,0.164053,0.082963,0.0494
252241,0.066618,0,0.072682,0.086491,0.121927,0.039108
252250,0.25447,0,0.277622,0.714668,0.491479,0.080028
252255,0.064302,0,0.057412,0.330294,0.115493,0.040776
252257,0.046063,0,0.043335,0.126125,0.092812,0.04051
252259,0.080304,0,0.080027,0.205829,0.16158,0.056598
252278,0.030704,0,0.027445,0.037361,0.117099,0.039108
252311,0.046347,0,0.047076,0.043421,0.134034,0.041697
252314,0.045657,0,0.03797,0.197413,0.109061,0.045139
252326,0.062563,0,0.067672,0.053093,0.137161,0.043278
252332,0.041587,0,0.029819,0.280689,0.131129,0.039796
252342,0.084656,0,0.060218,0.597753,0.291254,0.077394
252359,0.027944,0,0.01941,0.150734,0.056394,0.036721
252375,0.04106,0,0.024472,0.408314,0.096985,0.035124
252377,0.035209,0,0.021976,0.239716,0.106331,0.045533
252386,0.068491,0,0.071449,0.130061,0.165655,0.043819
252411,0.038038,0,0.034314,0.092811,0.056234,0.04149
252433,0.045146,0,0.022865,0.464186,0.128478,0.050212
252470,0.04887,0,0.050386,0.062888,0.057951,0.04051
252499,0.031547,0,0.023475,0.1129,0.156911,0.043278
252505,0.047986,0,0.03121,0.355825,0.200728,0.050623
252508,0.050189,0,0.054246,0.038972,0.073788,0.036544
252530,0.078145,0,0.04574,0.81973,0.264374,0.060063
252550,0.036183,0,0.024798,0.243678,0.15019,0.037934
252555,0.200706,0,0.207459,0.833447,0.392469,0.057283
252562,0.048008,0,0.0351,0.354357,0.120289,0.038901
252565,0.038446,0,0.032267,0.116987,0.112593,0.045139
252575,0.032866,0,0.022935,0.168115,0.108556,0.04324
252578,0.075619,0,0.066979,0.259918,0.216959,0.070601
252595,0.086128,0,0.084579,0.363205,0.241923,0.037934
252640,0.026199,0,0.016556,0.104342,0.122205,0.045138
252667,0.063968,0,0.050458,0.419995,0.204537,0.046278
252679,0.077114,0,0.071149,0.360352,0.109432,0.047622
252685,0.058743,0,0.059081,0.081008,0.071381,0.053159
252691,0.034952,0,0.032311,0.076034,0.06411,0.036544
252701,0.075555,0,0.060686,0.422538,0.170871,0.065781
252706,0.037806,0,0.03301,0.104365,0.099381,0.041887
252708,0.031068,0,0.027029,0.06166,0.084176,0.03902
252727,0.031742,0,0.028799,0.064377,0.040041,0.036544
252740,0.403778,0,0.476598,0.662975,0.738487,0.079044
252761,0.019849,0,0.008254,0.150652,0.108122,0.036807
252780,0.039386,0,0.032937,0.147609,0.078071,0.042772
252784,0.431585,1,0.487936,0.769278,0.801626,0.152651
252823,0.064218,0,0.055104,0.277139,0.158355,0.057173
252835,0.220343,0,0.261117,0.371401,0.290312,0.040776
252838,0.093159,0,0.081233,0.356195,0.322319,0.083726
252846,0.049088,0,0.047039,0.095779,0.073543,0.047622
252861,0.316112,0,0.336232,0.858806,0.575884,0.137486
252863,0.063457,0,0.051865,0.385608,0.189686,0.045139
252873,0.039966,0,0.038686,0.082837,0.057286,0.036544
252881,0.309079,0,0.366625,0.499672,0.472219,0.057869
252886,0.052407,0,0.046613,0.162105,0.179186,0.050623
252903,0.056635,0,0.049947,0.24945,0.118348,0.045139
252912,0.023411,0,0.015409,0.068909,0.127799,0.041883
252924,0.047161,0,0.037836,0.246227,0.078867,0.045139
252929,0.052645,0,0.039343,0.35584,0.128356,0.045458
252941,0.133081,0,0.147726,0.30118,0.180645,0.047612
252942,0.232559,0,0.238345,0.84349,0.595548,0.091765
252964,0.032914,0,0.017655,0.298461,0.104708,0.039796
252969,0.045885,0,0.021618,0.60646,0.108634,0.03358
253028,0.048162,0,0.045455,0.134861,0.089876,0.04149
253041,0.310591,1,0.350219,0.7375,0.625535,0.079044
253049,0.022249,0,0.012735,0.123061,0.113076,0.036807
253060,0.040255,0,0.034235,0.166368,0.070314,0.039108
253066,0.043244,0,0.043513,0.06462,0.110044,0.036544
253068,0.052234,0,0.04711,0.187538,0.117447,0.045139
253080,0.197593,0,0.212468,0.597459,0.736322,0.055969
253097,0.029373,0,0.02297,0.050579,0.169647,0.045267
253102,0.162244,0,0.185829,0.366605,0.235576,0.036544
253105,0.055357,0,0.039272,0.385657,0.236649,0.050623
253128,0.024289,0,0.017778,0.053592,0.081353,0.04149
253159,0.035691,0,0.024037,0.237931,0.074948,0.04149
253174,0.021936,0,0.01659,0.029268,0.112489,0.037809
253183,0.038404,0,0.024281,0.340048,0.042892,0.036544
253203,0.03706,0,0.033713,0.097734,0.10906,0.036544
253220,0.335682,0,0.37442,0.947264,0.527024,0.077921
253316,0.051313,0,0.052707,0.099171,0.089145,0.036544
253328,0.078191,0,0.077846,0.288355,0.177395,0.039108
253330,0.100458,0,0.106767,0.22062,0.248539,0.051496
253337,0.235017,0,0.247663,0.808636,0.627338,0.074721
253343,0.035206,0,0.02617,0.179928,0.104069,0.040776
253352,0.229777,0,0.261684,0.540687,0.462301,0.049801
253373,0.176366,1,0.170813,0.776986,0.548242,0.079044
253390,0.069029,0,0.058261,0.379366,0.141066,0.051314
253397,0.156936,0,0.147593,0.911701,0.460873,0.047988
253414,0.053711,0,0.045358,0.265022,0.112639,0.045139
253417,0.212253,0,0.240431,0.56208,0.342549,0.041986
253421,0.058693,0,0.053091,0.255156,0.132769,0.042185
253431,0.044614,0,0.031092,0.338439,0.064626,0.04149
253453,0.034765,0,0.03071,0.081677,0.030091,0.04149
253466,0.021789,0,0.012641,0.101441,0.076604,0.039796
253505,0.029424,0,0.016348,0.220691,0.160964,0.039825
253511,0.073261,0,0.053999,0.649591,0.177001,0.038496
253528,0.282473,0,0.315535,0.707692,0.624203,0.074721
253530,0.082546,0,0.084787,0.215849,0.182843,0.047612
253535,0.27251,0,0.280673,0.940061,0.567114,0.114753
253541,0.035578,0,0.031688,0.084887,0.107321,0.039108
253550,0.065343,0,0.050172,0.485038,0.109566,0.045139
253558,0.032151,0,0.023895,0.09348,0.11293,0.0494
253559,0.033975,0,0.021451,0.292197,0.118834,0.031695
253576,0.032597,0,0.029452,0.072753,0.050121,0.036544
253586,0.041446,0,0.03599,0.175588,0.073488,0.036721
253593,0.032418,0,0.023056,0.173751,0.101313,0.039796
253606,0.193961,0,0.192956,0.829402,0.553471,0.073966
253615,0.041701,0,0.038066,0.078028,0.102581,0.046916
253659,0.47883,0,0.580328,0.571973,0.796592,0.078323
253668,0.040375,0,0.039626,0.018194,0.183945,0.043044
253673,0.041948,0,0.039896,0.048437,0.15612,0.045139
253719,0.050068,0,0.044163,0.244978,0.068112,0.036544
253729,0.058106,0,0.05316,0.172348,0.246771,0.050623
253779,0.324119,1,0.374012,0.534398,0.502181,0.097232
253804,0.081488,0,0.077601,0.296137,0.226882,0.053381
253810,0.066612,0,0.059717,0.334491,0.096669,0.043365
253812,0.046522,0,0.04254,0.105654,0.237245,0.045267
253815,0.055024,0,0.046803,0.265867,0.058335,0.047622
253851,0.077014,0,0.074676,0.303249,0.145892,0.043278
253863,0.034792,0,0.0294,0.097427,0.106462,0.04149
253869,0.080494,0,0.082002,0.229136,0.235264,0.04399
253874,0.041431,0,0.03462,0.151232,0.106138,0.045139
253891,0.037928,0,0.032999,0.11078,0.095374,0.04149
253899,0.038952,0,0.037752,0.042992,0.080415,0.04149
253904,0.393258,0,0.468238,0.669857,0.676924,0.058881
253911,0.083003,0,0.087788,0.139171,0.148206,0.053452
253917,0.054185,0,0.040364,0.384842,0.089977,0.045139
253929,0.118447,0,0.124899,0.37,0.191184,0.047612
253940,0.029703,0,0.024928,0.13532,0.06505,0.027468
253948,0.11499,0,0.106646,0.315802,0.359887,0.103001
253954,0.016587,0,0.005594,0.105636,0.069075,0.039796
253957,0.054535,0,0.049205,0.236973,0.105202,0.040193
253987,0.166211,0,0.187655,0.39832,0.369247,0.039796
253989,0.02669,0,0.022608,0.051306,0.04955,0.036721
254002,0.072413,0,0.058625,0.487941,0.179502,0.046066
254011,0.03086,0,0.019904,0.187823,0.103483,0.041224
254012,0.046062,0,0.024877,0.483414,0.082339,0.045139
254017,0.038177,0,0.037559,0.053279,0.08116,0.036544
254029,0.043421,0,0.03169,0.295408,0.143204,0.038901
254035,0.030782,0,0.027298,0.06647,0.056559,0.036544
254044,0.070175,0,0.065731,0.22832,0.149592,0.056085
254057,0.024293,0,0.013805,0.143979,0.089659,0.039796
254076,0.142292,1,0.133086,0.342637,0.415686,0.132766
254089,0.03218,0,0.016608,0.29147,0.123344,0.040788
254106,0.063915,0,0.067706,0.130993,0.112846,0.036544
254107,0.137233,0,0.15499,0.291769,0.252507,0.040776
254131,0.056546,0,0.042444,0.43334,0.182303,0.037752
254148,0.026101,0,0.01675,0.104003,0.147764,0.043278
254157,0.05586,0,0.052844,0.232339,0.10017,0.034214
254159,0.05539,0,0.05447,0.152711,0.086885,0.04051
254189,0.106981,0,0.118712,0.234845,0.1744,0.038901
254198,0.04803,0,0.049247,0.039255,0.129859,0.042787
254200,0.06596,0,0.072825,0.07487,0.153258,0.036544
254225,0.046746,0,0.033624,0.32196,0.07852,0.045139
254247,0.340599,0,0.38623,0.819714,0.602758,0.079044
254253,0.049528,0,0.039799,0.294095,0.224867,0.036807
254276,0.316247,1,0.338191,0.832265,0.613538,0.134592
254279,0.027446,0,0.019889,0.103582,0.036745,0.04149
254286,0.044707,0,0.039246,0.160883,0.092327,0.042772
254295,0.072014,0,0.054825,0.559476,0.187482,0.045139
254298,0.068409,1,0.073438,0.114328,0.133266,0.039796
254315,0.027461,0,0.018858,0.12263,0.137863,0.039108
254342,0.051745,0,0.046887,0.237786,0.048244,0.036544
254357,0.049227,0,0.040779,0.257183,0.203845,0.038901
254362,0.032219,0,0.030301,0.045386,0.040341,0.036721
254373,0.029765,0,0.02298,0.129198,0.047993,0.036544
254374,0.049111,0,0.051605,0.054857,0.131454,0.036544
254377,0.153481,0,0.145165,0.863475,0.493053,0.047735
254383,0.574797,0,0.705843,0.616659,0.750911,0.078323
254388,0.077959,0,0.069074,0.396508,0.216077,0.049952
254398,0.03051,0,0.022037,0.154536,0.130799,0.036807
254407,0.054791,0,0.049145,0.13994,0.100606,0.059136
254409,0.095257,0,0.10452,0.20237,0.169848,0.039796
254441,0.356495,0,0.383181,0.913449,0.694407,0.148859
254447,0.039989,0,0.035165,0.150177,0.095697,0.036544
254483,0.068593,0,0.074219,0.123325,0.115089,0.036721
254485,0.04397,0,0.045491,0.04317,0.110753,0.036608
254493,0.062077,0,0.054988,0.196889,0.174114,0.061005
254497,0.20574,1,0.218196,0.728013,0.528627,0.057283
254516,0.039465,0,0.027983,0.266554,0.124134,0.038901
254526,0.032213,0,0.023954,0.118511,0.103964,0.045267
254529,0.018343,0,0.008003,0.097889,0.127725,0.039226
254571,0.035564,0,0.033607,0.026206,0.094917,0.042787
254586,0.044498,0,0.04517,0.035758,0.118239,0.04149
254587,0.064971,0,0.063762,0.166932,0.138422,0.04914
254595,0.179837,0,0.207728,0.332761,0.325943,0.045366
254598,0.042802,0,0.038554,0.146766,0.074447,0.03902
254606,0.036538,0,0.02566,0.19177,0.172315,0.045139
254615,0.03395,0,0.031419,0.07242,0.029671,0.036544
254623,0.057708,0,0.046088,0.355671,0.137187,0.045139
254624,0.056419,0,0.053318,0.219463,0.127785,0.036721
254625,0.103096,0,0.110126,0.293681,0.184456,0.040776
254631,0.041946,0,0.030222,0.254378,0.158718,0.04399
254636,0.069643,0,0.050917,0.566856,0.240287,0.045139
254671,0.081953,0,0.088001,0.122652,0.173777,0.049746
254675,0.050218,0,0.04395,0.153112,0.204328,0.050623
254678,0.163364,0,0.16094,0.679867,0.351057,0.074721
254681,0.082054,0,0.081618,0.296125,0.174981,0.042787
254686,0.025258,0,0.020413,0.060329,0.037424,0.036544
254687,0.348797,0,0.374107,0.855486,0.66435,0.15586
254693,0.178709,0,0.176522,0.822762,0.456337,0.063859
254697,0.077045,0,0.076207,0.187315,0.19132,0.057204
254713,0.043243,0,0.040502,0.113127,0.123253,0.038615
254721,0.029124,0,0.022222,0.078564,0.051806,0.045139
254733,0.05998,0,0.033545,0.678555,0.129054,0.045139
254748,0.036822,0,0.035344,0.056038,0.118216,0.036544
254757,0.058036,0,0.050991,0.326549,0.041677,0.036544
254761,0.082065,0,0.064697,0.425761,0.173382,0.082218
254775,0.031635,0,0.018322,0.266429,0.103959,0.036807
254788,0.040754,0,0.035902,0.120404,0.145127,0.04149
254814,0.044311,0,0.031149,0.281806,0.23352,0.045139
254822,0.066546,0,0.048312,0.567615,0.177518,0.041224
254824,0.090348,0,0.100807,0.115091,0.229329,0.043365
254844,0.049772,0,0.044735,0.186466,0.151462,0.041078
254860,0.055392,0,0.040811,0.318719,0.101255,0.0609
254870,0.032378,0,0.027324,0.114834,0.024185,0.036544
254876,0.086312,0,0.092697,0.095025,0.174201,0.058689
254906,0.046222,0,0.042288,0.14643,0.185718,0.038901
254918,0.037937,0,0.035677,0.048956,0.137926,0.04149
254939,0.029262,0,0.019322,0.175518,0.122467,0.037206
254943,0.03728,0,0.033234,0.118582,0.121696,0.03531
254949,0.05885,0,0.034352,0.574471,0.158172,0.054397
254960,0.041481,0,0.03796,0.124847,0.111774,0.037603
254980,0.078143,0,0.07515,0.301071,0.220831,0.045329
254998,0.061676,0,0.058088,0.237548,0.132928,0.04149
255004,0.066759,0,0.061882,0.271167,0.165509,0.045458
255027,0.059624,0,0.051619,0.289821,0.203531,0.04399
255094,0.042673,0,0.038104,0.159374,0.109578,0.036807
255095,0.040617,0,0.034126,0.140427,0.16363,0.043278
255098,0.042027,0,0.022945,0.38453,0.13507,0.048679
255133,0.028829,0,0.021637,0.083966,0.043021,0.045139
255134,0.132734,0,0.148247,0.328893,0.177991,0.039108
255135,0.054963,0,0.053132,0.145781,0.173174,0.042153
255140,0.058432,0,0.054289,0.107678,0.152965,0.06226
255173,0.029452,0,0.02391,0.067176,0.089322,0.04149
255214,0.077546,0,0.070227,0.383188,0.160881,0.047612
255215,0.07542,0,0.071671,0.295599,0.157188,0.047612
255219,0.047218,0,0.048544,0.057157,0.201562,0.036181
255223,0.035672,0,0.022637,0.295574,0.065228,0.036544
255243,0.04328,0,0.033258,0.284831,0.061955,0.036608
255244,0.062553,0,0.049352,0.426729,0.101575,0.045139
255287,0.022525,0,0.016088,0.078421,0.014334,0.036544
255288,0.029275,0,0.025632,0.062905,0.035528,0.036544
255342,0.033543,0,0.027622,0.127421,0.103573,0.036655
255355,0.025184,0,0.019752,0.070274,0.048119,0.036544
255360,0.043687,0,0.033279,0.298444,0.045968,0.036544
255373,0.031168,0,0.026436,0.110346,0.065639,0.033524
255396,0.054579,0,0.059822,0.044009,0.074351,0.036544
255398,0.096153,0,0.10128,0.221555,0.099292,0.05472
255455,0.044859,0,0.037964,0.235201,0.036771,0.036544
255461,0.087757,0,0.094314,0.125184,0.176699,0.054338
255463,0.044278,0,0.03845,0.207316,0.04886,0.036544
255464,0.042407,0,0.032102,0.283689,0.071198,0.036544
255465,0.071715,0,0.056855,0.430339,0.129026,0.0609
255471,0.028854,0,0.022845,0.098796,0.099846,0.036544
255478,0.035963,0,0.030049,0.155143,0.034884,0.036544
255489,0.048662,0,0.038507,0.268105,0.113051,0.045139
255516,0.040359,0,0.02654,0.330647,0.136638,0.036807
255526,0.06823,0,0.076845,0.019945,0.19377,0.04149
255549,0.038062,0,0.028536,0.174572,0.109947,0.046822
255550,0.050321,0,0.043468,0.24963,0.100176,0.038611
255563,0.080665,0,0.081112,0.27339,0.281893,0.038889
255596,0.087057,0,0.099259,0.027842,0.125081,0.051496
255597,0.077579,0,0.079306,0.275585,0.051979,0.036544
255685,0.109999,0,0.111809,0.322448,0.267551,0.0609
255703,0.034543,0,0.029739,0.095025,0.034233,0.04149
255756,0.037429,0,0.016479,0.438523,0.172969,0.039307
255774,0.078475,0,0.074351,0.250501,0.151657,0.0609
255819,0.026387,0,0.019902,0.091879,0.051434,0.037927
255825,0.054565,0,0.055198,0.142838,0.051415,0.036544
255844,0.076496,0,0.075434,0.196994,0.204499,0.05527
255858,0.053118,0,0.05131,0.129217,0.086017,0.045267
255866,0.060789,0,0.057037,0.225123,0.129969,0.043329
255883,0.066398,0,0.055766,0.45365,0.06402,0.036544
255888,0.073463,0,0.071094,0.253385,0.160252,0.047612
255890,0.036805,0,0.029723,0.125593,0.145889,0.044011
255901,0.02193,0,0.01468,0.088667,0.030429,0.036544
255905,0.036279,0,0.029856,0.13442,0.070757,0.04149
255908,0.08936,0,0.07443,0.414315,0.24631,0.082004
255921,0.038767,0,0.030192,0.23017,0.02805,0.036544
255928,0.11064,0,0.115766,0.340241,0.219275,0.047612
255972,0.036781,0,0.031487,0.099974,0.104432,0.043131
255978,0.085678,0,0.075434,0.475819,0.161403,0.051666
255983,0.094767,0,0.092966,0.391587,0.215779,0.044964
256012,0.087951,0,0.082572,0.106232,0.237679,0.100319
256023,0.40755,0,0.486723,0.689632,0.600163,0.059281
256024,0.066558,0,0.066489,0.098895,0.14957,0.058689
256072,0.039312,0,0.036519,0.072353,0.118347,0.04149
256082,0.026293,0,0.018576,0.083213,0.146624,0.041224
256092,0.045096,0,0.035776,0.181012,0.096024,0.053794
256097,0.028724,0,0.025152,0.056001,0.046405,0.036544
256114,0.052171,0,0.039825,0.336277,0.106629,0.045467
256117,0.036937,0,0.029627,0.181124,0.102142,0.036329
256130,0.082092,0,0.081972,0.287274,0.191182,0.042787
256133,0.094898,0,0.076786,0.674531,0.29038,0.052701
256149,0.027555,0,0.014585,0.244636,0.032104,0.036544
256152,0.064224,0,0.053233,0.23714,0.127507,0.072132
256171,0.054254,0,0.042711,0.325634,0.169536,0.045139
256196,0.040769,0,0.029959,0.247608,0.074419,0.042787
256214,0.032063,0,0.026362,0.097533,0.131363,0.038615
256260,0.052113,0,0.034664,0.450282,0.11883,0.043529
256282,0.071777,0,0.053165,0.378212,0.13254,0.08405
256283,0.036488,0,0.022661,0.264678,0.135393,0.04399
256285,0.044018,0,0.04158,0.088939,0.109931,0.043131
256294,0.027047,0,0.022497,0.060904,0.071524,0.036544
256305,0.342849,0,0.390332,0.808846,0.525501,0.079044
256324,0.038624,0,0.035498,0.112849,0.051442,0.036544
256340,0.054321,1,0.05182,0.148484,0.143567,0.044208
256341,0.077132,0,0.06094,0.398567,0.27491,0.073911
256345,0.053391,0,0.053675,0.115453,0.201125,0.037077
256358,0.032277,0,0.023475,0.186539,0.08291,0.035791
256364,0.037471,0,0.031702,0.155939,0.07519,0.036544
256366,0.039188,0,0.038548,0.020748,0.061697,0.044208
256384,0.042691,0,0.040301,0.081238,0.092703,0.043215
256389,0.267708,0,0.291749,0.792101,0.48604,0.079044
256395,0.056131,0,0.056275,0.095354,0.09969,0.047359
256411,0.039219,0,0.036462,0.071559,0.114647,0.04149
256425,0.10392,0,0.095667,0.578338,0.251537,0.045458
256433,0.075618,0,0.072507,0.24513,0.106482,0.055947
256437,0.030923,0,0.023121,0.129119,0.115774,0.039796
256466,0.032072,0,0.025835,0.134637,0.040468,0.036544
256477,0.16433,0,0.159968,0.813188,0.466172,0.055969
256484,0.224778,0,0.272623,0.248816,0.330035,0.040793
256490,0.118383,0,0.124939,0.375772,0.138481,0.047612
256507,0.034881,0,0.025268,0.165586,0.167579,0.043278
256509,0.060003,0,0.046945,0.406836,0.099759,0.045139
256510,0.035493,0,0.024892,0.191865,0.090924,0.045139
256519,0.055841,0,0.055296,0.151335,0.115387,0.039108
256531,0.046823,0,0.042937,0.138165,0.102588,0.043278
256538,0.062968,0,0.065637,0.051574,0.186094,0.051666
256553,0.0561,0,0.045801,0.105771,0.146035,0.082721
256566,0.240844,0,0.266501,0.607251,0.583291,0.070929
256583,0.034018,0,0.028428,0.105745,0.046643,0.04149
256587,0.140549,0,0.152529,0.433052,0.310772,0.039226
256591,0.114192,0,0.127881,0.263604,0.128039,0.036544
256601,0.053962,0,0.054093,0.118308,0.102531,0.040606
256622,0.330669,0,0.361971,0.761649,0.699181,0.127631
256627,0.046163,0,0.034583,0.295816,0.23801,0.038901
256645,0.072283,0,0.043148,0.775356,0.201152,0.050623
256647,0.038487,0,0.035457,0.042332,0.136489,0.046219
256649,0.095145,0,0.097963,0.263365,0.138493,0.053452
256667,0.336129,1,0.396588,0.567985,0.534663,0.065786
256669,0.043935,0,0.02939,0.360085,0.186989,0.037121
256684,0.060608,0,0.054912,0.190614,0.191342,0.05472
256687,0.090585,0,0.089777,0.283447,0.323407,0.052525
256727,0.021117,0,0.016562,0.018593,0.086512,0.036544
256732,0.052504,0,0.053262,0.124259,0.0646,0.036544
256758,0.051998,0,0.04402,0.298629,0.082125,0.036544
256762,0.073442,0,0.054328,0.574727,0.1956,0.051017
256788,0.0411,0,0.026985,0.356549,0.052658,0.036544
256798,0.154343,0,0.171083,0.426917,0.287461,0.040046
256853,0.066282,0,0.062837,0.163636,0.10319,0.060569
256856,0.036658,0,0.025892,0.236205,0.141638,0.0378
256866,0.223794,0,0.243619,0.730514,0.585637,0.049801
256868,0.051183,0,0.046979,0.219969,0.051542,0.036544
256875,0.47706,1,0.590815,0.482738,0.605254,0.052272
256885,0.045069,0,0.039346,0.189847,0.095857,0.038901
256898,0.195954,0,0.204535,0.284466,0.460735,0.140955
256899,0.020203,0,0.008424,0.149252,0.156068,0.036807
256913,0.037693,0,0.023811,0.306656,0.076995,0.039796
256943,0.054119,0,0.045727,0.248793,0.150225,0.047612
256953,0.063048,0,0.049905,0.426895,0.11396,0.045139
256971,0.047559,0,0.038074,0.244146,0.118497,0.045458
256998,0.03895,0,0.038542,0.069907,0.071764,0.033996
257055,0.070506,0,0.061195,0.350839,0.11841,0.053452
257072,0.018182,0,0.002389,0.229052,0.089872,0.036807
257083,0.191914,0,0.190848,0.7933,0.525239,0.078971
257084,0.028802,0,0.025037,0.048991,0.119275,0.036544
257087,0.033737,0,0.027979,0.124726,0.10537,0.036721
257100,0.027787,0,0.023745,0.059997,0.042538,0.036544
257131,0.048956,0,0.036052,0.321985,0.056498,0.047622
257152,0.050609,0,0.047573,0.119355,0.218278,0.044798
257155,0.086411,0,0.097565,0.114871,0.140013,0.038615
257174,0.037405,0,0.02901,0.209453,0.071049,0.036721
257193,0.045178,0,0.040224,0.172382,0.131949,0.038291
257199,0.050637,0,0.05394,0.037218,0.111725,0.039108
257213,0.035775,0,0.025394,0.239032,0.080167,0.036544
257241,0.070553,0,0.072462,0.194648,0.099574,0.04051
257251,0.118809,0,0.131023,0.168146,0.259613,0.0609
257263,0.04712,0,0.041258,0.157621,0.101839,0.047481
257269,0.270267,0,0.282516,0.842957,0.646009,0.112073
257276,0.106261,0,0.120678,0.125044,0.135374,0.048831
257303,0.058629,0,0.050891,0.256163,0.143433,0.049518
257310,0.438158,1,0.496626,0.905951,0.693719,0.131398
257327,0.074567,0,0.072552,0.217291,0.152555,0.054304
257349,0.039422,0,0.025696,0.278706,0.118158,0.045139
257372,0.064374,0,0.062845,0.13468,0.206032,0.053452
257374,0.283809,0,0.30709,0.891827,0.642409,0.079044
257398,0.032153,0,0.021783,0.219036,0.050499,0.036544
257402,0.025497,0,0.019011,0.095815,0.037758,0.036544
257406,0.040538,0,0.02724,0.278503,0.111166,0.045139
257408,0.037254,0,0.027232,0.195097,0.070045,0.045139
257409,0.120241,0,0.128538,0.290615,0.136723,0.058689
257422,0.081837,0,0.048014,0.618464,0.232951,0.106604
257452,0.031105,1,0.027098,0.082955,0.034567,0.036544
257461,0.047776,0,0.04652,0.08427,0.140262,0.043278
257470,0.063499,0,0.062996,0.094594,0.22372,0.05527
257514,0.040226,0,0.031857,0.183129,0.119273,0.043365
257525,0.187876,0,0.192382,0.698052,0.401179,0.074043
257569,0.055733,0,0.04977,0.276385,0.118887,0.036544
257580,0.042094,0,0.038861,0.141719,0.031102,0.036544
257611,0.08019,0,0.088587,0.121463,0.1259,0.04051
257631,0.034432,0,0.028137,0.073922,0.141045,0.047612
257635,0.044867,0,0.043881,0.08011,0.105089,0.04051
257644,0.090419,0,0.090674,0.276137,0.196875,0.053284
257650,0.061146,0,0.043786,0.472567,0.098427,0.050701
257657,0.209591,0,0.226712,0.542124,0.510321,0.078436
257669,0.057686,0,0.059082,0.102517,0.199419,0.04051
257678,0.061626,0,0.050446,0.38438,0.06554,0.045139
257690,0.09613,0,0.092554,0.392875,0.266611,0.051497
257699,0.059773,0,0.062797,0.108053,0.090475,0.039108
257708,0.112712,0,0.119753,0.316523,0.207327,0.047612
257731,0.047594,0,0.046127,0.122694,0.106268,0.037934
257735,0.050323,0,0.047659,0.038643,0.127192,0.060073
257777,0.069842,0,0.073767,0.071629,0.125469,0.053452
257793,0.054441,0,0.046882,0.276018,0.183966,0.039108
257802,0.046129,0,0.044512,0.133718,0.042914,0.036544
257807,0.052248,0,0.03883,0.33435,0.096004,0.050163
257813,0.025751,0,0.015987,0.133187,0.079641,0.041095
257839,0.054334,0,0.048777,0.226476,0.181237,0.04051
257868,0.048787,0,0.042627,0.191662,0.079659,0.045139
257881,0.040809,0,0.037162,0.138355,0.051704,0.036544
257896,0.489053,0,0.583088,0.810185,0.807459,0.075359
257937,0.069104,0,0.069854,0.229787,0.107266,0.036544
257993,0.061674,0,0.041343,0.559529,0.156134,0.045139
257994,0.037825,0,0.0331,0.137659,0.069474,0.036544
258006,0.05187,0,0.048608,0.034205,0.097552,0.065781
258016,0.47814,0,0.578325,0.73395,0.602749,0.058881
258019,0.307975,0,0.346982,0.746798,0.557702,0.078436
258042,0.088407,0,0.089948,0.315799,0.193702,0.039108
258049,0.041127,0,0.026098,0.300869,0.124816,0.047859
258055,0.3245,0,0.382272,0.566197,0.74768,0.055969
258062,0.052646,0,0.048765,0.160248,0.145125,0.045139
258070,0.035324,0,0.030822,0.120468,0.042276,0.036544
258072,0.027372,0,0.016262,0.197657,0.104855,0.035791
258074,0.060909,0,0.061868,0.071053,0.115617,0.054007
258096,0.069221,0,0.067105,0.273742,0.118137,0.039108
258097,0.054876,0,0.045273,0.297948,0.117682,0.045139
258120,0.082283,0,0.082124,0.230341,0.157036,0.054304
258126,0.042098,0,0.042931,0.050107,0.07906,0.036544
258144,0.062451,0,0.055712,0.342589,0.088701,0.036544
258149,0.31068,0,0.362269,0.478748,0.701895,0.079044
258150,0.028038,0,0.017856,0.190247,0.032225,0.036544
258158,0.456537,0,0.556354,0.474136,0.787596,0.075359
258162,0.023453,0,0.016253,0.097391,0.033717,0.036544
258193,0.062245,0,0.047403,0.456811,0.11272,0.045139
258196,0.31402,0,0.353321,0.784992,0.514521,0.079044
258214,0.28882,0,0.31751,0.867965,0.504064,0.073291
258216,0.05957,0,0.040232,0.504191,0.092298,0.050623
258268,0.051395,0,0.032288,0.485219,0.11421,0.042676
258275,0.063993,0,0.053872,0.359932,0.144478,0.046219
258276,0.037411,0,0.025838,0.281471,0.037598,0.036544
258299,0.092144,0,0.085784,0.363798,0.234077,0.063084
258307,0.043295,0,0.041021,0.074949,0.075019,0.045139
258314,0.079485,0,0.082359,0.153349,0.156764,0.053488
258323,0.249088,0,0.254656,0.87441,0.687764,0.104388
258329,0.308947,0,0.354108,0.617676,0.589756,0.079044
258345,0.025868,0,0.014687,0.165563,0.111078,0.039796
258371,0.123228,0,0.116027,0.622918,0.375614,0.053404
258378,0.022138,0,0.015321,0.065512,0.119715,0.036807
258379,0.036224,0,0.035891,0.037072,0.062976,0.036544
258385,0.227977,0,0.246232,0.796933,0.549545,0.049801
258390,0.047375,0,0.046185,0.121461,0.11774,0.036544
258419,0.033858,0,0.025445,0.190549,0.047749,0.036544
258438,0.083097,1,0.075546,0.458935,0.161186,0.041624
258439,0.052172,0,0.036306,0.33282,0.268118,0.054519
258449,0.252545,0,0.297028,0.444617,0.533963,0.045969
258453,0.037745,0,0.029471,0.147074,0.166102,0.045139
258458,0.111564,0,0.121316,0.183412,0.195238,0.06034
258490,0.044209,0,0.039307,0.184986,0.065981,0.036544
258504,0.026359,0,0.018248,0.133385,0.049408,0.036544
258509,0.029448,0,0.018859,0.148646,0.090525,0.045533
258551,0.038541,0,0.036894,0.054218,0.110304,0.039796
258573,0.073322,0,0.070942,0.253104,0.157356,0.047612
258600,0.0706,0,0.068954,0.273115,0.18383,0.037293
258628,0.088731,0,0.084605,0.31751,0.166269,0.0609
258638,0.038141,0,0.023086,0.326145,0.125194,0.039825
258666,0.033997,0,0.029929,0.070929,0.126894,0.039796
258687,0.061431,0,0.038591,0.504982,0.235409,0.061616
258695,0.420341,0,0.503176,0.678224,0.754079,0.058881
258713,0.065691,0,0.058766,0.299055,0.139599,0.047481
258715,0.04002,0,0.037603,0.04364,0.113647,0.046219
258732,0.182199,0,0.178276,0.90854,0.552076,0.05645
258736,0.03342,0,0.026388,0.114751,0.099458,0.042994
258737,0.089212,0,0.09109,0.317061,0.176026,0.039108
258738,0.047833,0,0.0437,0.196233,0.04926,0.036544
258765,0.039499,0,0.034722,0.091655,0.096243,0.046219
258768,0.04352,0,0.041189,0.123042,0.08601,0.036721
258772,0.053798,0,0.046858,0.154818,0.082465,0.060569
258773,0.072036,0,0.051368,0.616007,0.277588,0.045366
258811,0.036389,0,0.032232,0.104402,0.134735,0.036807
258813,0.03168,0,0.026128,0.119566,0.029459,0.036544
258824,0.042692,0,0.038095,0.082882,0.132434,0.049952
258825,0.070861,0,0.071443,0.192934,0.14337,0.04485
258846,0.03895,0,0.033345,0.144102,0.101011,0.039108
258866,0.103032,0,0.113955,0.153715,0.232787,0.049961
258868,0.046905,0,0.043073,0.125874,0.110972,0.045139
258898,0.022892,0,0.011231,0.130647,0.073887,0.045267
258926,0.190358,0,0.195019,0.773469,0.332379,0.064938
258933,0.050969,0,0.04125,0.263413,0.184157,0.045139
258944,0.064884,0,0.06512,0.222631,0.039545,0.036544
258951,0.303961,0,0.323849,0.909709,0.704992,0.110933
258961,0.026764,0,0.016164,0.174071,0.085407,0.037934
258967,0.024553,0,0.019222,0.066793,0.02996,0.036544
258973,0.028029,0,0.011139,0.319153,0.084178,0.036807
258982,0.077969,0,0.069402,0.325485,0.13527,0.063767
259009,0.03353,0,0.018572,0.348316,0.06322,0.031695
259022,0.063736,0,0.057707,0.282856,0.127005,0.045063
259040,0.032733,0,0.025894,0.125015,0.093093,0.039796
259041,0.032329,0,0.027783,0.070866,0.058672,0.04149
259064,0.171127,0,0.200257,0.27907,0.370348,0.038615
259071,0.064692,0,0.062408,0.273376,0.039832,0.036544
259087,0.056939,0,0.046211,0.330001,0.149993,0.045139
259109,0.026003,0,0.012701,0.214458,0.084868,0.039796
259125,0.045569,0,0.034857,0.2741,0.09956,0.042772
259135,0.042454,0,0.033423,0.170162,0.149621,0.049959
259136,0.111599,0,0.11226,0.367002,0.297977,0.05825
259156,0.051973,0,0.045476,0.21629,0.12282,0.044608
259157,0.044126,0,0.02978,0.348022,0.125567,0.04051
259158,0.056499,0,0.045732,0.318286,0.210424,0.045139
259172,0.256437,0,0.280179,0.872634,0.522842,0.051111
259180,0.05743,0,0.041462,0.452921,0.118644,0.044011
259184,0.030337,0,0.025058,0.114207,0.137013,0.03183
259198,0.271216,0,0.294625,0.821211,0.534281,0.079044
259208,0.18265,0,0.186984,0.839559,0.451486,0.041666
259214,0.061164,0,0.061207,0.087822,0.151586,0.053685
259238,0.345689,0,0.397445,0.840198,0.706502,0.055969
259262,0.296288,0,0.328868,0.796959,0.559915,0.079044
259263,0.041465,0,0.041147,0.046821,0.082925,0.04051
259266,0.039507,0,0.02508,0.317514,0.156943,0.039796
259288,0.05933,0,0.056856,0.176434,0.12101,0.045799
259317,0.152485,0,0.161497,0.537425,0.390072,0.043701
259324,0.415315,0,0.465046,0.818572,0.751567,0.150075
259327,0.107323,0,0.106953,0.350935,0.257929,0.0609
259331,0.041262,0,0.028333,0.274733,0.155574,0.044064
259335,0.038815,0,0.033163,0.094214,0.109949,0.047782
259348,0.042074,0,0.024334,0.439128,0.045917,0.036544
259351,0.036922,0,0.030158,0.108636,0.138424,0.046219
259355,0.051314,0,0.044228,0.215708,0.194388,0.044064
259361,0.064193,0,0.059242,0.272745,0.150115,0.042787
259372,0.051357,0,0.055099,0.050162,0.094057,0.036544
259386,0.269222,0,0.311106,0.597039,0.486812,0.049801
259390,0.063504,0,0.05559,0.348815,0.132738,0.039796
259399,0.033031,0,0.024302,0.190085,0.056506,0.036544
259400,0.48233,0,0.548927,0.895073,0.81251,0.153271
259409,0.024557,0,0.013181,0.15981,0.116941,0.039796
259420,0.060713,0,0.036919,0.626306,0.145457,0.045139
259422,0.032828,0,0.022287,0.224011,0.070241,0.036544
259426,0.16377,0,0.181172,0.391835,0.165895,0.058689
259427,0.052711,0,0.054513,0.09777,0.104404,0.036544
259429,0.040033,0,0.033905,0.170804,0.137483,0.036544
259434,0.058209,0,0.038756,0.483948,0.177173,0.050623
259446,0.428814,1,0.508009,0.700898,0.760344,0.078323
259457,0.128738,0,0.130382,0.489782,0.222986,0.05549
259460,0.062186,0,0.06571,0.051505,0.141649,0.048831
259465,0.388317,0,0.449284,0.8677,0.655464,0.069931
259497,0.039733,0,0.036943,0.111099,0.065991,0.036544
259526,0.047635,0,0.03995,0.166929,0.092749,0.053426
259532,0.206068,1,0.216558,0.692141,0.460023,0.073291
259558,0.043814,0,0.041624,0.056725,0.196811,0.045267
259581,0.050598,0,0.038311,0.321017,0.139769,0.045139
259620,0.054751,0,0.058748,0.027873,0.125568,0.042787
259641,0.044586,0,0.034726,0.265582,0.137128,0.038901
259677,0.029089,0,0.02074,0.152469,0.070034,0.036721
259681,0.038912,0,0.035597,0.061762,0.11546,0.044906
259705,0.039831,0,0.039987,0.050935,0.065464,0.036544
259709,0.041665,0,0.040852,0.06918,0.079104,0.03869
259712,0.049108,0,0.023119,0.599066,0.109026,0.045139
259739,0.06324,0,0.068722,0.033988,0.172089,0.045139
259749,0.133848,0,0.122137,0.752432,0.346652,0.06056
259760,0.034169,0,0.029083,0.028921,0.082219,0.052533
259779,0.242851,0,0.262947,0.727169,0.390361,0.077921
259791,0.052719,0,0.039287,0.405489,0.140756,0.036807
259803,0.065812,0,0.069789,0.10135,0.11997,0.04324
259804,0.03639,0,0.027968,0.206311,0.057364,0.036544
259806,0.100951,0,0.102792,0.321211,0.148447,0.053452
259807,0.122711,0,0.116958,0.567879,0.23919,0.061126
259811,0.078499,0,0.069843,0.441322,0.096281,0.045139
259829,0.070119,0,0.070479,0.106033,0.21259,0.058342
259838,0.036337,0,0.028571,0.169572,0.11331,0.039038
259839,0.425437,0,0.487783,0.740318,0.767815,0.129219
259861,0.083053,0,0.070576,0.497894,0.138248,0.053452
259863,0.047804,0,0.047426,0.049574,0.180187,0.045139
259871,0.022875,0,0.015731,0.076984,0.081453,0.037934
259882,0.06577,0,0.066781,0.173665,0.170507,0.039796
259901,0.115042,0,0.095033,0.654515,0.217668,0.089654
259902,0.061543,0,0.05882,0.15176,0.103148,0.054304
259904,0.097369,0,0.101729,0.264311,0.232693,0.047612
259928,0.064788,0,0.048804,0.464572,0.138614,0.050305
259940,0.103792,0,0.095017,0.450563,0.26585,0.069657
259996,0.255974,0,0.296311,0.27285,0.425413,0.099183
259997,0.287,1,0.29489,0.860917,0.504437,0.149165
260002,0.083425,0,0.082377,0.318095,0.157255,0.043278
260008,0.113024,0,0.117934,0.419266,0.232019,0.036807
260014,0.368449,0,0.417065,0.909533,0.762702,0.081058
260017,0.028757,0,0.006114,0.435922,0.128913,0.036807
260018,0.018553,0,0.006791,0.144734,0.072118,0.037934
260022,0.033005,0,0.027165,0.112231,0.079305,0.039108
260033,0.441145,0,0.496689,0.848654,0.814747,0.15262
260044,0.056593,0,0.055534,0.113434,0.153361,0.047612
260049,0.038382,0,0.026754,0.182807,0.0816,0.054304
260062,0.196462,0,0.197368,0.907628,0.535803,0.05645
260073,0.029567,0,0.014997,0.272829,0.139572,0.036807
260082,0.040521,0,0.030716,0.265319,0.041461,0.036544
260099,0.05147,0,0.049072,0.179153,0.085727,0.036544
260102,0.140381,0,0.125276,0.696804,0.231411,0.094175
260107,0.060228,0,0.061783,0.164422,0.036392,0.036544
260113,0.052167,0,0.050584,0.139044,0.143051,0.039922
260122,0.026623,0,0.021112,0.06792,0.125271,0.036807
260140,0.067114,0,0.073088,0.086395,0.151242,0.039226
260154,0.034827,0,0.020566,0.304609,0.122767,0.036807
260169,0.054601,0,0.053347,0.100732,0.16532,0.047859
260180,0.039921,0,0.031659,0.229233,0.042249,0.036544
260183,0.034553,0,0.026428,0.184046,0.0746,0.036721
260200,0.073946,0,0.061783,0.438589,0.130156,0.052125
260201,0.020854,0,0.014867,0.032878,0.081261,0.039108
260217,0.021175,0,0.009913,0.136685,0.078655,0.040508
260221,0.044725,0,0.044892,0.069956,0.15275,0.036544
260222,0.043276,0,0.035579,0.200202,0.134758,0.041078
260231,0.13379,0,0.132754,0.666454,0.342359,0.036544
260244,0.039858,0,0.027471,0.26443,0.051984,0.045139
260245,0.069642,0,0.055243,0.486072,0.191815,0.044964
260248,0.041044,0,0.034045,0.207069,0.059092,0.036721
260318,0.32572,0,0.343975,0.833963,0.736785,0.15586
260322,0.042914,0,0.043072,0.073029,0.057217,0.036544
260347,0.079299,0,0.059363,0.559066,0.207232,0.063589
260359,0.049039,0,0.048525,0.029804,0.124827,0.05223
260366,0.029372,0,0.022679,0.098667,0.097076,0.039796
260382,0.06594,0,0.069953,0.145302,0.079884,0.036544
260394,0.048647,0,0.035103,0.345417,0.066524,0.045139
260414,0.034735,0,0.031515,0.053385,0.188098,0.038957
260445,0.180454,0,0.184769,0.743682,0.550862,0.053404
260465,0.022512,0,0.010039,0.184472,0.12278,0.036807
260466,0.068404,0,0.06563,0.272117,0.175408,0.039226
260472,0.076919,0,0.059704,0.649923,0.132717,0.036544
260473,0.046769,0,0.048883,0.06007,0.048272,0.036544
260477,0.084869,0,0.064647,0.58179,0.237361,0.066458
260499,0.063121,0,0.063601,0.17699,0.21451,0.036721
260507,0.056411,0,0.056991,0.043123,0.160989,0.053685
260509,0.038324,0,0.037032,0.036939,0.103946,0.04149
260510,0.037698,0,0.035037,0.060499,0.107061,0.04149
260546,0.041439,0,0.021306,0.510537,0.051547,0.031695
260574,0.02854,0,0.017383,0.197315,0.087205,0.037934
260575,0.028389,0,0.019613,0.129331,0.133405,0.039796
260587,0.038281,0,0.035154,0.112442,0.039618,0.036544
260588,0.380866,0,0.436916,0.61243,0.59656,0.126375
260603,0.037045,0,0.029854,0.186091,0.052207,0.036544
260605,0.042786,0,0.038727,0.099044,0.101621,0.04606
260617,0.068112,0,0.059944,0.37342,0.158148,0.041185
260622,0.086537,0,0.058838,0.839744,0.280376,0.048778
260639,0.029771,0,0.020485,0.122374,0.100046,0.045533
260641,0.031206,0,0.027818,0.071485,0.030417,0.036544
260675,0.073841,0,0.082629,0.065463,0.203055,0.039226
260681,0.030636,0,0.024976,0.039386,0.201652,0.045139
260702,0.042176,0,0.035255,0.112344,0.190167,0.051017
260728,0.047123,0,0.04115,0.221463,0.097578,0.036608
260734,0.070914,0,0.072534,0.227866,0.119058,0.035527
260746,0.045428,0,0.027928,0.452704,0.071901,0.036544
260763,0.056448,0,0.057521,0.099647,0.165055,0.041697
260781,0.060608,0,0.035737,0.658984,0.212364,0.041259
260785,0.022366,0,0.011771,0.131083,0.102838,0.039796
260801,0.050439,0,0.033766,0.473667,0.0454,0.036544
260803,0.031105,0,0.027173,0.045319,0.087575,0.04149
260820,0.302905,0,0.368307,0.392283,0.44979,0.041224
260850,0.034116,0,0.027723,0.097668,0.077847,0.045139
260856,0.069411,1,0.06612,0.207426,0.14671,0.05472
260879,0.028699,0,0.020856,0.090738,0.079736,0.045139
260882,0.034281,0,0.030245,0.097658,0.081039,0.036544
260884,0.034012,0,0.032669,0.036498,0.104245,0.036544
260904,0.049141,0,0.035298,0.352126,0.238229,0.040788
260935,0.418598,0,0.470985,0.766402,0.784452,0.15262
260945,0.039521,0,0.035787,0.07946,0.150232,0.043044
260950,0.136115,0,0.108474,0.74864,0.288585,0.124452
261006,0.109505,0,0.119397,0.212642,0.274338,0.049879
261008,0.106359,0,0.109538,0.35844,0.192854,0.047131
261025,0.067164,0,0.066312,0.208199,0.132013,0.043278
261038,0.135126,0,0.138134,0.316852,0.27676,0.08754
261040,0.047555,0,0.038229,0.239779,0.136439,0.045139
261070,0.039788,0,0.0197,0.486468,0.059971,0.033601
261071,0.055702,0,0.05559,0.105842,0.127095,0.045139
261081,0.303589,0,0.335199,0.863746,0.576185,0.079044
261108,0.026925,0,0.012683,0.250528,0.124884,0.036807
261119,0.066718,0,0.066601,0.238098,0.066163,0.036544
261121,0.017216,0,0.008373,0.060457,0.11776,0.039307
261125,0.022974,0,0.011635,0.152918,0.087975,0.039796
261147,0.03814,0,0.020736,0.404673,0.051726,0.036544
261149,0.060024,0,0.057664,0.133367,0.20638,0.051496
261159,0.088815,0,0.098383,0.077009,0.144648,0.054007
261174,0.114567,0,0.115001,0.379853,0.279537,0.0609
261192,0.041901,0,0.028437,0.36798,0.101117,0.031695
261228,0.056698,0,0.052769,0.253208,0.04087,0.036544
261251,0.038638,0,0.036258,0.043208,0.090781,0.045139
261265,0.031716,0,0.026228,0.079986,0.097794,0.04149
261266,0.051586,0,0.034847,0.477654,0.077742,0.036544
261271,0.065607,0,0.067569,0.187723,0.065461,0.036544
261305,0.050847,0,0.051265,0.084271,0.115925,0.04149
261322,0.039831,0,0.038938,0.030759,0.15519,0.04149
261376,0.01795,0,0.004049,0.190409,0.077085,0.036807
261381,0.095365,0,0.090732,0.290229,0.215736,0.074257
261389,0.049252,0,0.049576,0.108418,0.08243,0.036544
261401,0.078263,0,0.079694,0.135361,0.144521,0.0609
261411,0.070331,0,0.072457,0.129744,0.211831,0.047859
261422,0.033304,0,0.029847,0.084119,0.049172,0.036544
261443,0.030555,0,0.026043,0.032478,0.091968,0.045139
261445,0.037759,0,0.033213,0.084297,0.142211,0.043278
261456,0.198917,0,0.218116,0.542303,0.576595,0.055969
261463,0.089106,1,0.081317,0.496693,0.153103,0.04324
261480,0.066061,0,0.041477,0.661721,0.128841,0.048653
261543,0.038563,0,0.026507,0.245154,0.075399,0.045139
261556,0.041091,0,0.03539,0.180281,0.067061,0.036544
261566,0.030939,0,0.018331,0.232887,0.088463,0.039796
261567,0.027606,0,0.022221,0.061041,0.088559,0.039796
261585,0.086841,0,0.078161,0.536185,0.160027,0.036544
261610,0.035924,0,0.025794,0.237691,0.055926,0.036721
261611,0.102256,0,0.106446,0.34972,0.16394,0.040822
261616,0.065858,0,0.062849,0.252745,0.145015,0.041341
261617,0.041534,0,0.031213,0.247908,0.121723,0.04051
261639,0.06599,0,0.059948,0.260415,0.193732,0.049952
261674,0.066802,0,0.063187,0.311029,0.065878,0.036544
261720,0.047762,0,0.044171,0.175086,0.10907,0.036544
261727,0.481356,0,0.574317,0.772826,0.750362,0.078323
261745,0.409381,1,0.470536,0.955859,0.676119,0.078323
261753,0.087141,0,0.0884,0.280705,0.252068,0.04324
261763,0.047975,0,0.044583,0.18043,0.058319,0.036544
261779,0.036023,0,0.021329,0.335895,0.035815,0.036721
261785,0.04753,0,0.046476,0.085155,0.161074,0.04149
261824,0.028088,0,0.022432,0.045691,0.052685,0.045139
261855,0.060813,0,0.062174,0.148504,0.177845,0.036807
261857,0.063275,0,0.06069,0.171554,0.16405,0.050623
261864,0.037059,0,0.036264,0.052246,0.063111,0.036544
261865,0.157907,0,0.152271,0.812946,0.575327,0.04988
261867,0.066398,0,0.054824,0.420275,0.09388,0.045139
261904,0.045147,0,0.045483,0.077817,0.099131,0.036544
261932,0.090792,0,0.089428,0.340728,0.212308,0.047737
261940,0.039723,0,0.028778,0.226672,0.09649,0.045139
261942,0.033841,0,0.024035,0.190614,0.130757,0.039307
261978,0.141351,0,0.160874,0.228547,0.26275,0.05023
261986,0.04392,0,0.039465,0.152477,0.151487,0.037934
261987,0.055968,0,0.052734,0.229511,0.068686,0.036544
262008,0.04761,0,0.031228,0.376029,0.17035,0.045967
262041,0.015388,0,0.005148,0.055325,0.086459,0.044064
262057,0.087912,0,0.097043,0.15338,0.183082,0.039796
262058,0.044089,0,0.038466,0.196952,0.079415,0.036544
262071,0.038986,0,0.032122,0.147456,0.099628,0.04324
262088,0.051196,0,0.049647,0.132874,0.160757,0.039226
262089,0.039096,1,0.030252,0.214724,0.165418,0.036807
262092,0.025719,0,0.020656,0.050375,0.057734,0.039108
262100,0.448441,0,0.511209,0.823265,0.703534,0.142423
262103,0.05095,0,0.050562,0.135171,0.078946,0.036544
262142,0.029976,0,0.01917,0.132193,0.128631,0.048831
262168,0.04567,0,0.036475,0.239557,0.11131,0.043131
262169,0.038626,0,0.024209,0.304498,0.095103,0.042772
262170,0.026127,0,0.01394,0.202874,0.083597,0.037934
262171,0.199639,0,0.201634,0.820903,0.314786,0.078008
262174,0.064905,0,0.064164,0.180149,0.12797,0.045267
262175,0.06053,0,0.051792,0.33059,0.123456,0.042772
262177,0.057532,0,0.039896,0.480387,0.127372,0.045139
262178,0.028655,0,0.014533,0.258141,0.095028,0.037934
262227,0.017539,0,0.006966,0.11553,0.097878,0.036807
262242,0.029788,0,0.010965,0.354486,0.102889,0.039226
262257,0.059367,0,0.057296,0.107506,0.082089,0.057772
262290,0.060569,0,0.058662,0.170395,0.15286,0.04538
262327,0.068719,0,0.061215,0.40305,0.067934,0.036721
262346,0.053099,0,0.046959,0.214081,0.185242,0.043278
262362,0.024328,0,0.019696,0.024235,0.148719,0.037934
262376,0.080794,0,0.069566,0.41772,0.237398,0.057634
262377,0.049002,0,0.037218,0.301593,0.128724,0.045139
262459,0.058698,0,0.049489,0.303698,0.105217,0.047622
262462,0.030707,0,0.025251,0.109748,0.031255,0.036721
262473,0.047885,0,0.042654,0.076099,0.183126,0.058342
262475,0.037968,0,0.033309,0.080376,0.086821,0.046219
262477,0.035543,0,0.022691,0.259769,0.167125,0.039226
262482,0.088423,0,0.090128,0.13152,0.184921,0.071696
262492,0.035787,0,0.036246,0.014202,0.085532,0.036544
262520,0.051487,0,0.033521,0.475774,0.070771,0.04149
262530,0.034278,0,0.025122,0.19386,0.092455,0.037934
262534,0.050206,0,0.051671,0.082986,0.132608,0.036608
262555,0.051442,0,0.036856,0.306505,0.101009,0.058342
262591,0.050655,0,0.047276,0.101475,0.091765,0.052894
262624,0.035561,0,0.025662,0.14633,0.139194,0.0494
262630,0.048979,0,0.032146,0.408385,0.112492,0.045139
262632,0.041921,0,0.035603,0.163071,0.151522,0.04051
262635,0.041321,0,0.038472,0.101696,0.060558,0.04051
262636,0.032446,0,0.02682,0.090941,0.112567,0.04051
262718,0.03623,0,0.028595,0.132496,0.110199,0.045139
262722,0.046462,0,0.026136,0.455567,0.124836,0.046219
262723,0.042171,0,0.023658,0.410954,0.154121,0.04149
262729,0.038012,0,0.031191,0.16421,0.174075,0.036807
262737,0.060696,0,0.052629,0.291598,0.194269,0.045458
262740,0.407977,0,0.489434,0.530243,0.628282,0.079044
262743,0.042809,0,0.03063,0.266556,0.126048,0.045458
262770,0.322655,0,0.365259,0.418857,0.598398,0.140312
262787,0.266883,0,0.290568,0.778735,0.581808,0.079044
262791,0.121312,0,0.141245,0.103686,0.238138,0.047535
262792,0.288402,0,0.315296,0.862666,0.550703,0.079044
262808,0.046819,0,0.040193,0.219474,0.135546,0.037934
262820,0.029568,0,0.02432,0.037862,0.111978,0.045139
262823,0.10333,0,0.111278,0.257604,0.270205,0.041688
262838,0.041029,0,0.029684,0.305084,0.061374,0.035174
262840,0.048501,0,0.035852,0.312018,0.154452,0.045139
262847,0.042676,0,0.025569,0.428048,0.05887,0.036544
262888,0.042068,0,0.036162,0.138083,0.098238,0.045139
262900,0.060869,0,0.060052,0.209135,0.091028,0.036544
262904,0.063905,0,0.038839,0.602368,0.207127,0.056224
262931,0.095102,0,0.108455,0.099349,0.141968,0.043701
262941,0.017163,0,0.008103,0.075911,0.134709,0.036807
262942,0.048416,0,0.04016,0.218974,0.164944,0.045139
262946,0.163016,0,0.176273,0.507964,0.195541,0.051497
262950,0.381439,0,0.423993,0.753342,0.808563,0.145739
262956,0.069325,0,0.068451,0.25283,0.109907,0.038615
262972,0.379054,0,0.438191,0.794534,0.639045,0.079044
262973,0.030523,0,0.022023,0.170244,0.044933,0.036544
262987,0.176747,0,0.178805,0.662899,0.494719,0.073291
262989,0.103372,0,0.107867,0.312306,0.167891,0.047612
262991,0.03527,0,0.027118,0.199833,0.015161,0.036544
262996,0.032368,0,0.025479,0.15106,0.034598,0.036544
263023,0.025181,0,0.018005,0.10691,0.044194,0.036544
263027,0.069435,0,0.068804,0.211287,0.243717,0.04149
263053,0.042584,0,0.03444,0.199148,0.180563,0.040788
263055,0.052357,0,0.039456,0.351555,0.102126,0.045139
263111,0.397964,0,0.442343,0.840361,0.68619,0.146854
263115,0.038532,0,0.03396,0.091495,0.067403,0.045139
263133,0.031755,0,0.02568,0.099552,0.052648,0.04149
263146,0.029921,0,0.021665,0.157098,0.070427,0.036544
263151,0.078456,0,0.07782,0.215388,0.160908,0.054007
263192,0.210785,0,0.229368,0.657414,0.586701,0.051714
263195,0.106333,0,0.092096,0.621717,0.220794,0.063593
263203,0.027813,0,0.022524,0.088037,0.029433,0.036544
263205,0.057359,0,0.046595,0.290113,0.12255,0.053685
263221,0.061089,0,0.053745,0.245063,0.22787,0.050623
263233,0.14061,0,0.133137,0.508615,0.413525,0.09474
263247,0.175126,0,0.181801,0.632689,0.579374,0.057283
263294,0.057983,0,0.061523,0.044237,0.136599,0.045139
263295,0.043934,0,0.037295,0.218841,0.067206,0.036544
263297,0.031385,0,0.028454,0.032119,0.052213,0.04149
263336,0.271178,0,0.311167,0.579601,0.663217,0.057283
263342,0.043018,0,0.042566,0.086952,0.053386,0.036544
263343,0.042459,0,0.037329,0.162069,0.165951,0.036544
263346,0.051162,0,0.039826,0.342863,0.161176,0.0378
263348,0.369041,0,0.418979,0.919425,0.624183,0.079044
263368,0.079528,0,0.071377,0.250601,0.191843,0.075889
263370,0.035185,0,0.028333,0.123126,0.085213,0.043365
263378,0.406042,0,0.453927,0.902294,0.373676,0.14143
263392,0.047995,0,0.045674,0.08536,0.137564,0.047359
263430,0.08507,0,0.075838,0.469589,0.185896,0.047612
263447,0.239814,0,0.26806,0.704688,0.468133,0.045969
263448,0.333614,0,0.379347,0.773241,0.584862,0.079044
263456,0.045314,0,0.035579,0.240469,0.089895,0.045139
263468,0.048363,0,0.046446,0.148744,0.080174,0.036608
263524,0.074148,0,0.066321,0.34896,0.212838,0.05003
263534,0.061349,0,0.064849,0.104343,0.090516,0.039913
263566,0.113709,1,0.11064,0.219004,0.230791,0.102919
263584,0.042498,0,0.034777,0.13154,0.105133,0.053333
263586,0.049118,0,0.034274,0.386223,0.162951,0.04049
263611,0.049345,0,0.026255,0.538571,0.122771,0.045139
263614,0.207284,0,0.238434,0.444734,0.42309,0.043701
263617,0.02842,0,0.021219,0.111342,0.113337,0.0378
263630,0.050656,0,0.034715,0.398499,0.129905,0.045139
263647,0.018363,0,0.006814,0.121523,0.134367,0.039307
263662,0.096813,0,0.083491,0.548152,0.225853,0.061724
263684,0.026325,0,0.016044,0.161247,0.106149,0.037934
263740,0.311841,0,0.357994,0.772263,0.631319,0.050075
263756,0.056804,0,0.038579,0.549744,0.114747,0.034404
263758,0.055276,0,0.046361,0.344687,0.053462,0.036544
263806,0.331607,0,0.375566,0.81476,0.648225,0.073966
263810,0.057034,0,0.055183,0.122955,0.127242,0.050105
263828,0.17661,0,0.1881,0.490305,0.385879,0.072203
263845,0.070666,0,0.072703,0.099699,0.106613,0.05694
263849,0.023205,0,0.013607,0.117406,0.094883,0.039796
263854,0.057975,0,0.058805,0.069098,0.12543,0.051017
263875,0.08335,0,0.089387,0.119624,0.10338,0.054007
263895,0.062988,0,0.040824,0.609072,0.205675,0.04324
263904,0.030022,0,0.013675,0.301931,0.121664,0.039226
263921,0.065819,0,0.068333,0.069477,0.131994,0.054007
263942,0.054614,0,0.052558,0.199732,0.045206,0.036544
263948,0.069535,0,0.05091,0.536718,0.182161,0.051666
264008,0.062992,0,0.066899,0.07333,0.104718,0.045533
264039,0.050732,0,0.037944,0.361049,0.150305,0.0397
264051,0.31938,1,0.356678,0.83523,0.687434,0.079044
264071,0.086622,0,0.082153,0.298478,0.135503,0.063892
264088,0.046725,0,0.043716,0.164275,0.056989,0.036544
264117,0.023166,0,0.012733,0.147701,0.11661,0.036807
264133,0.073057,0,0.053182,0.528417,0.18441,0.061953
264156,0.0585,0,0.040571,0.484916,0.178478,0.045139
264194,0.023463,0,0.015042,0.104624,0.138674,0.036807
264204,0.06729,0,0.071391,0.156398,0.055835,0.036544
264217,0.399465,0,0.466273,0.767193,0.706587,0.078323
264219,0.025933,0,0.009452,0.29331,0.104554,0.036807
264234,0.031405,0,0.028521,0.053972,0.083849,0.036544
264247,0.026111,0,0.016679,0.155334,0.072583,0.036544
264254,0.402446,0,0.451869,0.678489,0.790786,0.1596
264274,0.086435,0,0.085777,0.233771,0.234403,0.058355
264277,0.292756,0,0.34817,0.389057,0.716984,0.058881
264316,0.039784,0,0.040522,0.032955,0.101074,0.036544
264321,0.061905,0,0.04382,0.471728,0.207388,0.051359
264328,0.05892,0,0.059478,0.112087,0.12352,0.045533
264338,0.071154,0,0.063017,0.370471,0.162694,0.045139
264341,0.045938,0,0.044786,0.064083,0.10997,0.045139
264361,0.096717,0,0.096897,0.331179,0.121673,0.053452
264367,0.051518,0,0.036174,0.384562,0.176819,0.045139
264371,0.042792,0,0.025466,0.456927,0.081518,0.031695
264377,0.046993,0,0.046321,0.077766,0.134884,0.04149
264387,0.055798,0,0.055886,0.091099,0.11972,0.047359
264395,0.313083,1,0.358465,0.726007,0.765935,0.058881
264400,0.061663,0,0.06265,0.152072,0.130369,0.039922
264407,0.043278,0,0.029026,0.397076,0.084684,0.031532
264425,0.053649,0,0.047902,0.248363,0.129623,0.037934
264433,0.106071,0,0.092917,0.57164,0.193455,0.068999
264469,0.031897,0,0.024457,0.119003,0.113994,0.04149
264471,0.039038,0,0.035723,0.120934,0.042726,0.036544
264476,0.03369,0,0.023721,0.222717,0.040481,0.036544
264482,0.087322,0,0.078832,0.494067,0.267269,0.040916
264485,0.024296,0,0.019724,0.046117,0.050435,0.036544
264496,0.087895,0,0.072929,0.638997,0.201087,0.041501
264504,0.048622,0,0.041492,0.221611,0.170252,0.040606
264507,0.318827,0,0.354998,0.8732,0.571029,0.079044
264518,0.072771,0,0.067729,0.317514,0.162038,0.045139
264522,0.049467,0,0.0456,0.201788,0.049083,0.036544
264523,0.388808,0,0.43627,0.70046,0.816068,0.145739
264526,0.063838,0,0.066105,0.169791,0.063413,0.036544
264541,0.056771,0,0.037264,0.5301,0.108418,0.042787
264543,0.044346,0,0.042727,0.113072,0.091226,0.036721
264552,0.058406,0,0.049883,0.331919,0.207172,0.036807
264571,0.081085,0,0.084174,0.230642,0.168308,0.040489
264585,0.054842,0,0.041888,0.364451,0.133648,0.045139
264598,0.135107,0,0.125957,0.533485,0.310928,0.092748
264648,0.296308,0,0.346465,0.564257,0.504782,0.057283
264670,0.409291,1,0.455438,0.863303,0.599707,0.152345
264686,0.448891,0,0.541536,0.588384,0.698758,0.074721
264690,0.043453,0,0.03589,0.184785,0.078695,0.045139
264698,0.03368,0,0.027734,0.099577,0.072441,0.042772
264703,0.136758,0,0.117589,0.896608,0.272277,0.067957
264719,0.046363,0,0.046253,0.094102,0.106342,0.036544
264732,0.452842,0,0.555012,0.494121,0.77916,0.058881
264752,0.477474,0,0.572421,0.745798,0.600926,0.075359
264764,0.219134,0,0.230821,0.735661,0.636235,0.071883
264766,0.102723,0,0.067641,0.74597,0.251838,0.113148
264769,0.127486,0,0.102371,0.655076,0.327657,0.120316
264780,0.037227,0,0.028715,0.218405,0.028446,0.036544
264792,0.068274,0,0.061189,0.340452,0.221018,0.04149
264793,0.077874,0,0.058881,0.525756,0.308693,0.06147
264794,0.048411,0,0.042348,0.194663,0.094672,0.043365
264809,0.045628,0,0.03379,0.335857,0.079273,0.036544
264829,0.043088,0,0.039159,0.129592,0.066186,0.04149
264838,0.032788,0,0.030566,0.044419,0.114463,0.036608
264858,0.111032,0,0.114079,0.427359,0.156012,0.041986
264862,0.046089,0,0.047581,0.059247,0.105651,0.036544
264870,0.391032,1,0.438094,0.674649,0.768502,0.15586
264871,0.019404,0,0.007477,0.137399,0.110587,0.039796
264902,0.060023,1,0.051453,0.313186,0.178133,0.043101
264904,0.055651,0,0.051756,0.105469,0.126388,0.059136
264951,0.03574,0,0.024693,0.222344,0.105559,0.041224
264970,0.049038,0,0.034005,0.418653,0.115082,0.036652
265002,0.103983,0,0.092978,0.515102,0.222712,0.067817
265005,0.09678,0,0.081017,0.709241,0.279141,0.040408
265035,0.04393,0,0.035248,0.232482,0.103996,0.040606
265036,0.058428,0,0.064138,0.041186,0.104859,0.039108
265052,0.372809,1,0.410533,0.939872,0.671532,0.123709
265056,0.289328,0,0.331329,0.666689,0.604269,0.057869
265077,0.031387,0,0.019761,0.21852,0.175787,0.036807
265080,0.083128,0,0.086345,0.177904,0.181052,0.051542
265089,0.039625,0,0.037258,0.11704,0.072028,0.033621
265097,0.207377,1,0.217456,0.767202,0.428827,0.06386
265112,0.050837,0,0.043449,0.239587,0.10838,0.042772
265114,0.04004,0,0.031836,0.198442,0.119347,0.039796
265128,0.329689,0,0.346451,0.932138,0.63529,0.151495
265131,0.057805,0,0.055832,0.179663,0.077052,0.042772
265141,0.122983,0,0.133528,0.312487,0.213553,0.047612
265151,0.07953,0,0.080631,0.246527,0.1638,0.04324
265161,0.229361,0,0.259508,0.559189,0.557499,0.049801
265194,0.036036,0,0.03509,0.048492,0.063016,0.036544
265199,0.389722,0,0.457682,0.828152,0.636298,0.053404
265213,0.103133,0,0.111479,0.235973,0.136991,0.047612
265221,0.056679,0,0.051678,0.138319,0.292595,0.053892
265233,0.347991,0,0.411381,0.594149,0.73702,0.058881
265241,0.040528,0,0.031213,0.191212,0.103759,0.046219
265248,0.034154,0,0.032239,0.047514,0.115374,0.036544
265261,0.038584,0,0.035314,0.111467,0.077276,0.036544
265282,0.037808,0,0.026559,0.244363,0.071673,0.04149
265300,0.085025,0,0.088948,0.208696,0.113889,0.047622
265303,0.03843,0,0.027403,0.224628,0.064986,0.045139
265305,0.043414,0,0.040692,0.103304,0.148387,0.039796
265310,0.380212,1,0.420802,0.834431,0.583035,0.143402
265326,0.035799,0,0.033655,0.03893,0.094858,0.04149
265328,0.047269,0,0.044463,0.163,0.061719,0.036544
265349,0.463947,0,0.560503,0.585952,0.71862,0.078323
265365,0.437726,1,0.527136,0.665789,0.715744,0.058881
265370,0.024879,0,0.015098,0.136422,0.041369,0.040606
265373,0.047831,0,0.045297,0.073065,0.106706,0.051017
265374,0.041523,0,0.039148,0.079227,0.114592,0.04149
265383,0.159073,0,0.177397,0.402732,0.37808,0.041666
265391,0.086487,0,0.067051,0.616808,0.140142,0.062
265409,0.105304,1,0.112467,0.17997,0.268119,0.0609
265419,0.029915,0,0.023376,0.077029,0.080775,0.044208
265424,0.087039,0,0.088536,0.278524,0.182169,0.044608
265426,0.04341,0,0.025693,0.39667,0.064288,0.045139
265428,0.038723,0,0.033427,0.154449,0.076228,0.036544
265442,0.037206,0,0.02963,0.14623,0.057378,0.045139
265444,0.047011,0,0.041119,0.223158,0.067414,0.036721
265454,0.101427,0,0.104771,0.232618,0.268912,0.0609
265461,0.028792,0,0.02332,0.094275,0.055585,0.036544
265462,0.043055,0,0.038449,0.134344,0.123196,0.04149
265513,0.031551,1,0.025675,0.112254,0.112492,0.036544
265526,0.07685,0,0.054933,0.595937,0.357151,0.057126
265530,0.03994,0,0.033908,0.178873,0.070053,0.036544
265551,0.429234,0,0.525738,0.456422,0.749649,0.058881
265555,0.052058,0,0.050651,0.124287,0.153135,0.04149
265573,0.36615,0,0.4319,0.738173,0.614884,0.049801
265586,0.196781,0,0.207648,0.706652,0.488813,0.057283
265587,0.052127,0,0.052676,0.103243,0.068301,0.04051
265592,0.024457,0,0.020712,0.029061,0.057009,0.036544
265608,0.035186,0,0.023889,0.255863,0.062008,0.036721
265615,0.049956,0,0.05341,0.044559,0.107292,0.036544
265645,0.041415,0,0.042437,0.043915,0.064342,0.036544
265702,0.0381,0,0.022482,0.362184,0.085353,0.036544
265707,0.079952,0,0.077321,0.322461,0.122383,0.045139
265718,0.067173,0,0.059015,0.354015,0.099541,0.045139
265742,0.039066,0,0.034855,0.084513,0.082592,0.045267
265747,0.023437,0,0.012948,0.156437,0.116244,0.035791
265748,0.023417,0,0.015215,0.090738,0.064806,0.04051
265750,0.035814,0,0.033094,0.048459,0.11048,0.04149
265772,0.069007,0,0.063465,0.194916,0.229883,0.062431
265774,0.046158,0,0.043042,0.073661,0.145103,0.049953
265779,0.076644,0,0.071821,0.292125,0.17184,0.053263
265797,0.053707,0,0.044047,0.33889,0.160454,0.035411
265807,0.027987,0,0.019495,0.127098,0.03333,0.04149
265816,0.258078,0,0.278738,0.854651,0.658352,0.063859
265817,0.049562,0,0.043877,0.119185,0.154762,0.055142
265822,0.318853,0,0.347089,0.733583,0.711908,0.129346
265828,0.055726,0,0.034306,0.591454,0.138147,0.036786
265831,0.031535,0,0.015408,0.321543,0.119101,0.036807
265832,0.061555,0,0.055856,0.223185,0.157273,0.051017
265853,0.19468,0,0.196449,0.736173,0.631431,0.079044
265882,0.125225,0,0.136098,0.356898,0.140573,0.04324
265910,0.031051,0,0.010547,0.388504,0.090859,0.041224
265915,0.281016,1,0.301819,0.904592,0.694913,0.081058
265917,0.195517,0,0.214779,0.609548,0.432295,0.043701
265921,0.110227,0,0.110841,0.472462,0.186598,0.041078
265934,0.025416,0,0.017749,0.098238,0.087829,0.038957
265953,0.024815,0,0.012456,0.176611,0.099685,0.041224
265957,0.428653,0,0.479913,0.835459,0.788802,0.156453
265967,0.076657,0,0.073204,0.371533,0.083068,0.036544
265969,0.069304,0,0.054962,0.498536,0.152198,0.04324
265975,0.049093,0,0.039574,0.260499,0.096421,0.045139
265983,0.094583,0,0.099147,0.190427,0.162182,0.058689
265999,0.039905,0,0.029692,0.208638,0.084392,0.046219
266010,0.051806,0,0.052212,0.121233,0.09987,0.036544
266015,0.060862,0,0.0463,0.446057,0.085017,0.045139
266020,0.044922,0,0.043719,0.073824,0.140849,0.04149
266040,0.033668,0,0.027886,0.105881,0.133144,0.039307
266043,0.051119,0,0.036074,0.412673,0.163722,0.038901
266045,0.045282,0,0.041387,0.167041,0.093672,0.036544
266057,0.055532,0,0.052939,0.124581,0.100651,0.051496
266066,0.020574,0,0.013509,0.042845,0.062924,0.04149
266069,0.050228,0,0.049984,0.075133,0.175677,0.043131
266073,0.362336,0,0.404652,0.648936,0.743752,0.14405
266076,0.046472,0,0.045687,0.118702,0.043654,0.036544
266084,0.206403,0,0.215588,0.678943,0.677557,0.074721
266132,0.047725,0,0.046304,0.133597,0.086125,0.036544
266133,0.074219,0,0.07748,0.174113,0.209183,0.040508
266136,0.307216,0,0.342943,0.806696,0.553702,0.079044
266140,0.037616,0,0.029118,0.160708,0.089748,0.045533
266153,0.03442,0,0.026828,0.070769,0.103683,0.054007
266158,0.118677,0,0.132466,0.221835,0.178921,0.047612
266160,0.063502,0,0.057956,0.311044,0.103848,0.038615
266166,0.073481,0,0.074302,0.224305,0.099226,0.042772
266168,0.076018,0,0.074384,0.300798,0.174328,0.039108
266184,0.049078,0,0.042376,0.088867,0.082294,0.065781
266187,0.421443,0,0.505531,0.663884,0.728045,0.058881
266191,0.050488,0,0.044621,0.228126,0.185817,0.036589
266195,0.255817,0,0.28099,0.685645,0.524682,0.078436
266224,0.079752,0,0.071172,0.46226,0.153029,0.041026
266229,0.072759,0,0.080339,0.10729,0.145213,0.036544
266252,0.323671,0,0.376008,0.661184,0.71902,0.058881
266276,0.253684,0,0.270288,0.819118,0.543513,0.083134
266283,0.051627,0,0.038248,0.356623,0.101383,0.045139
266285,0.046815,0,0.033758,0.372515,0.057418,0.036544
266294,0.214952,1,0.232793,0.710952,0.590901,0.049801
266318,0.248349,0,0.278257,0.6558,0.43953,0.059678
266341,0.05102,0,0.038941,0.290987,0.16793,0.049451
266361,0.027976,0,0.023598,0.079873,0.078816,0.033434
266375,0.030287,0,0.024336,0.056076,0.119434,0.045139
266384,0.372133,0,0.435373,0.822237,0.666927,0.049801
266396,0.057456,0,0.04537,0.375046,0.131972,0.04324
266404,0.088312,0,0.086488,0.298788,0.229399,0.053452
266431,0.105297,0,0.113266,0.092572,0.149962,0.076874
266438,0.025314,0,0.016163,0.110822,0.086208,0.042112
266472,0.033751,0,0.028506,0.12447,0.046912,0.036544
266486,0.343369,0,0.371109,0.807552,0.730043,0.147037
266488,0.308196,0,0.354377,0.624691,0.533089,0.074721
266493,0.033015,0,0.025433,0.127067,0.129369,0.04149
266499,0.17768,0,0.210622,0.226974,0.301458,0.043701
266509,0.055231,0,0.05386,0.144082,0.158834,0.04149
266510,0.262254,0,0.289833,0.678426,0.509405,0.079044
266544,0.037826,0,0.030439,0.152275,0.068935,0.043781
266556,0.038467,0,0.032389,0.150183,0.145275,0.037934
266563,0.428583,0,0.504895,0.772442,0.649466,0.079044
266565,0.089045,0,0.092848,0.239562,0.171287,0.04578
266567,0.159757,0,0.181778,0.328123,0.18555,0.047612
266590,0.052914,0,0.052306,0.114928,0.098514,0.042787
266600,0.029542,0,0.027071,0.035873,0.058325,0.036721
266602,0.086184,0,0.075807,0.468943,0.150431,0.054304
266634,0.125796,0,0.139922,0.262566,0.181393,0.047612
266641,0.043379,0,0.045151,0.023608,0.093234,0.038957
266648,0.046592,0,0.044375,0.09336,0.087503,0.045267
266670,0.039584,0,0.038018,0.019454,0.112066,0.046916
266679,0.032943,0,0.028013,0.051076,0.131078,0.045139
266689,0.018809,0,0.007783,0.115549,0.122779,0.039307
266691,0.246499,1,0.261995,0.499758,0.600137,0.134011
266695,0.102345,0,0.081685,0.717563,0.249165,0.064576
266731,0.046607,0,0.04656,0.068424,0.095905,0.04149
266755,0.141145,0,0.151819,0.437462,0.182299,0.047612
266756,0.081365,0,0.08061,0.29203,0.236907,0.042112
266764,0.044524,0,0.035765,0.265212,0.076363,0.036544
266797,0.118261,0,0.12464,0.286441,0.250857,0.0609
266811,0.295214,0,0.337044,0.673086,0.801529,0.058881
266813,0.044583,0,0.041794,0.120355,0.074121,0.04051
266833,0.25618,0,0.288225,0.560289,0.413355,0.079044
266839,0.380372,0,0.436437,0.859049,0.688913,0.079044
266843,0.073856,0,0.07317,0.27434,0.216223,0.036544
266861,0.060408,0,0.055131,0.245069,0.1886,0.043278
266867,0.029379,0,0.021032,0.124569,0.124561,0.040508
266874,0.051497,0,0.050227,0.14884,0.121876,0.036807
266896,0.037224,0,0.024599,0.297661,0.064648,0.036544
266919,0.05369,0,0.042641,0.322077,0.103483,0.045139
266933,0.035613,0,0.033302,0.110928,0.088861,0.029187
266943,0.07943,0,0.081877,0.190478,0.184047,0.047592
266966,0.06929,0,0.061583,0.361348,0.175059,0.042579
266976,0.20104,0,0.196192,0.803033,0.310693,0.108285
267004,0.049479,0,0.047701,0.059563,0.077502,0.053452
267035,0.400955,0,0.46397,0.852476,0.701303,0.079044
267087,0.038605,0,0.022238,0.335672,0.068228,0.045139
267088,0.054114,0,0.052345,0.036717,0.166883,0.060569
267135,0.046842,0,0.040357,0.08916,0.129388,0.0609
267143,0.029264,0,0.022099,0.09992,0.16343,0.039307
267161,0.041414,0,0.039022,0.054712,0.138111,0.045139
267188,0.028849,0,0.021423,0.129574,0.090305,0.036544
267206,0.04813,0,0.034263,0.327673,0.198811,0.045139
267238,0.045908,0,0.033161,0.242952,0.177353,0.054066
267277,0.038204,0,0.038717,0.026584,0.103254,0.036544
267292,0.059997,0,0.057166,0.120621,0.093006,0.058689
267336,0.039939,0,0.031956,0.175931,0.193335,0.040788
267339,0.030277,0,0.023122,0.134816,0.082716,0.036544
267343,0.05454,0,0.045376,0.326969,0.164247,0.036608
267345,0.039349,0,0.039947,0.031488,0.110092,0.036544
267381,0.054024,0,0.048487,0.240556,0.126065,0.039108
267415,0.0651,0,0.046544,0.54402,0.170716,0.045076
267422,0.050646,0,0.046067,0.230705,0.092084,0.034214
267435,0.034473,0,0.02509,0.114587,0.145784,0.051666
267441,0.033172,0,0.029295,0.079629,0.120412,0.036721
267442,0.069282,0,0.071522,0.164653,0.241073,0.039108
267450,0.052117,0,0.044064,0.26382,0.084096,0.043131
267462,0.04619,0,0.04042,0.215334,0.072197,0.036544
267472,0.092973,0,0.096508,0.296412,0.17583,0.041224
267482,0.075822,0,0.078875,0.124316,0.161683,0.053452
267512,0.045848,0,0.046982,0.060438,0.1346,0.036544
267540,0.048674,0,0.046045,0.083155,0.074322,0.051496
267549,0.046086,0,0.045063,0.112528,0.060748,0.03758
267562,0.038767,0,0.035575,0.069916,0.187773,0.040776
267569,0.023564,0,0.018399,0.046312,0.095378,0.036544
267577,0.035712,0,0.030159,0.088678,0.092903,0.045139
267579,0.040084,0,0.023767,0.37127,0.194494,0.036807
267582,0.107291,0,0.11931,0.241864,0.179745,0.036807
267593,0.044767,0,0.02373,0.426153,0.2027,0.049853
267608,0.06791,0,0.071689,0.116095,0.127044,0.043668
267631,0.037337,0,0.034373,0.100038,0.050071,0.036721
267638,0.023651,0,0.018177,0.057658,0.067749,0.036544
267639,0.083056,0,0.093053,0.046909,0.062951,0.053159
267642,0.039509,0,0.037024,0.047178,0.116455,0.045139
267651,0.075724,0,0.077185,0.219137,0.127458,0.04324
267654,0.044662,0,0.037197,0.230331,0.133597,0.036544
267657,0.095037,0,0.097083,0.281082,0.103296,0.054007
267661,0.043444,0,0.036116,0.232691,0.048808,0.036544
267663,0.123127,0,0.14036,0.155873,0.267142,0.049552
267679,0.160541,0,0.191502,0.083065,0.321129,0.05549
267690,0.300757,0,0.314729,0.772471,0.733019,0.152642
267706,0.026519,0,0.010296,0.285541,0.144951,0.036807
267726,0.037585,0,0.032806,0.082869,0.0703,0.046219
267730,0.068764,0,0.058233,0.392251,0.235803,0.045139
267750,0.298106,0,0.335135,0.713981,0.580633,0.079044
267752,0.03456,0,0.023776,0.218199,0.0976,0.039796
267760,0.050789,0,0.042746,0.285882,0.119568,0.036544
267789,0.031533,0,0.019059,0.255032,0.065073,0.036721
267794,0.126561,0,0.107333,0.647151,0.323864,0.098984
267816,0.068128,0,0.064655,0.321186,0.039783,0.036544
267841,0.033288,0,0.028115,0.116242,0.069606,0.036544
267864,0.066515,0,0.067669,0.13345,0.146512,0.048029
267865,0.067877,0,0.058987,0.332176,0.130374,0.05172
267891,0.057703,0,0.037777,0.498723,0.110089,0.051017
267920,0.083183,0,0.059168,0.739767,0.222595,0.050623
267927,0.089062,1,0.091779,0.092734,0.183939,0.075686
267953,0.079045,0,0.061986,0.622194,0.241622,0.040408
267960,0.061975,0,0.060721,0.124518,0.123758,0.053685
268014,0.409155,0,0.456292,0.825522,0.749051,0.151048
268020,0.449522,0,0.534949,0.7381,0.699959,0.075359
268024,0.074293,0,0.074909,0.194703,0.176588,0.047612
268026,0.308652,0,0.342862,0.8459,0.565444,0.079044
268029,0.030224,0,0.02401,0.090771,0.095481,0.04051
268043,0.035482,0,0.025616,0.213323,0.079576,0.038901
268047,0.065396,0,0.059575,0.268536,0.170933,0.047612
268057,0.30403,0,0.315106,0.909094,0.620576,0.146061
268061,0.046643,0,0.030939,0.427502,0.048515,0.036544
268062,0.046967,0,0.039831,0.216679,0.054562,0.042787
268064,0.032872,0,0.029737,0.075901,0.040699,0.036544
268078,0.030395,0,0.019658,0.192604,0.099707,0.039108
268096,0.056991,0,0.051423,0.229424,0.11378,0.045139
268116,0.031671,0,0.023734,0.104009,0.134959,0.045139
268127,0.027889,0,0.019022,0.119785,0.133715,0.041224
268128,0.406034,0,0.483694,0.685844,0.771187,0.058881
268134,0.043598,0,0.030917,0.284118,0.125694,0.045139
268145,0.067421,0,0.05932,0.360894,0.311146,0.03801
268164,0.03646,0,0.022789,0.259076,0.108611,0.045139
268166,0.585033,0,0.713183,0.758233,0.671555,0.078323
268167,0.039099,0,0.037535,0.08091,0.069527,0.036544
268184,0.037901,0,0.026896,0.207327,0.148807,0.045139
268190,0.187897,0,0.224559,0.19258,0.124203,0.053452
268193,0.050945,0,0.046135,0.170636,0.128157,0.045139
268204,0.335452,0,0.389649,0.714579,0.641506,0.058881
268207,0.030664,0,0.020105,0.129849,0.063442,0.051017
268219,0.062107,0,0.060666,0.184881,0.140463,0.043278
268236,0.06246,0,0.057173,0.28348,0.09813,0.04149
268241,0.048762,0,0.042162,0.249327,0.075583,0.036544
268242,0.057676,0,0.053414,0.262638,0.066674,0.036544
268250,0.097529,0,0.097268,0.144748,0.204684,0.087025
268275,0.052193,0,0.034527,0.451589,0.085452,0.045139
268291,0.073516,0,0.061564,0.520849,0.115591,0.036544
268303,0.067389,0,0.070028,0.112916,0.143409,0.047359
268304,0.43048,0,0.526364,0.490507,0.668435,0.058881
268316,0.035653,0,0.028887,0.108197,0.125511,0.045139
268340,0.046989,0,0.046104,0.091859,0.133463,0.039796
268351,0.05155,0,0.04017,0.301148,0.187587,0.045139
268399,0.055765,0,0.04525,0.312168,0.097435,0.047612
268400,0.100167,0,0.08572,0.445948,0.293036,0.086288
268409,0.026299,0,0.016997,0.129789,0.109984,0.039796
268410,0.032004,0,0.025384,0.140311,0.051775,0.036544
268413,0.092399,0,0.097409,0.154668,0.158478,0.0609
268420,0.108365,0,0.097172,0.626414,0.215858,0.054101
268467,0.105237,0,0.079217,0.79529,0.275215,0.073236
268506,0.032529,0,0.02397,0.157533,0.103544,0.039796
268532,0.052755,0,0.048101,0.169966,0.189432,0.045139
268538,0.087538,0,0.090342,0.161631,0.195064,0.0609
268547,0.054376,0,0.046714,0.281888,0.136516,0.0397
268551,0.056802,0,0.048682,0.220251,0.172905,0.054304
268563,0.394472,0,0.470535,0.637952,0.788811,0.058881
268570,0.069802,0,0.068878,0.255285,0.185342,0.036807
268571,0.381785,0,0.427544,0.705893,0.704588,0.145739
268573,0.050346,0,0.038052,0.319608,0.13897,0.045139
268583,0.05292,0,0.03963,0.361469,0.181533,0.04324
268586,0.126022,0,0.14237,0.237023,0.215553,0.043278
268587,0.094206,0,0.100369,0.148174,0.204274,0.058689
268589,0.054444,0,0.035895,0.413135,0.156217,0.055988
268591,0.433249,1,0.479896,0.981725,0.798854,0.15262
268592,0.086372,0,0.08534,0.245815,0.245101,0.057204
268603,0.061362,0,0.058578,0.253245,0.090173,0.036544
268621,0.060519,0,0.042068,0.382865,0.2625,0.065359
268622,0.041649,0,0.032298,0.23905,0.105607,0.039108
268642,0.060649,0,0.039468,0.580287,0.092367,0.045139
268643,0.042514,0,0.035123,0.173919,0.151941,0.04324
268646,0.067832,0,0.067817,0.120398,0.154235,0.056052
268652,0.032926,0,0.030031,0.069208,0.053794,0.036544
268664,0.330377,1,0.378655,0.71178,0.682179,0.073966
268674,0.257713,0,0.279217,0.773118,0.384984,0.082599
268676,0.040861,0,0.034781,0.136121,0.148941,0.04324
268697,0.329689,0,0.361558,0.798779,0.553734,0.12183
268711,0.032088,0,0.023157,0.181842,0.094851,0.036544
268731,0.029774,0,0.018539,0.191059,0.189541,0.037934
268734,0.307086,0,0.356512,0.664687,0.622593,0.051714
268764,0.335538,0,0.375617,0.888634,0.67632,0.079044
268765,0.062106,0,0.053806,0.27143,0.12956,0.053452
268771,0.042548,0,0.040761,0.106185,0.08623,0.036544
268784,0.049425,0,0.050492,0.096053,0.070942,0.036544
268795,0.038673,0,0.027722,0.241556,0.147392,0.039796
268796,0.09515,0,0.09368,0.315955,0.181421,0.058689
268798,0.035548,0,0.03342,0.070501,0.057378,0.036544
268800,0.063413,0,0.046321,0.512266,0.106056,0.045139
268805,0.099901,0,0.108185,0.17614,0.247841,0.051496
268813,0.075846,0,0.072221,0.326415,0.195512,0.041078
268828,0.267163,0,0.292566,0.758643,0.532878,0.078008
268847,0.025964,0,0.016312,0.165703,0.029532,0.036544
268852,0.134847,0,0.145536,0.397502,0.163957,0.047612
268862,0.079629,0,0.080535,0.238536,0.22732,0.043711
268864,0.065699,0,0.066397,0.093404,0.062345,0.058266
268869,0.05134,0,0.03971,0.279973,0.231303,0.048353
268882,0.039769,0,0.039213,0.064521,0.067716,0.036608
268888,0.040696,0,0.038252,0.071675,0.17065,0.04051
268897,0.372709,0,0.425326,0.868757,0.750794,0.079044
268905,0.057465,0,0.058295,0.07758,0.087574,0.049953
268926,0.04018,0,0.030467,0.18728,0.20391,0.045139
268928,0.057826,0,0.055022,0.233068,0.069339,0.036544
268943,0.056964,0,0.059309,0.084812,0.121975,0.04149
268961,0.051222,0,0.039741,0.291162,0.149213,0.047983
268966,0.03217,0,0.022879,0.202039,0.017742,0.036544
268977,0.047725,0,0.026759,0.477987,0.158985,0.045139
268987,0.054263,0,0.047226,0.090545,0.156359,0.070882
268993,0.050957,0,0.037586,0.160093,0.121188,0.078858
269003,0.362347,0,0.42572,0.778701,0.506865,0.049801
269019,0.036372,0,0.031081,0.114495,0.087514,0.04051
269048,0.07842,0,0.060757,0.585029,0.270486,0.047707
269075,0.054702,0,0.048944,0.261262,0.13442,0.036807
269107,0.097064,0,0.095755,0.356867,0.138534,0.054304
269120,0.041136,0,0.033409,0.20139,0.059874,0.04051
269130,0.048001,0,0.044336,0.164303,0.10633,0.039108
269140,0.06936,0,0.056313,0.23609,0.36619,0.079362
269195,0.039821,0,0.0403,0.047254,0.046228,0.036544
269204,0.074341,0,0.054643,0.402619,0.163483,0.08592
269221,0.063295,0,0.05693,0.255515,0.128119,0.050623
269223,0.439962,0,0.500437,0.723298,0.79767,0.15586
269224,0.278533,0,0.314516,0.701325,0.674899,0.058881
269246,0.104028,0,0.10919,0.304872,0.245383,0.04508
269259,0.044888,0,0.035946,0.221658,0.087063,0.045139
269270,0.023593,0,0.019343,0.072624,0.068451,0.029258
269297,0.034424,0,0.028031,0.151749,0.046882,0.036721
269300,0.266525,0,0.285089,0.891196,0.546292,0.078436
269309,0.047909,0,0.038039,0.278222,0.108728,0.04149
269321,0.073549,0,0.069032,0.221427,0.176453,0.0609
269323,0.071396,0,0.077298,0.126189,0.186851,0.036544
269376,0.309884,0,0.350959,0.79489,0.756694,0.058881
269398,0.075196,0,0.08141,0.072724,0.216577,0.04869
269403,0.064812,0,0.047445,0.578341,0.12809,0.035411
269406,0.08238,0,0.069935,0.310953,0.287729,0.081696
269415,0.037997,0,0.035685,0.064363,0.08442,0.04051
269431,0.023377,0,0.018575,0.082344,0.069919,0.029259
269465,0.119771,0,0.111059,0.594863,0.290093,0.062245
269471,0.196566,0,0.207614,0.441641,0.387019,0.106586
269482,0.056657,0,0.038175,0.494781,0.109583,0.045139
269484,0.043039,0,0.042108,0.061066,0.136808,0.040606
269489,0.036367,0,0.024018,0.244606,0.166975,0.041078
269491,0.050924,0,0.045782,0.163764,0.129987,0.047515
269510,0.032583,0,0.014419,0.350833,0.139058,0.039796
269525,0.029846,0,0.026144,0.042152,0.108053,0.039108
269547,0.072529,0,0.05373,0.613963,0.254586,0.040072
269563,0.158354,0,0.160581,0.383037,0.395911,0.103263
269570,0.05493,0,0.046359,0.308014,0.110479,0.039796
269610,0.034131,0,0.026066,0.13182,0.080953,0.045139
269618,0.057737,0,0.041342,0.45736,0.119532,0.045139
269625,0.01997,0,0.008078,0.15779,0.106951,0.036807
269627,0.108989,0,0.125325,0.161642,0.109658,0.039226
269651,0.233007,0,0.237964,0.930628,0.503877,0.082392
269654,0.174192,0,0.160124,0.858302,0.365021,0.098523
269659,0.059722,0,0.035639,0.624209,0.121065,0.046076
269671,0.045087,0,0.035962,0.253639,0.137833,0.038901
269702,0.492989,0,0.601211,0.639721,0.782149,0.058881
269706,0.06101,0,0.059525,0.210576,0.172902,0.036608
269731,0.035548,0,0.029989,0.113397,0.059685,0.04149
269733,0.041834,0,0.03396,0.233074,0.048937,0.036544
269750,0.417074,0,0.476667,0.633151,0.750557,0.148933
269757,0.376633,0,0.444501,0.690684,0.764539,0.058881
269764,0.045826,0,0.033765,0.322323,0.153156,0.037934
269795,0.030722,0,0.026564,0.082953,0.037926,0.036544
269802,0.072955,0,0.074545,0.125173,0.194877,0.054304
269819,0.055679,0,0.0542,0.186736,0.097419,0.036544
269827,0.032776,0,0.021967,0.169832,0.10311,0.046219
269834,0.047158,0,0.031093,0.378394,0.123902,0.045139
269838,0.039353,0,0.015147,0.517258,0.059864,0.042787
269848,0.048712,0,0.037871,0.300211,0.064613,0.043365
269877,0.02863,0,0.023822,0.037925,0.14316,0.04149
269896,0.049223,0,0.033286,0.412048,0.111687,0.04149
269899,0.055548,0,0.05407,0.128177,0.157862,0.045139
269909,0.373306,0,0.404347,0.904124,0.769062,0.15262
269917,0.040952,0,0.039136,0.064595,0.109652,0.04149
269919,0.062801,0,0.055572,0.299557,0.124265,0.045458
269934,0.030554,0,0.013765,0.317322,0.08459,0.039796
269938,0.022334,0,0.016643,0.059379,0.029131,0.036544
269939,0.089666,0,0.063759,0.756037,0.220139,0.062597
269945,0.051327,0,0.048075,0.130758,0.193031,0.045139
269947,0.28326,0,0.337185,0.357522,0.70551,0.058881
269950,0.028213,0,0.022789,0.07058,0.083732,0.039108
269951,0.035844,0,0.027148,0.185178,0.194061,0.036807
269957,0.033768,0,0.024143,0.214834,0.048751,0.036544
269959,0.050074,0,0.026739,0.547903,0.12681,0.045139
269966,0.055368,0,0.051726,0.207333,0.121572,0.039796
269971,0.038401,0,0.033125,0.100376,0.097696,0.045139
269978,0.025055,0,0.013917,0.176861,0.105009,0.036807
269979,0.094001,0,0.104079,0.133512,0.171703,0.047524
269986,0.110112,0,0.129356,0.070559,0.195038,0.043701
269988,0.042541,0,0.041103,0.04991,0.091909,0.045139
269991,0.027875,0,0.022062,0.070527,0.096072,0.039796
269994,0.068061,0,0.068145,0.170097,0.135481,0.047612
269995,0.023713,0,0.014197,0.122153,0.075937,0.039796
270013,0.524862,0,0.644892,0.614442,0.759984,0.058881
270027,0.036426,0,0.031412,0.082958,0.089234,0.045139
270044,0.207367,0,0.238372,0.412886,0.439951,0.049552
270047,0.077897,0,0.056592,0.679777,0.128283,0.047622
270053,0.093589,0,0.081973,0.557247,0.218541,0.050111
270054,0.064219,0,0.06237,0.135559,0.082993,0.057772
270058,0.361462,0,0.412321,0.815002,0.768941,0.081058
270059,0.041588,0,0.026194,0.336572,0.062774,0.045139
270067,0.110492,0,0.120177,0.2404,0.257214,0.047359
270079,0.037117,0,0.021253,0.400918,0.076486,0.029593
270080,0.034558,0,0.030064,0.104533,0.109194,0.036544
270096,0.277406,1,0.279751,0.920618,0.670727,0.142694
270112,0.061766,0,0.062739,0.090183,0.08164,0.052533
270127,0.048946,0,0.048932,0.09028,0.113102,0.039796
270131,0.034232,0,0.032294,0.055956,0.068325,0.036544
270151,0.041486,0,0.024141,0.438657,0.066035,0.033889
270172,0.061641,0,0.057337,0.209845,0.270951,0.045139
270189,0.052352,0,0.050198,0.130824,0.092925,0.045139
270203,0.358714,1,0.412535,0.521112,0.703372,0.121164
270205,0.097398,0,0.090266,0.41706,0.195739,0.063843
270219,0.203756,0,0.220669,0.676811,0.449999,0.049801
270235,0.125545,0,0.130659,0.493811,0.176657,0.039409
270237,0.097172,0,0.084807,0.562425,0.198461,0.056845
270238,0.052022,0,0.040378,0.313195,0.127879,0.046219
270255,0.083105,0,0.094503,0.09814,0.145906,0.036544
270260,0.070923,0,0.062029,0.35592,0.149587,0.050623
270265,0.338204,0,0.359985,0.907808,0.583007,0.14906
270271,0.076678,0,0.055059,0.650242,0.197688,0.050623
270290,0.04849,0,0.049611,0.065384,0.132413,0.038957
270301,0.037384,0,0.027266,0.194349,0.092885,0.045139
270303,0.016951,0,0.005579,0.122226,0.134944,0.036807
270304,0.040688,0,0.038774,0.097787,0.076502,0.036544
270311,0.040029,0,0.031358,0.120232,0.123185,0.055372
270321,0.034956,0,0.012836,0.463614,0.150139,0.036807
270330,0.026586,0,0.022243,0.039302,0.152113,0.036807
270332,0.037523,0,0.032597,0.148673,0.013183,0.036544
270341,0.052501,0,0.04506,0.293854,0.06373,0.036544
270346,0.068621,0,0.069284,0.193401,0.153067,0.04149
270347,0.039893,0,0.025475,0.304943,0.177856,0.041883
270356,0.049486,0,0.037244,0.321205,0.168492,0.042787
270381,0.036469,0,0.03061,0.140065,0.144556,0.036544
270390,0.030107,0,0.02452,0.087834,0.158198,0.036807
270395,0.408245,0,0.453994,0.871005,0.791872,0.145739
270402,0.05755,1,0.056328,0.087544,0.152999,0.054007
270406,0.112365,0,0.112069,0.392489,0.200968,0.0609
270416,0.052868,0,0.049592,0.213253,0.044719,0.036544
270449,0.180817,0,0.206123,0.39684,0.221053,0.047612
270464,0.128641,0,0.14133,0.253941,0.153253,0.058689
270465,0.11297,0,0.093696,0.558306,0.317144,0.098813
270495,0.034472,0,0.015008,0.410275,0.11967,0.036807
270551,0.055339,0,0.054359,0.084227,0.136765,0.051496
270571,0.051815,0,0.048348,0.206231,0.068962,0.036544
270582,0.063552,0,0.060789,0.242914,0.094843,0.040822
270596,0.051675,0,0.054706,0.065233,0.144385,0.035434
270601,0.060138,0,0.04307,0.478174,0.17845,0.045139
270606,0.047102,0,0.042152,0.210088,0.037116,0.036544
270607,0.026419,0,0.020723,0.081891,0.06176,0.036544
270614,0.063597,0,0.036552,0.657254,0.15482,0.054834
270617,0.045086,0,0.029032,0.416136,0.092544,0.03674
270624,0.35869,0,0.424217,0.620947,0.745202,0.058881
270626,0.053847,0,0.054569,0.111862,0.240835,0.035527
270639,0.069248,0,0.061366,0.355606,0.119337,0.04578
270646,0.027325,0,0.018073,0.164903,0.066992,0.035791
270649,0.021552,0,0.013801,0.076299,0.148556,0.036807
270656,0.029998,0,0.019103,0.212971,0.065494,0.036544
270661,0.041684,0,0.033591,0.178869,0.095697,0.045533
270689,0.030493,0,0.026435,0.048236,0.059445,0.04149
270704,0.02288,0,0.011056,0.171265,0.137077,0.036807
270708,0.050238,0,0.035729,0.403192,0.115957,0.038901
270712,0.034369,0,0.026644,0.179526,0.049323,0.036544
270732,0.110321,0,0.116531,0.327986,0.141054,0.047622
270735,0.242728,0,0.252908,0.884206,0.648234,0.079044
270743,0.058643,0,0.058125,0.130915,0.165946,0.044608
270745,0.326765,0,0.380841,0.567999,0.499727,0.079044
270746,0.049158,0,0.037067,0.308525,0.093497,0.046219
270753,0.200137,0,0.208743,0.764532,0.608054,0.055969
270759,0.059041,0,0.059179,0.116375,0.132158,0.046219
270775,0.428637,0,0.47932,0.852586,0.801494,0.155149
270781,0.087485,0,0.091431,0.19815,0.136574,0.051751
270795,0.027512,0,0.019837,0.133226,0.042658,0.036544
270812,0.037377,0,0.0257,0.213966,0.174339,0.04508
270814,0.089353,0,0.085802,0.278006,0.317929,0.062294
270820,0.023771,0,0.018434,0.060642,0.036176,0.036544
270823,0.040357,0,0.035768,0.154852,0.051066,0.036544
270829,0.223472,1,0.252089,0.532401,0.410721,0.057283
270859,0.029235,0,0.023078,0.085094,0.106937,0.039796
270899,0.0328,0,0.024825,0.099136,0.06825,0.0494
270902,0.041832,0,0.031722,0.20984,0.149472,0.046112
270911,0.09621,0,0.081333,0.530551,0.233591,0.069667
270916,0.078434,0,0.073312,0.247351,0.127578,0.065781
270926,0.047389,0,0.039736,0.217702,0.090972,0.04399
270931,0.02146,0,0.013724,0.076972,0.138464,0.036807
270932,0.038543,0,0.033597,0.126583,0.189719,0.036807
270937,0.029028,0,0.018777,0.180922,0.093187,0.037934
270947,0.047584,0,0.04475,0.098515,0.11961,0.046916
270960,0.059647,0,0.054759,0.139547,0.148801,0.0609
270981,0.038371,0,0.038334,0.034034,0.135231,0.036544
270986,0.047501,0,0.040116,0.241163,0.12678,0.037934
271000,0.0501,0,0.05048,0.080482,0.113054,0.04149
271010,0.085618,0,0.081001,0.405111,0.16409,0.043365
271024,0.05351,0,0.040257,0.375889,0.172557,0.04149
271040,0.07776,0,0.082068,0.119438,0.09181,0.054007
271060,0.072119,0,0.067888,0.286409,0.137364,0.047612
271091,0.045972,0,0.040429,0.160083,0.078373,0.045139
271095,0.111315,0,0.101296,0.617482,0.236614,0.054338
271099,0.056572,0,0.048407,0.093883,0.157194,0.077217
271102,0.045866,0,0.03309,0.283481,0.154822,0.047515
271108,0.41752,0,0.48693,0.955789,0.736192,0.055969
271143,0.151989,0,0.150074,0.708434,0.576476,0.047634
271153,0.053767,0,0.042586,0.381488,0.052518,0.036544
271162,0.053024,0,0.035225,0.503137,0.114188,0.036608
271171,0.055091,0,0.035941,0.507551,0.22389,0.040203
271173,0.058758,0,0.05409,0.24813,0.036714,0.042787
271190,0.043752,0,0.037503,0.169005,0.067484,0.043781
271191,0.036894,0,0.0354,0.063856,0.073982,0.036544
271197,0.038306,0,0.033557,0.147125,0.033399,0.036544
271228,0.036744,0,0.030126,0.155006,0.09649,0.038367
271234,0.306237,0,0.320744,0.827337,0.703596,0.148311
271256,0.040262,0,0.026161,0.3137,0.110884,0.04149
271266,0.351241,1,0.401259,0.786116,0.696158,0.079044
271267,0.037316,0,0.027702,0.204685,0.172147,0.039108
271274,0.035663,0,0.021403,0.327231,0.024788,0.036544
271282,0.041811,0,0.026413,0.363686,0.090485,0.039796
271322,0.025258,0,0.021814,0.032203,0.032054,0.036544
271341,0.31532,1,0.356254,0.744174,0.614625,0.079044
271347,0.10804,0,0.109651,0.428053,0.204389,0.042185
271348,0.33264,0,0.375336,0.822964,0.625762,0.079044
271362,0.046361,0,0.040715,0.13628,0.17136,0.047612
271375,0.035511,0,0.030464,0.068016,0.148877,0.045139
271390,0.073665,0,0.070322,0.345312,0.106683,0.036544
271400,0.077282,0,0.07418,0.308652,0.197825,0.04399
271405,0.099813,0,0.077384,0.808289,0.249603,0.051828
271406,0.439949,0,0.531021,0.64146,0.747432,0.058881
271443,0.144982,0,0.163162,0.311568,0.161255,0.047612
271453,0.154132,0,0.175725,0.324192,0.267914,0.040776
271463,0.078893,0,0.077083,0.338628,0.171704,0.036544
271470,0.027378,0,0.019772,0.106214,0.067092,0.040263
271487,0.042337,0,0.032628,0.249565,0.156792,0.037934
271488,0.035557,0,0.032105,0.096414,0.06708,0.036544
271500,0.059357,0,0.05466,0.242889,0.169776,0.040788
271503,0.093464,0,0.102286,0.105436,0.191504,0.055971
271517,0.276935,0,0.303369,0.787906,0.59384,0.079044
271547,0.081516,0,0.06613,0.506792,0.222617,0.058366
271557,0.043702,0,0.040378,0.150186,0.058201,0.036544
271582,0.061926,0,0.040441,0.548862,0.230617,0.049507
271589,0.072993,0,0.065276,0.363902,0.227772,0.045139
271592,0.045317,0,0.045174,0.097048,0.047333,0.036544
271598,0.043394,0,0.031062,0.300569,0.176601,0.039226
271614,0.086491,0,0.081518,0.360089,0.167209,0.053689
271616,0.249523,0,0.292799,0.490458,0.239308,0.046927
271621,0.045401,0,0.024434,0.502093,0.069028,0.040575
271628,0.112039,0,0.10274,0.418199,0.220873,0.088605
271630,0.028132,0,0.022969,0.083087,0.055501,0.036608
271636,0.050555,0,0.044851,0.194498,0.077543,0.045139
271651,0.09687,0,0.096111,0.41122,0.203556,0.040489
271660,0.060981,0,0.048825,0.395334,0.096264,0.045139
271661,0.114763,0,0.102418,0.496546,0.195553,0.089859
271670,0.045191,0,0.034181,0.3199,0.053351,0.036544
271687,0.051479,0,0.047993,0.076123,0.096195,0.058689
271689,0.067965,0,0.047832,0.500111,0.200727,0.061358
271692,0.047677,0,0.038635,0.242979,0.159581,0.043013
271697,0.094835,0,0.079536,0.492784,0.268095,0.075338
271716,0.401682,1,0.484231,0.556392,0.764738,0.058881
271730,0.071628,0,0.067252,0.284515,0.142918,0.047737
271732,0.07132,0,0.053085,0.582472,0.247426,0.04236
271735,0.479237,0,0.576672,0.734462,0.6747,0.068235
271746,0.031146,0,0.026167,0.104868,0.018492,0.036721
271788,0.040107,0,0.017992,0.485823,0.091524,0.040696
271801,0.374952,0,0.409091,0.863237,0.720308,0.151847
271804,0.047987,0,0.030684,0.426878,0.158188,0.041078
271809,0.441237,0,0.49533,0.923788,0.8001,0.145079
271812,0.067316,0,0.067814,0.156408,0.136037,0.047612
271815,0.053909,0,0.034253,0.554329,0.073353,0.036544
271825,0.036086,0,0.022524,0.257672,0.211554,0.041624
271846,0.336703,1,0.382651,0.944823,0.715185,0.047634
271852,0.036839,0,0.032212,0.06863,0.10855,0.046219
271862,0.200802,0,0.217917,0.520462,0.493213,0.072203
271867,0.117161,0,0.103942,0.679936,0.235166,0.062093
271887,0.029878,0,0.020803,0.136837,0.090461,0.042571
271893,0.364673,1,0.421943,0.874803,0.66867,0.053404
271906,0.270989,0,0.321714,0.347367,0.663947,0.058881
271951,0.036468,0,0.024794,0.250511,0.071871,0.040341
271957,0.070121,0,0.073799,0.141275,0.138758,0.041883
271971,0.029241,0,0.01534,0.228262,0.092377,0.04324
271986,0.358219,0,0.409824,0.79917,0.704352,0.079044
271987,0.064955,0,0.068532,0.146438,0.087655,0.036544
271990,0.160541,0,0.151651,0.488918,0.413884,0.12754
272001,0.085317,0,0.079339,0.401083,0.204007,0.047622
272011,0.337839,0,0.399807,0.566218,0.665853,0.058881
272012,0.092769,0,0.083313,0.230287,0.280936,0.097804
272020,0.037581,0,0.023921,0.270887,0.118237,0.044064
272031,0.294904,1,0.326923,0.792413,0.602741,0.079044
272032,0.231184,0,0.277463,0.234827,0.321191,0.057061
272036,0.051616,0,0.049604,0.147976,0.098338,0.04051
272050,0.055236,0,0.03989,0.427767,0.130008,0.04324
272053,0.258163,0,0.281491,0.818319,0.719085,0.058881
272064,0.024234,0,0.00958,0.210064,0.090645,0.043278
272065,0.018054,0,0.009837,0.072016,0.047281,0.037934
272076,0.044008,0,0.030307,0.314131,0.086674,0.045139
272077,0.031849,0,0.02135,0.192349,0.082711,0.04051
272121,0.089565,0,0.091177,0.269814,0.117185,0.050623
272129,0.342543,0,0.385728,0.583598,0.761711,0.128114
272138,0.065109,0,0.067619,0.067076,0.162876,0.05272
272143,0.229633,0,0.265843,0.412012,0.489072,0.055969
272149,0.041214,0,0.019817,0.529303,0.088499,0.031695
272166,0.043415,0,0.035546,0.140057,0.097277,0.053685
272174,0.359644,0,0.427261,0.631094,0.682524,0.052272
272182,0.05302,0,0.051202,0.119139,0.15133,0.045139
272187,0.063144,0,0.042107,0.591969,0.106177,0.045139
272226,0.132703,0,0.146766,0.325804,0.239535,0.04324
272250,0.044595,0,0.034896,0.263293,0.119499,0.039226
272257,0.036149,0,0.03117,0.102011,0.116131,0.04051
272297,0.038615,0,0.035539,0.054942,0.10643,0.045139
272307,0.063723,0,0.064596,0.191967,0.100452,0.036544
272322,0.033563,0,0.025384,0.125352,0.112468,0.045139
272336,0.080323,0,0.082654,0.196966,0.18125,0.048016
272362,0.118667,0,0.127583,0.35377,0.120842,0.043668
272367,0.382102,1,0.421787,0.951483,0.691124,0.125055
272391,0.034888,0,0.02477,0.210215,0.099291,0.039108
272400,0.306467,1,0.350409,0.670788,0.484327,0.074043
272402,0.043536,0,0.039488,0.146578,0.159154,0.036807
272412,0.033669,0,0.023672,0.133145,0.097334,0.051017
272418,0.0533,0,0.033573,0.488308,0.169859,0.045139
272428,0.350016,0,0.415388,0.475904,0.598567,0.079044
272432,0.05667,0,0.046582,0.268005,0.122564,0.054304
272439,0.029601,0,0.016733,0.304038,0.051931,0.027464
272440,0.047033,0,0.037121,0.298482,0.12388,0.036544
272468,0.029811,0,0.018758,0.186677,0.061985,0.041697
272505,0.071926,0,0.075204,0.100628,0.141501,0.05272
272518,0.288412,0,0.314845,0.84621,0.715258,0.079044
272540,0.054485,0,0.050466,0.182096,0.230586,0.041546
272549,0.045193,0,0.036117,0.280725,0.048278,0.036544
272566,0.025846,0,0.016026,0.158488,0.082655,0.036807
272568,0.117107,0,0.102678,0.749519,0.318299,0.051714
272581,0.039686,0,0.038832,0.047119,0.124691,0.039108
272600,0.068892,0,0.063107,0.263637,0.095169,0.05472
272619,0.068121,0,0.070289,0.122991,0.150339,0.047983
272629,0.038998,0,0.038494,0.064061,0.033245,0.036544
272634,0.031091,0,0.021197,0.186976,0.13618,0.036807
272639,0.071587,0,0.067555,0.238995,0.181783,0.053452
272646,0.07778,0,0.052898,0.573311,0.247098,0.076354
272648,0.217582,0,0.239393,0.645076,0.363567,0.056515
272650,0.36726,0,0.423847,0.763636,0.664038,0.079044
272659,0.061823,0,0.051298,0.377863,0.196822,0.040408
272660,0.048585,0,0.043743,0.136691,0.118599,0.048745
272661,0.049307,0,0.038598,0.331102,0.118912,0.036544
272672,0.372549,1,0.415772,0.712455,0.721255,0.142313
272673,0.040541,0,0.037294,0.116683,0.124921,0.036544
272690,0.088427,0,0.069418,0.528478,0.214248,0.076452
272691,0.200896,0,0.228918,0.407576,0.524276,0.051323
272720,0.176444,0,0.208955,0.223821,0.236007,0.046218
272724,0.045406,0,0.037599,0.254149,0.05959,0.036544
272733,0.023363,0,0.009299,0.207699,0.13174,0.039307
272734,0.176834,0,0.18421,0.637539,0.576636,0.055969
272738,0.022108,0,0.013629,0.116371,0.02343,0.036544
272759,0.041808,0,0.041987,0.0588,0.097257,0.036544
272760,0.070178,0,0.07198,0.14893,0.138707,0.047515
272779,0.055006,0,0.056645,0.090581,0.094181,0.04149
272780,0.109913,0,0.114282,0.361126,0.155085,0.047612
272783,0.038281,0,0.019992,0.428155,0.018778,0.036721
272790,0.03289,0,0.023543,0.152897,0.100259,0.044064
272871,0.074831,0,0.050476,0.499002,0.348373,0.081262
272873,0.050078,0,0.045151,0.160869,0.168278,0.045139
272875,0.043682,0,0.044911,0.04774,0.110032,0.036544
272883,0.04113,0,0.027775,0.288286,0.082107,0.045139
272892,0.070226,0,0.058084,0.429455,0.18606,0.047612
272909,0.361628,1,0.396124,0.793716,0.653292,0.148768
272915,0.051915,0,0.038563,0.377078,0.119267,0.041224
272938,0.061373,0,0.056871,0.201758,0.159725,0.050138
272944,0.100252,0,0.083736,0.689151,0.306947,0.050183
272967,0.05161,0,0.044008,0.23832,0.200834,0.042106
272975,0.052845,0,0.05171,0.117719,0.101664,0.044064
272977,0.041674,0,0.041894,0.064416,0.050731,0.036544
272987,0.07256,0,0.059895,0.487733,0.188026,0.041888
273015,0.203769,0,0.188367,0.99066,0.428296,0.113709
273017,0.46829,0,0.562612,0.698362,0.724934,0.071549
273034,0.04164,0,0.030225,0.308057,0.029514,0.036544
273063,0.068001,0,0.066445,0.213252,0.161882,0.045139
273069,0.053855,0,0.042769,0.273754,0.126622,0.053452
273077,0.341295,0,0.388732,0.770125,0.709823,0.079044
273088,0.335859,0,0.40032,0.496568,0.695794,0.058881
273090,0.108552,0,0.086894,0.693783,0.16583,0.082357
273099,0.073946,0,0.066115,0.397024,0.319848,0.03819
273120,0.061758,0,0.052102,0.404893,0.046554,0.036544
273142,0.057346,0,0.044932,0.359318,0.106169,0.047859
273154,0.0739,0,0.073642,0.285235,0.093335,0.036544
273182,0.068001,0,0.056702,0.476128,0.077464,0.036544
273194,0.026314,0,0.019704,0.102626,0.04566,0.036544
273210,0.038629,0,0.035014,0.069983,0.150394,0.043215
273215,0.026837,0,0.018911,0.07901,0.085168,0.045139
273244,0.061281,0,0.043365,0.564652,0.184325,0.034031
273254,0.026804,0,0.011126,0.260306,0.159942,0.039226
273256,0.327701,0,0.37316,0.738648,0.58698,0.079044
273257,0.043313,0,0.032576,0.244297,0.111208,0.045139
273279,0.224997,0,0.251061,0.544328,0.785363,0.055829
273297,0.327314,0,0.366097,0.834365,0.766315,0.081058
273298,0.334746,0,0.386049,0.664352,0.593778,0.079044
273332,0.366278,1,0.400614,0.946006,0.429022,0.134102
273355,0.040215,0,0.031097,0.226134,0.098645,0.03902
273364,0.372511,0,0.43506,0.647946,0.769133,0.081058
273365,0.264065,0,0.278883,0.800816,0.515509,0.106318
273366,0.060685,0,0.044087,0.540081,0.053226,0.036544
273368,0.041346,0,0.028134,0.34301,0.030713,0.036544
273379,0.039794,0,0.031427,0.141231,0.077928,0.051496
273389,0.212098,0,0.229216,0.65626,0.588084,0.058881
273400,0.096469,0,0.0802,0.611634,0.142764,0.063202
273409,0.055733,0,0.052954,0.165046,0.126215,0.044472
273412,0.09249,0,0.0689,0.644469,0.205159,0.077808
273418,0.128185,0,0.112382,0.821011,0.36837,0.055969
273423,0.062163,0,0.045704,0.476777,0.178434,0.045585
273425,0.02811,0,0.022204,0.069084,0.151657,0.039108
273444,0.01965,0,0.013746,0.044557,0.035915,0.036544
273472,0.114097,0,0.12135,0.319418,0.390199,0.042816
273488,0.097754,0,0.073673,0.819702,0.178407,0.055418
273489,0.08895,1,0.078087,0.458378,0.137779,0.061682
273490,0.412736,0,0.462727,0.802547,0.751715,0.148859
273507,0.333173,0,0.380453,0.720345,0.698159,0.079044
273518,0.036597,0,0.029007,0.135834,0.094282,0.045267
273519,0.035825,0,0.024802,0.270151,0.091161,0.033106
273531,0.040223,0,0.034399,0.156504,0.112982,0.038901
273576,0.028184,0,0.018184,0.125611,0.11908,0.045139
273596,0.081371,0,0.070515,0.464313,0.167019,0.050623
273617,0.0314,0,0.021428,0.191872,0.128668,0.036807
273618,0.0474,0,0.046885,0.070038,0.180589,0.04149
273619,0.114977,0,0.13058,0.203713,0.175012,0.039796
273630,0.035871,0,0.018161,0.363269,0.161686,0.039226
273643,0.248937,0,0.263759,0.763854,0.595328,0.092395
273651,0.061587,0,0.050807,0.356429,0.188352,0.045139
273669,0.084985,0,0.076411,0.29783,0.129772,0.077355
273673,0.104775,0,0.119778,0.130502,0.157468,0.043278
273684,0.414928,1,0.461131,0.859473,0.784191,0.154407
273711,0.414526,0,0.508589,0.407892,0.747337,0.058881
273718,0.106522,0,0.098816,0.48687,0.227074,0.063617
273727,0.07454,0,0.074964,0.109883,0.105681,0.065781
273738,0.34509,0,0.397824,0.785537,0.795651,0.058881
273743,0.048375,0,0.046136,0.156097,0.078528,0.036544
273744,0.368847,0,0.407544,0.785208,0.575882,0.145672
273748,0.0342,0,0.022878,0.269245,0.116408,0.031695
273769,0.055912,0,0.032487,0.620502,0.190287,0.037752
273797,0.133599,0,0.135645,0.58562,0.271028,0.04139
273806,0.07339,0,0.053896,0.484085,0.212952,0.068063
273808,0.050586,0,0.049526,0.121298,0.06399,0.04149
273810,0.031844,0,0.021291,0.128061,0.173572,0.049623
273811,0.355876,0,0.423314,0.566846,0.717269,0.058881
273819,0.056359,0,0.03705,0.487681,0.162249,0.047612
273846,0.094224,0,0.095021,0.326256,0.18946,0.047131
273892,0.086067,0,0.087488,0.261317,0.153,0.047612
273931,0.028987,0,0.01687,0.205434,0.134704,0.039226
273951,0.056856,0,0.049991,0.256166,0.108492,0.045139
274037,0.030848,0,0.023619,0.089085,0.063469,0.046219
274044,0.037257,0,0.030483,0.14638,0.036958,0.042787
274051,0.098939,0,0.090422,0.566522,0.197385,0.044064
274090,0.057847,0,0.057952,0.090191,0.201726,0.047612
274093,0.13165,0,0.14376,0.332593,0.247664,0.047737
274094,0.076776,0,0.081215,0.114971,0.149602,0.051496
274110,0.025199,0,0.016426,0.13061,0.13051,0.035791
274169,0.028643,0,0.024207,0.074281,0.040232,0.036544
274187,0.070728,0,0.072683,0.175358,0.22282,0.04051
274233,0.055258,0,0.054539,0.15007,0.09244,0.039922
274243,0.040069,0,0.035814,0.111875,0.126617,0.040508
274266,0.02143,0,0.01252,0.100001,0.144924,0.036807
274267,0.081544,0,0.084929,0.23181,0.186542,0.039226
274279,0.030062,0,0.007089,0.437808,0.12738,0.039307
274289,0.08764,0,0.072364,0.620675,0.130087,0.047622
274295,0.038735,0,0.036114,0.106377,0.031197,0.036544
274301,0.037699,0,0.0285,0.228618,0.073802,0.036544
274350,0.043824,0,0.039292,0.137031,0.129441,0.04149
274359,0.165969,0,0.169163,0.654926,0.502737,0.057283
274397,0.042836,0,0.032446,0.238258,0.083762,0.045139
274425,0.042398,0,0.044289,0.030188,0.079644,0.036544
274444,0.275673,0,0.31076,0.728225,0.475882,0.059558
274462,0.274427,0,0.313351,0.612782,0.674981,0.058881
274487,0.091376,0,0.099593,0.176663,0.180145,0.043278
274492,0.030362,0,0.019923,0.138003,0.167801,0.045799
274496,0.041597,0,0.037055,0.163725,0.041818,0.036544
274513,0.053749,0,0.040699,0.369643,0.066655,0.045139
274527,0.03434,0,0.022517,0.238806,0.159481,0.037934
274528,0.044347,0,0.035231,0.246178,0.120679,0.039796
274535,0.042129,0,0.034472,0.227682,0.06732,0.036544
274543,0.390765,0,0.474229,0.477646,0.712693,0.057869
274548,0.036175,0,0.02331,0.299883,0.037295,0.036544
274551,0.026196,0,0.021912,0.055089,0.037202,0.036544
274564,0.042452,0,0.037175,0.131949,0.057221,0.045533
274595,0.041541,0,0.028098,0.315254,0.146913,0.039307
274614,0.075787,0,0.068635,0.382726,0.141326,0.045509
274634,0.038934,0,0.018939,0.480025,0.119501,0.031695
274643,0.226364,0,0.24688,0.729016,0.482934,0.053522
274644,0.083603,0,0.068048,0.434229,0.227042,0.074347
274658,0.092931,0,0.094927,0.228179,0.110387,0.0609
274660,0.062003,0,0.066077,0.078331,0.152097,0.04149
274661,0.276006,1,0.30843,0.741235,0.779724,0.058881
274666,0.308978,0,0.357529,0.538575,0.648007,0.079044
274667,0.470474,0,0.528941,0.96988,0.804083,0.15586
274672,0.053124,0,0.04656,0.256733,0.119616,0.039108
274679,0.055191,0,0.041107,0.446857,0.079421,0.036544
274683,0.035721,0,0.028871,0.167983,0.091906,0.035799
274685,0.049767,0,0.046014,0.165992,0.132947,0.04051
274689,0.037057,0,0.031621,0.060787,0.086546,0.051496
274705,0.054086,0,0.046329,0.28989,0.188398,0.036807
274708,0.03263,0,0.021719,0.170135,0.069723,0.047311
274715,0.040739,0,0.033941,0.201107,0.063701,0.036544
274722,0.032535,0,0.024655,0.135551,0.103608,0.041224
274740,0.053932,0,0.037789,0.327755,0.140116,0.062195
274787,0.022566,0,0.012299,0.122665,0.121696,0.039796
274794,0.036661,0,0.032725,0.11564,0.055948,0.036544
274803,0.030821,0,0.025441,0.078355,0.115832,0.039796
274807,0.05405,0,0.052037,0.024683,0.087745,0.065781
274812,0.031189,0,0.026705,0.036333,0.091079,0.045139
274817,0.065535,0,0.058565,0.305314,0.182184,0.045139
274826,0.034309,0,0.017054,0.381964,0.053332,0.035383
274833,0.080808,0,0.076584,0.26661,0.162425,0.0609
274848,0.105702,0,0.121662,0.135176,0.226027,0.038085
274849,0.090834,0,0.086227,0.433019,0.148677,0.045074
274852,0.090568,0,0.073506,0.55733,0.266185,0.065221
274861,0.069697,0,0.070235,0.198874,0.084644,0.044208
274886,0.058646,0,0.044897,0.432893,0.096479,0.04149
274904,0.039681,0,0.035598,0.049284,0.094467,0.051496
274916,0.04041,0,0.033811,0.220925,0.085759,0.031246
274924,0.042081,0,0.019276,0.543619,0.047593,0.036544
274941,0.09825,0,0.084566,0.542175,0.145988,0.068124
274944,0.082363,0,0.084286,0.199645,0.112477,0.053452
274949,0.037173,0,0.02123,0.337916,0.158073,0.038901
274952,0.28534,0,0.320828,0.721889,0.724029,0.063859
274963,0.077431,1,0.081268,0.230756,0.053391,0.036544
274967,0.038247,0,0.032211,0.142429,0.109407,0.039913
275008,0.114946,0,0.095972,0.652716,0.36948,0.081739
275013,0.060146,0,0.047524,0.395018,0.161505,0.044064
275020,0.250778,0,0.278742,0.613964,0.529417,0.074721
275021,0.05821,0,0.046132,0.377802,0.078597,0.045139
275045,0.050574,0,0.025365,0.548446,0.089997,0.053611
275052,0.097083,0,0.099186,0.301299,0.144196,0.051496
275067,0.060894,0,0.047323,0.365674,0.191456,0.052869
275068,0.068052,0,0.070971,0.164869,0.189219,0.036544
275077,0.023676,0,0.010456,0.191959,0.116998,0.039796
275090,0.046522,0,0.024585,0.550599,0.079506,0.036544
275113,0.055949,0,0.046734,0.359272,0.029136,0.036544
275121,0.026303,0,0.019495,0.085025,0.098977,0.038901
275146,0.13615,0,0.140793,0.430717,0.441246,0.057742
275162,0.316213,0,0.364527,0.604314,0.572544,0.079044
275164,0.465014,0,0.558637,0.660475,0.725267,0.07694
275172,0.038548,0,0.025382,0.317232,0.068213,0.036544
275210,0.299363,0,0.33785,0.725145,0.55008,0.074043
275216,0.038008,0,0.036447,0.047217,0.060626,0.04149
275217,0.334856,0,0.381319,0.825922,0.531981,0.069931
275218,0.06029,0,0.04745,0.242066,0.124568,0.073415
275225,0.073428,0,0.073602,0.230187,0.127784,0.04324
275237,0.062905,0,0.067191,0.063218,0.129361,0.045139
275257,0.049296,0,0.051154,0.027267,0.166885,0.043044
275279,0.312255,0,0.352176,0.739247,0.647171,0.079044
275280,0.276205,0,0.302486,0.807149,0.460943,0.079044
275282,0.037158,0,0.029944,0.143117,0.098597,0.043131
275283,0.060835,0,0.067964,0.043543,0.097991,0.036544
275290,0.090886,0,0.094388,0.232026,0.272645,0.047592
275302,0.069011,0,0.056428,0.452175,0.296036,0.040601
275337,0.067886,0,0.058103,0.412107,0.188338,0.039108
275338,0.058646,0,0.04911,0.311549,0.096024,0.047622
275348,0.028961,0,0.02049,0.122262,0.102785,0.04149
275386,0.074957,0,0.076106,0.096437,0.113647,0.065781
275398,0.302058,0,0.341463,0.682407,0.678269,0.077921
275403,0.047166,0,0.027159,0.545465,0.058834,0.031695
275410,0.414643,0,0.467951,0.868508,0.73884,0.127487
275419,0.039648,0,0.033983,0.112158,0.127292,0.045139
275430,0.33623,0,0.382556,0.766965,0.658716,0.079044
275437,0.040822,0,0.04166,0.044333,0.060491,0.036544
275443,0.033128,0,0.027239,0.103337,0.120357,0.039868
275475,0.044313,0,0.037703,0.16824,0.095466,0.045139
275476,0.091036,0,0.099784,0.21628,0.084194,0.036544
275480,0.16258,1,0.160947,0.695091,0.678259,0.058881
275482,0.065307,0,0.068759,0.146896,0.116019,0.036544
275494,0.10026,0,0.097028,0.376993,0.190241,0.060205
275496,0.072932,0,0.0786,0.119919,0.182256,0.04051
275529,0.015148,0,0.005738,0.069692,0.093698,0.037934
275534,0.052383,0,0.053324,0.093058,0.117498,0.039796
275535,0.326082,0,0.351368,0.734177,0.822359,0.145739
275564,0.064482,0,0.060031,0.251672,0.108863,0.046219
275580,0.061657,0,0.051434,0.408906,0.090962,0.036544
275585,0.040047,0,0.025036,0.392146,0.071295,0.031695
275590,0.063741,0,0.058361,0.244499,0.232029,0.046553
275592,0.033682,0,0.026459,0.134603,0.123148,0.039796
275596,0.330363,0,0.357601,0.875197,0.675452,0.122652
275601,0.075604,0,0.086386,0.05557,0.1752,0.036544
275611,0.434947,0,0.513401,0.78739,0.677234,0.075359
275624,0.108363,0,0.090982,0.702878,0.565458,0.053404
275640,0.335847,0,0.382427,0.758436,0.663168,0.079044
275649,0.025926,0,0.016531,0.148179,0.095764,0.036807
275651,0.072355,0,0.0706,0.257475,0.147528,0.043636
275680,0.024943,0,0.015297,0.135343,0.091638,0.038957
275689,0.043229,0,0.030622,0.328329,0.115629,0.036807
275702,0.050376,0,0.048934,0.093375,0.152204,0.045139
275740,0.029255,0,0.01703,0.216856,0.173479,0.036807
275755,0.045147,0,0.040088,0.15995,0.124492,0.041078
275769,0.062721,0,0.05077,0.401737,0.103295,0.045139
275781,0.030915,0,0.023989,0.141942,0.034916,0.036544
275790,0.06881,0,0.054912,0.457651,0.264166,0.045139
275794,0.049311,0,0.042448,0.259825,0.067039,0.036544
275800,0.045932,0,0.043,0.129832,0.193252,0.037603
275822,0.032816,0,0.026148,0.144962,0.063393,0.036544
275823,0.109706,0,0.111792,0.328033,0.183653,0.0609
275862,0.110895,0,0.124802,0.134254,0.234623,0.051858
275865,0.040819,0,0.035889,0.134403,0.100866,0.040606
275870,0.048245,0,0.032809,0.335902,0.157814,0.050761
275878,0.040664,0,0.027185,0.311415,0.121158,0.039796
275882,0.028847,0,0.024098,0.081839,0.042181,0.036544
275896,0.027722,0,0.020905,0.058517,0.103094,0.045267
275897,0.051318,0,0.044422,0.271059,0.086103,0.036544
275899,0.038842,0,0.022741,0.383016,0.048356,0.036544
275908,0.352605,0,0.384695,0.754404,0.732027,0.15156
275916,0.070911,0,0.06195,0.16951,0.275274,0.080613
275917,0.236446,0,0.268635,0.537038,0.468594,0.057283
275924,0.031058,0,0.016869,0.261837,0.117183,0.039796
275928,0.036142,0,0.02904,0.107996,0.098038,0.047782
275933,0.039558,0,0.031042,0.195967,0.049309,0.042787
275965,0.038901,0,0.023641,0.333224,0.098845,0.04098
275966,0.030178,0,0.027459,0.0348,0.130952,0.036544
275976,0.057745,0,0.05079,0.260779,0.196135,0.04324
275977,0.327494,1,0.390405,0.472948,0.690497,0.058881
275980,0.050028,0,0.040275,0.251846,0.134093,0.047612
275982,0.231237,0,0.257818,0.584267,0.623913,0.058881
275984,0.054211,0,0.04615,0.290303,0.06523,0.04149
275999,0.03156,0,0.023206,0.133372,0.082816,0.042772
276019,0.057323,0,0.052142,0.208749,0.160987,0.046471
276022,0.108639,0,0.109836,0.35726,0.276878,0.055039
276033,0.048298,0,0.043258,0.172208,0.101243,0.043278
276053,0.045251,0,0.03972,0.155381,0.075725,0.045139
276066,0.144573,1,0.161236,0.338754,0.170165,0.047612
276077,0.053039,0,0.046534,0.246856,0.086415,0.04149
276096,0.056002,0,0.038101,0.452633,0.112552,0.04965
276104,0.095954,0,0.076694,0.726244,0.422423,0.045238
276113,0.047091,0,0.027592,0.449986,0.117135,0.045139
276118,0.044439,0,0.0295,0.332948,0.186015,0.044064
276122,0.050468,0,0.029265,0.543478,0.102365,0.039226
276123,0.029394,0,0.015171,0.25926,0.086936,0.039226
276130,0.06347,0,0.060645,0.136366,0.141004,0.058689
276138,0.139265,0,0.150986,0.426842,0.41453,0.036807
276142,0.040798,0,0.026373,0.328171,0.109485,0.040788
276143,0.048252,0,0.038541,0.268977,0.17042,0.041224
276159,0.039784,0,0.033525,0.122094,0.147842,0.045139
276160,0.038445,0,0.020842,0.427118,0.120389,0.031695
276163,0.038012,0,0.029153,0.192126,0.158163,0.039796
276166,0.027423,0,0.010811,0.298486,0.152555,0.036807
276169,0.054856,0,0.038549,0.49533,0.049217,0.036544
276191,0.043239,0,0.02812,0.38829,0.07443,0.036544
276212,0.035049,0,0.034888,0.027145,0.046886,0.036721
276221,0.028069,0,0.011837,0.260315,0.144126,0.04324
276226,0.173436,0,0.176871,0.701918,0.539552,0.055969
276238,0.063461,0,0.064541,0.124306,0.187889,0.04508
276240,0.343441,0,0.416879,0.349142,0.778475,0.058881
276252,0.239778,0,0.259071,0.697768,0.510048,0.079044
276259,0.083172,0,0.058564,0.753643,0.251352,0.049507
276297,0.039219,0,0.03242,0.154646,0.072182,0.042772
276305,0.209782,0,0.226143,0.717644,0.63782,0.046507
276308,0.052585,0,0.048299,0.179389,0.140283,0.043278
276310,0.060367,0,0.044366,0.531842,0.216044,0.030824
276330,0.062816,0,0.053346,0.373968,0.04197,0.042787
276332,0.08633,0,0.067053,0.624541,0.232928,0.057215
276338,0.151348,0,0.136686,0.815186,0.452156,0.078381
276341,0.0406,0,0.03809,0.106868,0.09319,0.036544
276362,0.042805,0,0.026851,0.340793,0.161166,0.045139
276373,0.054674,0,0.045893,0.285652,0.21079,0.04142
276382,0.029543,0,0.021741,0.104268,0.163306,0.041224
276402,0.280912,0,0.318775,0.666006,0.754068,0.058881
276433,0.054844,0,0.049828,0.156619,0.10784,0.053685
276434,0.268746,0,0.303761,0.661265,0.739683,0.055969
276437,0.089164,0,0.070988,0.363202,0.23303,0.103263
276448,0.038022,0,0.028046,0.222093,0.220859,0.036807
276462,0.025677,0,0.013507,0.185833,0.209745,0.036807
276465,0.065602,0,0.05599,0.388461,0.158614,0.040788
276494,0.076411,0,0.060796,0.482891,0.153173,0.059284
276506,0.03593,0,0.035188,0.046374,0.045096,0.036544
276525,0.309959,0,0.326984,0.897828,0.391331,0.139737
276549,0.05055,0,0.051177,0.101201,0.143847,0.036544
276552,0.035731,0,0.029813,0.121603,0.097057,0.04051
276555,0.430848,0,0.510637,0.732064,0.658885,0.07588
276564,0.127035,0,0.110436,0.790678,0.182938,0.068184
276575,0.073184,0,0.052981,0.603163,0.164942,0.050514
276579,0.341854,0,0.389882,0.76824,0.668509,0.079044
276582,0.477043,0,0.551542,0.797457,0.709657,0.138054
276588,0.057049,0,0.042731,0.410739,0.113515,0.045139
276589,0.059193,0,0.054203,0.115201,0.124163,0.065781
276594,0.061466,0,0.060624,0.212454,0.098836,0.036544
276596,0.048737,0,0.044427,0.154685,0.254002,0.039922
276611,0.315898,0,0.35884,0.71299,0.574062,0.079044
276633,0.069613,0,0.058328,0.436077,0.093585,0.045139
276640,0.069328,0,0.06492,0.284976,0.126549,0.045458
276645,0.036537,0,0.026951,0.196289,0.058221,0.042787
276671,0.345116,0,0.368507,0.873094,0.770889,0.152345
276706,0.090042,0,0.095326,0.229323,0.131402,0.044472
276722,0.047082,0,0.038511,0.282756,0.050176,0.036544
276734,0.0503,0,0.044147,0.255896,0.04136,0.036544
276766,0.038897,0,0.03235,0.133182,0.077467,0.045139
276817,0.0322,0,0.021562,0.192469,0.140428,0.039796
276819,0.047324,0,0.037674,0.275548,0.072043,0.04149
276823,0.038417,0,0.031948,0.147453,0.085766,0.04149
276838,0.049581,0,0.043407,0.228947,0.092917,0.039108
276841,0.044336,0,0.034977,0.208893,0.198566,0.045139
276849,0.034031,0,0.029988,0.095953,0.089637,0.036329
276861,0.358375,1,0.398867,0.664597,0.7231,0.143789
276867,0.047937,0,0.037272,0.332163,0.047909,0.036544
276883,0.053926,0,0.054631,0.091393,0.118976,0.042787
276884,0.128709,0,0.130651,0.117057,0.450565,0.114516
276892,0.315419,0,0.33883,0.738051,0.669612,0.143422
276894,0.037071,0,0.033454,0.091967,0.086361,0.039226
276900,0.037011,0,0.03257,0.07773,0.155991,0.042772
276902,0.038836,0,0.034962,0.125949,0.075537,0.036544
276913,0.257919,0,0.276057,0.842507,0.633228,0.075862
276934,0.063228,0,0.034653,0.739019,0.165132,0.045139
276936,0.051825,0,0.051101,0.056652,0.121507,0.051666
276946,0.423977,0,0.524646,0.468612,0.430121,0.044011
276957,0.110045,0,0.109272,0.33035,0.321171,0.067568
276970,0.305386,0,0.325606,0.759187,0.665454,0.139436
276973,0.080275,0,0.07578,0.323604,0.078453,0.053452
276980,0.080084,0,0.063561,0.444824,0.177595,0.073184
277012,0.248329,0,0.286176,0.488517,0.522689,0.057869
277013,0.045117,0,0.038611,0.127225,0.061766,0.054007
277023,0.061596,0,0.054515,0.324549,0.095968,0.039796
277024,0.149692,0,0.152761,0.555643,0.588793,0.053404
277051,0.035348,0,0.032303,0.092769,0.028025,0.036544
277056,0.029285,0,0.026282,0.039749,0.055704,0.037758
277087,0.04527,0,0.041937,0.121408,0.138382,0.041341
277091,0.100332,0,0.114968,0.16136,0.058822,0.036544
277121,0.101414,0,0.109136,0.284949,0.153872,0.038615
277133,0.034692,0,0.026879,0.128182,0.095081,0.045139
277148,0.016936,0,0.006751,0.098078,0.131828,0.036807
277153,0.088731,0,0.101635,0.091625,0.157269,0.038615
277159,0.059113,0,0.055531,0.11822,0.090364,0.0609
277160,0.071785,0,0.055193,0.538912,0.229574,0.045139
277164,0.089269,0,0.091891,0.245126,0.239744,0.047481
277177,0.065559,0,0.058649,0.344725,0.272603,0.035345
277178,0.275981,0,0.306723,0.692345,0.596753,0.078971
277181,0.549536,1,0.67356,0.612832,0.614153,0.078323
277189,0.069371,0,0.062495,0.305778,0.162705,0.049887
277191,0.059324,0,0.050569,0.289529,0.249841,0.045139
277205,0.026553,0,0.018754,0.132734,0.021016,0.036544
277213,0.030553,0,0.024369,0.069166,0.078545,0.045139
277214,0.061023,0,0.057149,0.267207,0.129918,0.036544
277232,0.05685,0,0.051531,0.225732,0.136703,0.044064
277237,0.057907,0,0.055505,0.201931,0.122157,0.039226
277238,0.069657,0,0.053018,0.509368,0.123682,0.051017
277251,0.052242,0,0.051757,0.098901,0.067358,0.045267
277252,0.073444,0,0.066545,0.310054,0.156267,0.054304
277263,0.033636,0,0.02594,0.128535,0.116017,0.042772
277264,0.0753,0,0.06446,0.340621,0.101198,0.0672
277266,0.028984,0,0.02151,0.094486,0.103706,0.042772
277273,0.373985,0,0.428671,0.843554,0.694288,0.079044
277274,0.040872,0,0.030169,0.225296,0.122612,0.045139
277279,0.095888,0,0.083666,0.338205,0.296736,0.092054
277291,0.056214,0,0.044017,0.364376,0.093737,0.045139
277292,0.331796,0,0.377979,0.749556,0.598116,0.079044
277304,0.336969,0,0.359093,0.911585,0.547999,0.146619
277313,0.206942,0,0.221139,0.764842,0.448661,0.047988
277339,0.051859,0,0.056209,0.046118,0.061635,0.036544
277341,0.268344,0,0.302782,0.731829,0.436505,0.053579
277343,0.065616,0,0.072014,0.0,0.143907,0.051496
277361,0.052736,0,0.047098,0.21116,0.186189,0.041477
277393,0.036031,0,0.034306,0.065315,0.058091,0.036544
277401,0.033019,0,0.022726,0.19805,0.126589,0.038901
277411,0.20054,0,0.202389,0.909726,0.573393,0.05645
277447,0.034342,0,0.015298,0.452632,0.052794,0.029418
277454,0.031567,0,0.022641,0.147556,0.279231,0.036807
277465,0.278512,0,0.307548,0.742346,0.609161,0.079044
277468,0.037217,0,0.023494,0.329121,0.11575,0.033524
277470,0.065195,0,0.052184,0.42899,0.242357,0.04324
277471,0.093749,0,0.06917,0.695877,0.309946,0.070828
277480,0.034311,0,0.031062,0.035932,0.065501,0.045139
277497,0.076023,0,0.076078,0.199394,0.156586,0.051496
277509,0.063822,0,0.064134,0.066499,0.1211,0.060569
277524,0.541074,0,0.657379,0.690401,0.771081,0.078323
277529,0.398792,0,0.443182,0.904827,0.467388,0.142484
277544,0.053667,0,0.055734,0.075191,0.138266,0.039796
277560,0.039145,0,0.038935,0.050127,0.089212,0.036544
277568,0.068591,0,0.071755,0.148861,0.166436,0.039796
277581,0.052978,0,0.039776,0.317259,0.091576,0.053426
277583,0.374951,0,0.416406,0.699041,0.7749,0.15262
277587,0.514918,0,0.623027,0.70909,0.693417,0.07588
277611,0.038734,0,0.028262,0.246879,0.119637,0.037934
277635,0.034292,0,0.031217,0.065684,0.067282,0.039108
277638,0.043691,0,0.037759,0.097223,0.104972,0.054304
277640,0.034661,0,0.019798,0.300344,0.14723,0.038901
277647,0.107188,0,0.116549,0.198827,0.205818,0.053452
277676,0.213504,0,0.24741,0.370227,0.583687,0.049801
277691,0.086816,0,0.077371,0.514468,0.159331,0.04324
277699,0.049535,0,0.034954,0.367653,0.099365,0.045139
277711,0.407016,0,0.478851,0.721083,0.663678,0.078323
277723,0.045611,0,0.032666,0.353555,0.073744,0.037603
277732,0.046556,0,0.030513,0.457334,0.072061,0.031695
277744,0.104591,0,0.101919,0.18121,0.219696,0.097513
277748,0.268889,0,0.305436,0.717972,0.591485,0.044543
277766,0.31837,0,0.385835,0.319503,0.675851,0.058881
277767,0.167708,0,0.170555,0.657925,0.649804,0.055969
277776,0.053769,1,0.047576,0.172622,0.092702,0.054304
277784,0.03241,0,0.0219,0.202558,0.100461,0.038901
277811,0.045846,0,0.034008,0.340414,0.059802,0.036544
277819,0.087427,0,0.087708,0.200573,0.101207,0.065781
277821,0.039866,0,0.038549,0.087256,0.029918,0.036544
277822,0.078207,0,0.079984,0.139311,0.0837,0.060569
277824,0.093251,0,0.07994,0.536423,0.296941,0.057468
277830,0.565059,0,0.692855,0.639082,0.618269,0.078323
277832,0.046922,0,0.039421,0.202017,0.105221,0.045267
277834,0.06685,0,0.061208,0.244886,0.132976,0.054007
277837,0.0341,0,0.032164,0.0,0.112064,0.045139
277853,0.066236,0,0.073785,0.03534,0.092446,0.043131
277864,0.039728,0,0.037599,0.025261,0.139331,0.047359
277888,0.047729,0,0.037729,0.260067,0.103854,0.045139
277890,0.090952,0,0.096467,0.240621,0.258244,0.039108
277935,0.037562,0,0.028501,0.229824,0.042196,0.036544
277994,0.102741,0,0.105369,0.299006,0.217474,0.05472
278008,0.036706,0,0.02624,0.189116,0.142395,0.045139
278041,0.059516,0,0.053318,0.219213,0.160515,0.051017
278046,0.133372,0,0.109691,0.679496,0.319515,0.117992
278053,0.078656,0,0.07489,0.26962,0.182194,0.055515
278069,0.062781,0,0.043733,0.516262,0.115272,0.050623
278072,0.057346,0,0.049185,0.259951,0.104497,0.049952
278073,0.040359,0,0.031755,0.21064,0.108122,0.039796
278075,0.410873,0,0.479329,0.817738,0.633416,0.079044
278078,0.347827,0,0.391218,0.509165,0.785604,0.146356
278086,0.026061,0,0.015224,0.163061,0.107488,0.039307
278088,0.311107,0,0.358852,0.578934,0.589233,0.079044
278096,0.052708,0,0.046406,0.263555,0.108893,0.036721
278109,0.060444,0,0.057067,0.218332,0.128804,0.042772
278135,0.292493,0,0.329766,0.776903,0.66048,0.057869
278145,0.032099,0,0.025776,0.082565,0.145119,0.04324
278146,0.049286,0,0.033601,0.407228,0.11189,0.04149
278150,0.037476,0,0.0288,0.163259,0.115798,0.044832
278153,0.037819,0,0.024224,0.295885,0.053022,0.04149
278159,0.066986,0,0.069842,0.11294,0.194885,0.044608
278169,0.338852,0,0.388388,0.710462,0.708337,0.079044
278208,0.034312,0,0.021946,0.211922,0.106175,0.046219
278209,0.368676,0,0.419495,0.857867,0.811131,0.081058
278218,0.361655,0,0.425954,0.659773,0.786784,0.058881
278223,0.041153,0,0.026798,0.323059,0.132373,0.041224
278230,0.040467,0,0.029094,0.219126,0.144403,0.047612
278243,0.031707,0,0.028658,0.037734,0.045845,0.04149
278244,0.028038,0,0.022235,0.066987,0.064256,0.04149
278256,0.075909,0,0.065761,0.440042,0.158263,0.045999
278257,0.045411,0,0.033574,0.282704,0.101817,0.045139
278261,0.383612,1,0.456804,0.645238,0.654262,0.058881
278272,0.117363,0,0.117263,0.402203,0.327381,0.0609
278292,0.031641,0,0.023977,0.126288,0.086277,0.04149
278302,0.359096,0,0.42089,0.599092,0.675194,0.079044
278306,0.164634,0,0.193515,0.24174,0.198919,0.043215
278317,0.06923,0,0.069977,0.104567,0.121126,0.058689
278328,0.040162,0,0.025227,0.332194,0.178647,0.039226
278361,0.32183,0,0.371051,0.656275,0.551433,0.073785
278367,0.083526,0,0.077028,0.286435,0.205582,0.067817
278372,0.043235,0,0.032534,0.302107,0.041818,0.036544
278386,0.052442,0,0.036492,0.45811,0.104378,0.037403
278398,0.0245,0,0.0143,0.141278,0.143823,0.037934
278411,0.048431,0,0.03814,0.263219,0.151766,0.045139
278413,0.36147,0,0.399289,0.767594,0.692105,0.139873
278416,0.026633,0,0.020247,0.07173,0.050426,0.04149
278425,0.038506,0,0.033356,0.125217,0.057722,0.04149
278427,0.341862,0,0.370945,0.780981,0.706561,0.145672
278443,0.038115,0,0.032895,0.110713,0.141879,0.04149
278446,0.019068,0,0.005765,0.179001,0.118709,0.036807
278447,0.053108,0,0.041164,0.290977,0.197956,0.050623
278451,0.051855,0,0.037361,0.377354,0.12578,0.045139
278462,0.045426,0,0.042322,0.129518,0.093392,0.04051
278477,0.357916,0,0.400972,0.749514,0.693371,0.119432
278498,0.043871,0,0.037942,0.139176,0.173261,0.04508
278508,0.063501,0,0.063993,0.062954,0.094643,0.0609
278513,0.042514,0,0.040592,0.047015,0.134,0.046219
278517,0.0327,0,0.024262,0.104741,0.088994,0.0494
278541,0.189804,0,0.226735,0.146744,0.196689,0.0609
278546,0.047279,0,0.039899,0.190763,0.180202,0.045139
278559,0.049122,0,0.047278,0.057668,0.152023,0.051496
278571,0.071952,0,0.044471,0.566681,0.366207,0.076735
278580,0.058726,0,0.035561,0.566718,0.161144,0.050623
278590,0.054639,0,0.04327,0.352309,0.183574,0.039796
278593,0.038265,0,0.029676,0.146227,0.147379,0.047612
278608,0.364059,0,0.398019,0.758557,0.798331,0.15586
278611,0.107123,0,0.099648,0.517026,0.225044,0.058156
278625,0.047028,0,0.044118,0.061367,0.109235,0.053452
278628,0.449009,0,0.543349,0.645925,0.679086,0.058881
278680,0.024837,0,0.015554,0.119418,0.082085,0.040606
278681,0.058173,0,0.054079,0.201733,0.146739,0.045139
278683,0.046865,0,0.043114,0.140631,0.14889,0.041078
278693,0.051881,0,0.048874,0.177355,0.120982,0.038615
278725,0.076689,1,0.066352,0.441285,0.183112,0.046714
278779,0.040484,0,0.036886,0.110109,0.126528,0.038901
278784,0.103192,0,0.106563,0.338645,0.140702,0.047612
278787,0.053398,0,0.048331,0.222801,0.157459,0.038901
278796,0.029735,0,0.02243,0.135664,0.073685,0.036544
278830,0.054568,0,0.055391,0.094271,0.158699,0.04149
278840,0.051997,0,0.050433,0.097505,0.127221,0.047515
278848,0.036093,0,0.029483,0.173409,0.015834,0.036544
278853,0.034437,0,0.027266,0.164717,0.067096,0.036721
278857,0.06766,0,0.072144,0.147563,0.077555,0.036544
278875,0.048153,0,0.038828,0.247426,0.151508,0.044064
278939,0.137375,0,0.162334,0.160045,0.184955,0.039796
278948,0.057481,0,0.056604,0.157021,0.108608,0.04149
278953,0.033003,0,0.025843,0.126252,0.078919,0.04149
278964,0.15294,0,0.176834,0.232545,0.253865,0.047612
278971,0.032966,0,0.029567,0.066311,0.083731,0.038128
278976,0.244318,0,0.262044,0.816587,0.602453,0.066467
278981,0.306046,0,0.335912,0.904203,0.653156,0.079044
279003,0.034713,0,0.028622,0.097391,0.065545,0.045139
279020,0.205523,0,0.230767,0.435556,0.396149,0.065791
279023,0.041486,0,0.029971,0.30617,0.075606,0.03576
279043,0.044673,0,0.036585,0.146464,0.139102,0.053685
279055,0.057123,0,0.056251,0.104132,0.0729,0.051496
279094,0.048632,0,0.04166,0.204398,0.098659,0.045139
279115,0.084388,0,0.063245,0.688708,0.291471,0.048646
279125,0.050215,0,0.044435,0.17183,0.128683,0.047612
279129,0.127298,0,0.115737,0.710498,0.565439,0.053404
279136,0.061859,0,0.061826,0.100839,0.117178,0.053452
279145,0.048116,0,0.044737,0.152443,0.099252,0.04051
279147,0.531793,0,0.655103,0.496632,0.684327,0.078323
279152,0.061157,0,0.066169,0.072888,0.174032,0.037356
279161,0.059858,0,0.056953,0.063755,0.205237,0.065781
279165,0.027711,0,0.022137,0.088782,0.057505,0.036544
279169,0.059793,0,0.042705,0.481667,0.106097,0.046219
279176,0.241232,0,0.262105,0.797646,0.504208,0.057283
279194,0.042966,0,0.034729,0.116363,0.099021,0.058689
279195,0.20734,0,0.228505,0.586233,0.384811,0.05645
279202,0.03933,0,0.034126,0.13582,0.067639,0.04051
279230,0.076001,0,0.068128,0.455381,0.102563,0.036544
279254,0.072679,0,0.078958,0.096642,0.140954,0.043278
279272,0.283464,0,0.31595,0.846715,0.479867,0.057283
279273,0.303239,0,0.340022,0.843179,0.728465,0.058881
279274,0.030133,0,0.024252,0.110969,0.060716,0.036544
279276,0.043837,0,0.02338,0.523582,0.113794,0.031695
279290,0.333111,0,0.392167,0.499709,0.551692,0.079044
279313,0.365438,1,0.402171,0.881265,0.696213,0.128246
279317,0.083921,0,0.07583,0.356392,0.139224,0.063558
279318,0.09402,0,0.103311,0.172388,0.198307,0.04275
279321,0.416494,0,0.502723,0.593374,0.682613,0.058881
279331,0.155746,0,0.160595,0.561842,0.635248,0.051714
279345,0.395783,0,0.445455,0.736226,0.681894,0.1434
279347,0.025047,0,0.010916,0.234079,0.134141,0.036807
279372,0.101915,0,0.101996,0.290876,0.347827,0.0609
279379,0.054033,0,0.047728,0.258433,0.181491,0.037192
279380,0.054355,0,0.031525,0.609804,0.122649,0.037502
279393,0.272258,0,0.292703,0.796003,0.645274,0.092617
279405,0.242573,0,0.279223,0.506175,0.623595,0.049334
279418,0.030971,0,0.023781,0.094791,0.065796,0.045139
279432,0.058546,0,0.062861,0.068533,0.069693,0.04051
279445,0.100541,0,0.074218,0.646697,0.276867,0.09519
279450,0.06621,0,0.068329,0.059783,0.128484,0.057772
279454,0.186815,0,0.193103,0.724369,0.596069,0.055969
279458,0.09049,0,0.075497,0.576142,0.267517,0.054085
279471,0.041582,0,0.036233,0.181438,0.034798,0.036544
279493,0.038255,0,0.033592,0.107426,0.155814,0.039796
279495,0.037778,1,0.025073,0.316824,0.125299,0.032368
279497,0.033365,0,0.026675,0.093653,0.07165,0.046219
279504,0.191872,0,0.202039,0.680813,0.730924,0.051714
279507,0.402585,0,0.44578,0.925155,0.662397,0.142326
279508,0.056205,0,0.056134,0.057602,0.134455,0.054007
279512,0.082804,0,0.072505,0.405197,0.243676,0.058689
279517,0.310323,1,0.348939,0.846457,0.770854,0.058881
279522,0.32008,0,0.34374,0.743365,0.639735,0.148021
279564,0.095494,0,0.097557,0.270934,0.193476,0.053754
279578,0.04015,0,0.026754,0.281938,0.085662,0.045139
279579,0.361203,0,0.414985,0.782216,0.654463,0.079044
279582,0.048692,0,0.041343,0.216598,0.139176,0.043278
279592,0.035831,0,0.028078,0.120525,0.056573,0.048745
279595,0.05522,0,0.045826,0.28502,0.186753,0.045139
279603,0.091186,0,0.089827,0.382206,0.164092,0.042144
279606,0.300216,0,0.342706,0.711776,0.720109,0.057869
279614,0.037845,0,0.023147,0.312411,0.134274,0.040344
279643,0.354745,0,0.383094,0.89982,0.721276,0.142283
279651,0.223835,0,0.246842,0.644735,0.449118,0.057283
279655,0.024204,0,0.016218,0.087417,0.056607,0.04149
279684,0.054998,0,0.05263,0.107,0.159502,0.051496
279694,0.033116,0,0.017906,0.304302,0.175615,0.036807
279701,0.249168,0,0.26848,0.774407,0.426724,0.078971
279714,0.079405,0,0.058485,0.350694,0.219034,0.104252
279722,0.054875,0,0.043835,0.317864,0.156729,0.04578
279761,0.07202,0,0.049932,0.720072,0.11681,0.036544
279771,0.05098,0,0.039291,0.297137,0.141384,0.047612
279789,0.032517,0,0.028303,0.062311,0.077369,0.04149
279804,0.036426,0,0.029675,0.168004,0.082672,0.036544
279815,0.052973,0,0.049649,0.118477,0.066616,0.053159
279819,0.053252,0,0.056258,0.078732,0.090452,0.036544
279820,0.036009,0,0.024196,0.278677,0.026794,0.036544
279829,0.055122,0,0.041078,0.296792,0.158033,0.0609
279830,0.026669,0,0.019551,0.089467,0.066926,0.040601
279837,0.046623,0,0.043707,0.16217,0.053806,0.036544
279838,0.052604,0,0.055446,0.04547,0.119429,0.04149
279887,0.400924,0,0.468187,0.759741,0.756459,0.078323
279909,0.035037,0,0.018708,0.297859,0.138525,0.045458
279919,0.031809,0,0.026509,0.063557,0.107068,0.043581
279924,0.413851,0,0.460703,0.895365,0.779265,0.144437
279929,0.04496,0,0.037762,0.224244,0.140656,0.036807
279933,0.065842,0,0.055802,0.368408,0.119032,0.047359
279936,0.54015,0,0.66316,0.643279,0.841098,0.058881
279940,0.05569,0,0.052895,0.195333,0.124719,0.039108
279942,0.081175,0,0.08034,0.187372,0.236094,0.0609
279943,0.302856,0,0.336289,0.825053,0.551233,0.079044
279946,0.081532,0,0.072555,0.33304,0.293109,0.063767
279955,0.046557,0,0.046479,0.105783,0.036628,0.036544
279973,0.057419,0,0.05864,0.073104,0.170225,0.046916
279994,0.332757,1,0.37552,0.799351,0.699991,0.081058
279995,0.25114,0,0.276707,0.639593,0.564648,0.078436
280031,0.068261,0,0.045887,0.611757,0.180227,0.050623
280033,0.035213,0,0.017278,0.4445,0.065506,0.027468
280062,0.080199,0,0.082051,0.142318,0.206463,0.058689
280070,0.057997,0,0.055468,0.168184,0.108588,0.046219
280105,0.028822,0,0.026316,0.026812,0.095731,0.036544
280115,0.041092,0,0.030273,0.221217,0.172853,0.045139
280142,0.042759,0,0.033865,0.262223,0.03753,0.036544
280149,0.368383,0,0.406057,0.758423,0.735387,0.149165
280155,0.066876,0,0.069993,0.071329,0.116764,0.053159
280159,0.064656,0,0.062848,0.156821,0.095038,0.054007
280171,0.036437,0,0.027055,0.205328,0.107469,0.038901
280176,0.205272,0,0.218708,0.651079,0.542028,0.066467
280179,0.096051,0,0.090404,0.353965,0.202378,0.067817
280187,0.280094,0,0.311506,0.871943,0.581507,0.049801
280195,0.08433,0,0.077237,0.127024,0.338663,0.095705
280207,0.02919,0,0.025927,0.033209,0.10251,0.038449
280227,0.054979,0,0.03704,0.419679,0.09012,0.055077
280229,0.076184,0,0.07538,0.200884,0.197205,0.053452
280259,0.118293,0,0.09773,0.732957,0.299707,0.079284
280269,0.050671,0,0.036743,0.36339,0.077912,0.045467
280283,0.052441,0,0.036446,0.366427,0.245542,0.049952
280285,0.17688,0,0.195069,0.376994,0.440151,0.0665
280286,0.330915,0,0.373817,0.822084,0.552296,0.078436
280300,0.056171,0,0.049765,0.254994,0.165115,0.041224
280321,0.049141,0,0.04287,0.217605,0.064403,0.04177
280326,0.149585,0,0.152744,0.650276,0.179337,0.047612
280342,0.397558,0,0.462749,0.79418,0.640446,0.079044
280352,0.06103,0,0.05862,0.22568,0.110656,0.039108
280359,0.044454,0,0.029592,0.340691,0.089681,0.045139
280363,0.096779,0,0.097971,0.411861,0.080318,0.036544
280367,0.029797,0,0.018775,0.191626,0.124832,0.038901
280406,0.099035,0,0.076794,0.607288,0.311842,0.084352
280408,0.272667,1,0.308128,0.569817,0.610621,0.079044
280412,0.044863,0,0.02746,0.401044,0.057577,0.045139
280416,0.04956,0,0.043902,0.240411,0.042882,0.036544
280424,0.054074,0,0.053381,0.147249,0.108371,0.038449
280466,0.031542,0,0.024804,0.134002,0.084967,0.036608
280473,0.164628,0,0.166201,0.659971,0.568822,0.058881
280476,0.036143,0,0.018719,0.42939,0.065047,0.029418
280482,0.331315,0,0.392547,0.444107,0.542003,0.079044
280496,0.056794,0,0.043681,0.378675,0.147903,0.045139
280501,0.030473,0,0.025327,0.102671,0.031698,0.036544
280502,0.042011,0,0.032868,0.261957,0.039804,0.036544
280513,0.045291,0,0.04629,0.070069,0.067593,0.036544
280527,0.053314,0,0.057502,0.050958,0.114266,0.036544
280528,0.050409,0,0.038966,0.345318,0.088526,0.038901
280542,0.074679,0,0.060647,0.448899,0.134641,0.057943
280549,0.046877,0,0.038431,0.219863,0.118458,0.045139
280553,0.064711,0,0.065261,0.184358,0.092646,0.04051
280560,0.15956,0,0.161346,0.640751,0.446106,0.058881
280563,0.045708,0,0.034082,0.334795,0.061667,0.036544
280573,0.069184,0,0.072105,0.055032,0.148254,0.058689
280575,0.051065,0,0.050034,0.118449,0.164547,0.039625
280597,0.044296,0,0.044702,0.066935,0.122309,0.036544
280606,0.19195,0,0.215366,0.457909,0.479809,0.049801
280617,0.054695,0,0.054106,0.144682,0.114254,0.039108
280637,0.101767,0,0.09418,0.475299,0.184613,0.060703
280638,0.034773,0,0.023499,0.175753,0.249935,0.045139
280645,0.044419,0,0.033065,0.291346,0.070807,0.04149
280648,0.372642,0,0.442463,0.630641,0.718629,0.058881
280665,0.153019,1,0.141534,0.93127,0.502276,0.046507
280671,0.039166,0,0.031862,0.202532,0.053584,0.036544
280678,0.020385,0,0.012828,0.04935,0.112688,0.040508
280685,0.058614,0,0.054672,0.115128,0.084835,0.062334
280717,0.041065,0,0.039064,0.09738,0.10655,0.036544
280718,0.047678,0,0.038362,0.300706,0.059507,0.036544
280727,0.040381,0,0.038558,0.091059,0.093959,0.036544
280731,0.044918,0,0.028344,0.375368,0.151829,0.044064
280751,0.034154,0,0.02645,0.179904,0.028602,0.036721
280753,0.378986,1,0.437837,0.762015,0.807791,0.081058
280758,0.044096,0,0.030859,0.301582,0.10923,0.045139
280767,0.299416,0,0.331812,0.798549,0.707394,0.079044
280787,0.458238,0,0.557566,0.585001,0.80643,0.058881
280797,0.350603,0,0.379815,0.801336,0.736036,0.151275
280807,0.278611,0,0.28984,0.737157,0.687174,0.14365
280829,0.072914,0,0.061485,0.436213,0.252434,0.045139
280839,0.121457,0,0.135653,0.234361,0.215764,0.046185
280861,0.270761,0,0.299176,0.699879,0.627731,0.079044
280863,0.051185,0,0.042306,0.318939,0.036778,0.036544
280890,0.049418,0,0.042025,0.24746,0.103943,0.039796
280905,0.041079,0,0.041409,0.007997,0.137461,0.043044
280908,0.373754,0,0.417307,0.670621,0.762398,0.148859
280918,0.070681,1,0.060098,0.369645,0.242376,0.051496
280921,0.10647,0,0.106924,0.318883,0.316495,0.0609
280924,0.050616,0,0.039434,0.340638,0.127092,0.037934
280932,0.079953,0,0.08506,0.200614,0.094928,0.039108
280937,0.046412,0,0.046802,0.090108,0.068273,0.036544
280953,0.038357,0,0.029723,0.143764,0.134633,0.04869
280965,0.043329,0,0.034615,0.207388,0.080847,0.045139
280980,0.221714,0,0.241692,0.572736,0.619239,0.073966
280988,0.054028,0,0.05164,0.163188,0.199663,0.039226
281009,0.436177,0,0.520604,0.824213,0.605036,0.05024
281013,0.103488,0,0.1062,0.31202,0.257509,0.051858
281040,0.448306,0,0.53091,0.788619,0.592784,0.078323
281042,0.036251,0,0.015689,0.445332,0.07157,0.038103
281043,0.054346,0,0.045915,0.293075,0.136347,0.04051
281050,0.033669,0,0.024915,0.145665,0.063794,0.045139
281052,0.053604,0,0.053832,0.096943,0.176238,0.041549
281055,0.050805,0,0.036378,0.366436,0.141272,0.045139
281094,0.055087,0,0.045931,0.312926,0.162503,0.039796
281119,0.083297,0,0.07844,0.17321,0.211093,0.081557
281124,0.071724,0,0.06262,0.37406,0.203119,0.047612
281132,0.036594,0,0.022271,0.242496,0.096352,0.051017
281147,0.381784,0,0.443787,0.757308,0.61657,0.079044
281153,0.038738,0,0.02882,0.201173,0.081377,0.045139
281155,0.096616,0,0.085991,0.516005,0.139778,0.059706
281168,0.046534,0,0.026079,0.470134,0.091034,0.045139
281177,0.030083,0,0.0189,0.21728,0.079384,0.036544
281215,0.040458,0,0.022996,0.370304,0.071519,0.045139
281223,0.032955,0,0.024672,0.169479,0.125301,0.036544
281225,0.092376,0,0.080658,0.368357,0.195745,0.083421
281226,0.338593,1,0.392322,0.740406,0.673464,0.058881
281243,0.129118,0,0.125355,0.559736,0.486472,0.055969
281250,0.080447,0,0.085295,0.089036,0.113494,0.060073
281276,0.03363,0,0.027375,0.088515,0.096846,0.045139
281279,0.064241,0,0.052974,0.413385,0.172602,0.040408
281280,0.045402,0,0.031481,0.379964,0.065802,0.036462
281282,0.028788,0,0.012852,0.278364,0.098594,0.041078
281324,0.039765,0,0.029446,0.232309,0.173186,0.0397
281326,0.426414,1,0.511437,0.686923,0.672512,0.058881
281351,0.115145,0,0.123673,0.219913,0.257559,0.0609
281386,0.058353,0,0.047222,0.282471,0.205049,0.05527
281396,0.110474,0,0.125792,0.132944,0.214303,0.046945
281410,0.050116,0,0.047165,0.127147,0.207903,0.042787
281421,0.058394,0,0.044991,0.405833,0.082374,0.045139
281468,0.078437,0,0.063234,0.537361,0.148006,0.050623
281480,0.044891,0,0.025893,0.501937,0.105003,0.031695
281484,0.195458,0,0.21271,0.587616,0.631597,0.049334
281495,0.036369,0,0.032347,0.114939,0.059113,0.036544
281501,0.051277,0,0.032724,0.452296,0.09586,0.046888
281510,0.075349,0,0.073857,0.208997,0.180546,0.054005
281512,0.070122,0,0.075389,0.136131,0.103354,0.037934
281523,0.06238,0,0.064729,0.135544,0.206949,0.036544
281531,0.044427,0,0.035663,0.206495,0.139947,0.045139
281536,0.073737,0,0.076371,0.052777,0.143463,0.065781
281541,0.059628,0,0.062749,0.077319,0.118414,0.043278
281544,0.285932,1,0.318566,0.753474,0.388219,0.078971
281554,0.03583,0,0.02075,0.352618,0.080047,0.033675
281583,0.125103,0,0.140642,0.188285,0.21946,0.053754
281584,0.035081,0,0.027041,0.140072,0.133366,0.04324
281590,0.051414,0,0.042415,0.264498,0.10238,0.045139
281600,0.361949,0,0.422985,0.735162,0.749169,0.058881
281601,0.117367,0,0.127778,0.258282,0.192991,0.051599
281605,0.039324,0,0.021955,0.450529,0.102036,0.028227
281613,0.037487,0,0.031108,0.174318,0.03938,0.036544
281615,0.354377,0,0.402452,0.884695,0.669969,0.073136
281621,0.31357,0,0.33922,0.93902,0.5589,0.10014
281630,0.018097,0,0.010271,0.051087,0.06455,0.039796
281634,0.041697,0,0.029954,0.293877,0.080912,0.038901
281746,0.044342,0,0.03224,0.280525,0.104574,0.045139
281749,0.390045,0,0.447367,0.903627,0.655894,0.079044
281776,0.148033,0,0.142432,0.76019,0.48536,0.049801
281810,0.045618,0,0.030146,0.351567,0.150308,0.045139
281825,0.042619,0,0.036144,0.173312,0.102404,0.04149
281834,0.145301,0,0.112534,0.955648,0.307465,0.116951
281841,0.021012,0,0.010432,0.122704,0.096107,0.039796
281854,0.103768,0,0.105596,0.299167,0.277091,0.057204
281863,0.036534,0,0.036571,0.034127,0.046632,0.036544
281864,0.050257,0,0.045438,0.166747,0.124636,0.045139
281869,0.212826,0,0.224321,0.758424,0.707988,0.058881
281872,0.040717,0,0.031899,0.185013,0.124279,0.045139
281891,0.044381,0,0.026969,0.402398,0.096816,0.04324
281895,0.181118,0,0.194301,0.578537,0.591969,0.049801
281896,0.056952,0,0.057862,0.09256,0.149684,0.044608
281900,0.255354,0,0.278889,0.706744,0.564169,0.079044
281901,0.105611,0,0.090978,0.62619,0.308695,0.0609
281931,0.075914,0,0.071069,0.239789,0.195655,0.061142
281935,0.078941,0,0.077337,0.24426,0.145157,0.053452
281936,0.349272,1,0.389342,0.666207,0.456791,0.141606
281938,0.04156,0,0.037333,0.116348,0.138158,0.041078
281945,0.25904,0,0.283968,0.708353,0.529336,0.079044
281952,0.186267,0,0.213439,0.295602,0.50772,0.057283
281960,0.047626,0,0.03061,0.365039,0.324982,0.045918
281962,0.034476,0,0.029234,0.101485,0.047793,0.04149
281983,0.331601,1,0.379127,0.705471,0.692985,0.079044
281988,0.036825,0,0.034822,0.027879,0.060893,0.045139
281999,0.02099,0,0.01195,0.088185,0.112174,0.039796
282000,0.023566,0,0.010494,0.195897,0.088176,0.039226
282005,0.045531,0,0.033974,0.277504,0.103153,0.045139
282017,0.045455,0,0.04233,0.0725,0.069034,0.051496
282022,0.071031,0,0.067845,0.17221,0.206089,0.0609
282024,0.138054,0,0.144971,0.542556,0.219234,0.037934
282042,0.023248,0,0.015739,0.069279,0.145191,0.039307
282052,0.045718,0,0.030257,0.359352,0.103898,0.045139
282056,0.038281,0,0.025575,0.289793,0.160805,0.036807
282059,0.397333,1,0.446023,0.684146,0.764773,0.15586
282117,0.056096,0,0.0512,0.257365,0.115249,0.036544
282122,0.083803,0,0.079337,0.296768,0.133841,0.060833
282136,0.233976,0,0.254769,0.755175,0.473375,0.057283
282137,0.04891,0,0.030218,0.50005,0.077112,0.036544
282141,0.03581,0,0.018135,0.401876,0.116248,0.033408
282157,0.053271,0,0.045205,0.258303,0.166026,0.04324
282161,0.06985,0,0.075086,0.073356,0.159167,0.047359
282165,0.072414,0,0.055478,0.436045,0.320927,0.062966
282182,0.033624,0,0.025923,0.114846,0.127226,0.044906
282183,0.174639,0,0.175458,0.641287,0.539362,0.077921
282199,0.203566,0,0.217369,0.634886,0.615865,0.063859
282205,0.031813,0,0.025308,0.138393,0.040751,0.036544
282231,0.565936,0,0.687835,0.851239,0.772858,0.058881
282236,0.122073,0,0.125284,0.338842,0.389335,0.063925
282247,0.323334,0,0.355238,0.784316,0.461422,0.119228
282259,0.064934,0,0.041826,0.507686,0.157135,0.068563
282280,0.333746,1,0.38404,0.673518,0.624843,0.079044
282285,0.021362,0,0.015039,0.040543,0.179757,0.036807
282308,0.054935,0,0.055119,0.108552,0.167568,0.04149
282315,0.057256,0,0.055605,0.146188,0.193496,0.043613
282334,0.221376,0,0.22242,0.853038,0.63354,0.093003
282389,0.037205,0,0.034569,0.085904,0.094807,0.036608
282390,0.045365,0,0.039742,0.207793,0.059207,0.036721
282400,0.095608,0,0.104012,0.220369,0.183961,0.039778
282448,0.042188,0,0.031507,0.253344,0.152544,0.040788
282454,0.040832,0,0.038133,0.106318,0.131172,0.036544
282483,0.083336,0,0.077601,0.319168,0.135681,0.0609
282520,0.044644,0,0.035432,0.288216,0.110597,0.033284
282525,0.125157,0,0.13974,0.204749,0.164161,0.055971
282554,0.275587,0,0.311289,0.739682,0.654862,0.050075
282560,0.047994,0,0.033338,0.405456,0.108518,0.036544
282563,0.085838,0,0.074849,0.390146,0.249264,0.067429
282583,0.050692,0,0.038253,0.297833,0.199093,0.048281
282584,0.084378,0,0.080606,0.365492,0.100694,0.047622
282601,0.056863,0,0.058494,0.111091,0.134438,0.038957
282618,0.042706,0,0.036293,0.151492,0.083567,0.045799
282629,0.047598,0,0.030678,0.43068,0.14457,0.038901
282646,0.024967,0,0.02338,0.047605,0.040965,0.026333
282657,0.269854,0,0.304259,0.57968,0.605892,0.077921
282664,0.318029,0,0.359446,0.723877,0.724115,0.081058
282665,0.34103,0,0.382838,0.593967,0.728333,0.130466
282671,0.076502,0,0.080863,0.170599,0.105213,0.042772
282679,0.29699,0,0.339525,0.546316,0.64019,0.085635
282702,0.064033,0,0.061721,0.192531,0.134799,0.047612
282706,0.066514,0,0.060251,0.216525,0.135191,0.0609
282721,0.040336,0,0.019855,0.429934,0.083849,0.045139
282724,0.09194,0,0.09436,0.255137,0.105676,0.053452
282740,0.06837,0,0.065434,0.229076,0.170424,0.047612
282752,0.288855,0,0.324653,0.844674,0.545248,0.050075
282795,0.028613,0,0.016262,0.224175,0.116335,0.036807
282809,0.046375,0,0.030719,0.425877,0.040963,0.036544
282815,0.06715,0,0.069217,0.108323,0.164942,0.049393
282824,0.051282,0,0.043129,0.278546,0.117944,0.038901
282853,0.031915,0,0.019522,0.256838,0.065746,0.036544
282859,0.313432,0,0.3537,0.749818,0.585236,0.079044
282864,0.065175,0,0.054115,0.361364,0.152912,0.050623
282868,0.051851,0,0.049595,0.184597,0.049031,0.036544
282878,0.043392,0,0.025914,0.391546,0.064631,0.045139
282891,0.064192,0,0.048906,0.502983,0.224623,0.03771
282912,0.043538,0,0.033624,0.285639,0.05597,0.036544
282913,0.399222,0,0.459462,0.646069,0.714369,0.123709
282916,0.084491,0,0.078481,0.447109,0.183188,0.039108
282940,0.039267,0,0.03301,0.12583,0.087887,0.045533
282949,0.278527,0,0.322651,0.526024,0.754646,0.057869
282964,0.050006,0,0.046324,0.118157,0.146903,0.04869
282973,0.047645,0,0.043109,0.172338,0.104577,0.04051
282992,0.102698,0,0.105133,0.258703,0.19985,0.063084
282993,0.156205,0,0.150733,0.832695,0.276984,0.052129
283024,0.034669,0,0.021347,0.316801,0.097153,0.031695
283057,0.060954,0,0.067079,0.068263,0.078065,0.036544
283065,0.036012,0,0.023332,0.295722,0.032459,0.036544
283072,0.310672,0,0.362628,0.637499,0.616995,0.051714
283076,0.077919,0,0.055095,0.732123,0.084557,0.045139
283081,0.464643,0,0.567028,0.482745,0.725402,0.07588
283098,0.118748,0,0.123855,0.326638,0.183877,0.0609
283120,0.040086,0,0.019335,0.492819,0.081273,0.03467
283129,0.324998,0,0.349415,0.824641,0.330075,0.145399
283144,0.26924,1,0.319474,0.335153,0.730555,0.058881
283154,0.047806,0,0.046481,0.086305,0.067332,0.045267
283157,0.102116,0,0.094396,0.533079,0.108371,0.053452
283192,0.06437,0,0.052037,0.468336,0.175437,0.034599
283198,0.040176,0,0.028132,0.29147,0.063261,0.039108
283212,0.020779,0,0.010959,0.11766,0.124365,0.036807
283217,0.252026,0,0.285335,0.599842,0.636962,0.055969
283218,0.034121,0,0.029836,0.055293,0.065888,0.045267
283222,0.048816,0,0.026367,0.578432,0.108848,0.035404
283225,0.035549,0,0.017811,0.365109,0.1199,0.039796
283226,0.027374,0,0.008338,0.318155,0.086245,0.044064
283277,0.155098,1,0.148024,0.813889,0.460507,0.054878
283282,0.051878,0,0.05113,0.152078,0.058651,0.036544
283318,0.305086,0,0.355124,0.601819,0.601228,0.058881
283323,0.294921,0,0.344621,0.524111,0.702395,0.058881
283339,0.032074,0,0.024294,0.1068,0.114011,0.045139
283345,0.020514,0,0.009942,0.11861,0.119828,0.039226
283347,0.230752,0,0.260871,0.550984,0.604733,0.051714
283353,0.02998,0,0.020038,0.162273,0.094984,0.041224
283357,0.414994,0,0.501285,0.57275,0.740757,0.058881
283360,0.060136,0,0.040908,0.498952,0.158976,0.049952
283383,0.068783,0,0.064602,0.337713,0.055725,0.036544
283385,0.072328,0,0.066399,0.310052,0.112173,0.050623
283389,0.401555,0,0.465116,0.816754,0.810035,0.081058
283437,0.050163,0,0.027316,0.498647,0.082069,0.053511
283448,0.023268,0,0.015864,0.069587,0.108719,0.039922
283471,0.085646,0,0.059632,0.766911,0.178759,0.057368
283476,0.060107,0,0.052158,0.271733,0.120232,0.049952
283497,0.039372,0,0.02817,0.248243,0.096875,0.041798
283501,0.31501,0,0.357294,0.685351,0.725496,0.081058
283514,0.041898,0,0.034997,0.186375,0.136288,0.038901
283528,0.091619,0,0.097489,0.213101,0.113597,0.047612
283540,0.145305,0,0.135312,0.505008,0.406268,0.110564
283550,0.177168,0,0.177582,0.817645,0.446736,0.053579
283557,0.16408,1,0.162818,0.759666,0.623359,0.049334
283577,0.034439,0,0.018729,0.346514,0.040098,0.036544
283600,0.173978,0,0.174753,0.763399,0.475189,0.057283
283606,0.043059,0,0.030731,0.257079,0.227348,0.045139
283626,0.280549,0,0.327021,0.498448,0.394603,0.066747
283630,0.053229,0,0.053562,0.069432,0.193512,0.045139
283634,0.061345,0,0.060871,0.10431,0.130869,0.053452
283638,0.280818,0,0.309141,0.614809,0.622264,0.106877
283652,0.041686,0,0.039365,0.067968,0.111834,0.043581
283660,0.043066,0,0.032813,0.285444,0.079102,0.036608
283694,0.075373,0,0.070027,0.276752,0.212161,0.05527
283732,0.048159,0,0.041251,0.201603,0.125694,0.044064
283745,0.027891,1,0.023471,0.068171,0.044778,0.036544
283776,0.047545,0,0.039491,0.236677,0.12792,0.041224
283778,0.0435,0,0.02151,0.562314,0.054937,0.031695
283781,0.042785,0,0.039795,0.073037,0.158987,0.045139
283784,0.226988,0,0.247465,0.648674,0.441949,0.069931
283786,0.079525,0,0.08253,0.133384,0.179737,0.055971
283817,0.04334,0,0.035667,0.222388,0.12419,0.037403
283831,0.0785,0,0.080803,0.119175,0.142979,0.0609
283833,0.059574,0,0.054324,0.243387,0.161437,0.04324
283838,0.030468,0,0.024764,0.101125,0.114208,0.036544
283857,0.043177,0,0.045112,0.030654,0.104115,0.036544
283861,0.073186,0,0.05519,0.575154,0.243729,0.045139
283866,0.137519,0,0.12477,0.350716,0.373806,0.139831
283872,0.023576,0,0.015772,0.103396,0.070696,0.036807
283875,0.02496,0,0.019775,0.037716,0.037054,0.04149
283878,0.054954,0,0.047,0.259014,0.151628,0.045139
283879,0.038054,0,0.038239,0.034092,0.092244,0.036544
283889,0.037597,0,0.024181,0.279457,0.11675,0.041697
283898,0.05408,0,0.037209,0.45206,0.126337,0.04324
283900,0.049296,0,0.047931,0.138733,0.113449,0.036544
283902,0.051618,0,0.048738,0.05589,0.150762,0.058689
283906,0.398893,0,0.47702,0.642642,0.678252,0.058881
283921,0.19727,0,0.207408,0.702556,0.574293,0.058881
283922,0.401659,1,0.442739,0.90618,0.780927,0.14906
283928,0.280716,0,0.30516,0.842382,0.67088,0.079044
283929,0.07088,0,0.046733,0.640468,0.110536,0.057173
283981,0.290085,0,0.295388,0.912413,0.585862,0.15094
284014,0.043778,0,0.041184,0.128944,0.100234,0.036544
284034,0.04952,0,0.043662,0.184921,0.179857,0.043278
284046,0.03184,0,0.028786,0.066846,0.043146,0.036544
284064,0.078737,0,0.072886,0.236253,0.168889,0.069653
284065,0.045464,0,0.030976,0.356684,0.066009,0.042787
284067,0.03441,0,0.023997,0.218136,0.113741,0.0378
284080,0.061222,0,0.048506,0.437016,0.157087,0.03833
284088,0.022585,0,0.016778,0.040326,0.089955,0.038957
284099,0.107821,0,0.090964,0.693828,0.256996,0.061156
284101,0.083928,0,0.089521,0.195861,0.156223,0.041224
284121,0.030914,0,0.025816,0.069392,0.079568,0.04149
284123,0.387599,0,0.46618,0.541906,0.773387,0.058881
284128,0.356104,0,0.397867,0.679978,0.662872,0.135312
284157,0.039225,0,0.034803,0.075534,0.099634,0.047359
284161,0.30655,0,0.341371,0.824773,0.70887,0.073966
284184,0.031389,0,0.024944,0.132533,0.05178,0.036544
284190,0.063792,0,0.049598,0.453456,0.11523,0.045139
284193,0.032453,0,0.027393,0.078788,0.080994,0.04149
284205,0.03846,0,0.030369,0.1605,0.087973,0.045139
284213,0.323275,0,0.384399,0.486171,0.768116,0.055829
284235,0.041861,0,0.034578,0.189986,0.075495,0.041341
284269,0.034192,0,0.023949,0.17229,0.112376,0.045139
284276,0.027431,0,0.02171,0.067236,0.08593,0.039796
284299,0.107229,0,0.095096,0.592621,0.407107,0.056834
284310,0.055378,0,0.047077,0.213971,0.175411,0.054304
284316,0.042226,0,0.034207,0.143448,0.085557,0.052533
284328,0.043636,0,0.037376,0.18317,0.110896,0.039922
284331,0.095551,0,0.091025,0.466389,0.269873,0.041078
284339,0.348879,0,0.4049,0.666268,0.568713,0.079044
284345,0.062893,0,0.05159,0.382445,0.222785,0.043024
284350,0.074398,0,0.070939,0.211922,0.134462,0.0609
284382,0.102471,1,0.108654,0.205412,0.114447,0.0609
284400,0.059349,0,0.040635,0.508235,0.169783,0.045139
284407,0.060386,0,0.050319,0.349862,0.152494,0.04324
284408,0.080314,0,0.08493,0.200201,0.148556,0.039913
284417,0.112804,0,0.114316,0.42976,0.297332,0.045366
284424,0.076823,0,0.086808,0.074035,0.123965,0.039108
284450,0.045363,0,0.030017,0.407302,0.074683,0.036544
284456,0.053762,0,0.046779,0.243054,0.074657,0.045139
284468,0.131498,0,0.140691,0.410885,0.13188,0.047612
284478,0.29834,0,0.347271,0.576766,0.651944,0.057869
284480,0.049584,0,0.044696,0.194961,0.090387,0.04051
284482,0.057499,0,0.039921,0.483689,0.097608,0.045139
284494,0.05404,0,0.044214,0.306476,0.159599,0.042241
284499,0.421254,1,0.467978,0.886617,0.746953,0.156319
284504,0.036241,0,0.027559,0.179278,0.08074,0.04149
284507,0.054706,0,0.053305,0.15313,0.083087,0.04149
284517,0.04609,0,0.04366,0.074938,0.136373,0.047359
284558,0.141662,0,0.160764,0.271537,0.19939,0.046274
284562,0.061696,0,0.047337,0.418058,0.236542,0.046112
284564,0.230323,0,0.237634,0.720643,0.630647,0.104388
284574,0.04815,0,0.03171,0.408568,0.23784,0.039107
284581,0.020452,0,0.007112,0.187418,0.129407,0.036807
284586,0.041512,0,0.040912,0.085044,0.020594,0.036544
284587,0.392252,0,0.434103,0.804199,0.79722,0.15262
284593,0.05246,0,0.044268,0.282488,0.141068,0.039108
284609,0.072947,0,0.074559,0.134221,0.145104,0.054007
284619,0.172358,0,0.181214,0.669504,0.424065,0.043701
284623,0.040937,0,0.039186,0.076867,0.107258,0.039108
284639,0.046086,0,0.032456,0.330644,0.061862,0.045139
284644,0.070193,0,0.068808,0.160798,0.117748,0.057772
284647,0.214422,1,0.240449,0.482985,0.618525,0.058881
284658,0.03953,0,0.035422,0.132043,0.094861,0.036608
284660,0.048502,0,0.037359,0.277182,0.177891,0.045139
284687,0.244815,0,0.283273,0.4669,0.450183,0.057283
284699,0.034022,0,0.021687,0.21604,0.10191,0.045139
284709,0.084753,0,0.085355,0.307916,0.206047,0.039226
284727,0.32437,1,0.376748,0.570649,0.602548,0.079044
284739,0.083127,0,0.083224,0.182662,0.227595,0.0609
284748,0.060057,0,0.038321,0.570451,0.201619,0.045139
284762,0.079925,0,0.067438,0.449485,0.275333,0.054489
284765,0.085401,0,0.088277,0.245668,0.187978,0.04324
284781,0.394961,0,0.433137,0.876529,0.739548,0.158171
284789,0.259342,0,0.270278,0.809189,0.66479,0.109237
284796,0.031495,0,0.024739,0.139249,0.054604,0.036544
284804,0.065738,0,0.056324,0.351287,0.219593,0.045139
284850,0.054526,0,0.04169,0.36781,0.08346,0.045139
284857,0.367451,0,0.42279,0.795262,0.63533,0.079044
284877,0.236584,0,0.254259,0.840588,0.452265,0.057283
284892,0.101535,0,0.107183,0.243565,0.136576,0.054304
284895,0.057503,0,0.055029,0.176371,0.132646,0.043278
284918,0.041094,0,0.031159,0.244795,0.163314,0.037934
284937,0.23843,0,0.236151,0.800756,0.568449,0.137041
284962,0.041643,0,0.025501,0.362103,0.08466,0.042787
284964,0.097116,0,0.096808,0.400789,0.209896,0.040804
284968,0.038831,0,0.021127,0.36163,0.08853,0.045139
284974,0.282475,0,0.310445,0.65754,0.55223,0.104525
284976,0.03994,0,0.019195,0.479748,0.084396,0.036721
284979,0.177187,0,0.16952,0.602148,0.438517,0.122182
284981,0.053578,0,0.048929,0.18907,0.143764,0.04399
284994,0.055548,0,0.034913,0.51387,0.111144,0.0483
284998,0.170597,0,0.180253,0.628699,0.453792,0.045074
285005,0.042844,0,0.033493,0.252086,0.132239,0.037468
285006,0.064444,0,0.06808,0.143729,0.075163,0.036544
285014,0.137785,0,0.153696,0.313664,0.137058,0.047612
285020,0.028627,0,0.020091,0.110812,0.040349,0.045139
285031,0.02064,0,0.012693,0.04461,0.078881,0.044064
285046,0.04892,0,0.036804,0.264805,0.170282,0.051666
285054,0.04742,0,0.036939,0.259603,0.156323,0.045139
285072,0.037294,0,0.022141,0.31847,0.100884,0.041224
285074,0.04658,0,0.046456,0.082393,0.047816,0.040606
285083,0.344173,0,0.372407,0.757199,0.706079,0.15586
285093,0.245271,0,0.255341,0.792887,0.441345,0.104686
285115,0.081562,0,0.080849,0.178669,0.11912,0.065781
285142,0.026763,0,0.019393,0.095312,0.119604,0.039108
285143,0.043291,0,0.022985,0.501119,0.041313,0.036544
285164,0.091075,0,0.09929,0.120572,0.162089,0.053452
285184,0.06766,1,0.071686,0.153618,0.096707,0.036608
285188,0.067621,0,0.069996,0.169113,0.10014,0.039796
285189,0.154869,0,0.134019,0.84593,0.36661,0.102415
285197,0.232559,0,0.249668,0.875861,0.531489,0.045969
285219,0.153074,0,0.159469,0.609552,0.242444,0.045366
285220,0.398773,0,0.446144,0.850461,0.754763,0.133037
285274,0.036291,0,0.032401,0.11052,0.066432,0.036544
285300,0.110272,0,0.089334,0.656712,0.127582,0.089482
285306,0.036767,0,0.028478,0.192619,0.133167,0.036807
285350,0.082166,0,0.069038,0.502157,0.128385,0.054304
285368,0.281518,0,0.321031,0.541655,0.63699,0.079044
285376,0.062099,0,0.064457,0.079633,0.204855,0.046219
285377,0.065403,0,0.042397,0.647332,0.10999,0.045139
285380,0.251226,0,0.289005,0.558989,0.48557,0.050075
285402,0.030383,0,0.012877,0.34182,0.121818,0.036807
285421,0.059709,0,0.059158,0.097226,0.141767,0.05272
285498,0.081276,0,0.084807,0.25327,0.115261,0.036544
285503,0.059407,0,0.059072,0.168732,0.123724,0.039289
285575,0.07429,1,0.071405,0.196587,0.15184,0.0609
285576,0.026172,0,0.013938,0.220106,0.031841,0.036544
285595,0.061968,0,0.059575,0.196959,0.182464,0.043278
285629,0.066205,0,0.059421,0.255998,0.203958,0.053452
285649,0.094488,0,0.096401,0.296685,0.224633,0.047612
285696,0.051929,0,0.047013,0.056805,0.118982,0.06732
285713,0.037266,0,0.026048,0.264217,0.084723,0.036807
285717,0.03264,0,0.026001,0.084512,0.167945,0.044064
285734,0.087717,0,0.09131,0.208854,0.193119,0.049821
285782,0.038459,0,0.033409,0.11559,0.103565,0.04149
285788,0.089062,0,0.092499,0.20762,0.150354,0.053452
285799,0.026987,0,0.020725,0.101888,0.033589,0.036544
285872,0.071288,0,0.070347,0.105618,0.172047,0.065781
285900,0.096644,0,0.098843,0.310205,0.185154,0.047859
285921,0.037518,0,0.022209,0.332839,0.122143,0.038901
285922,0.045597,0,0.029334,0.415866,0.141012,0.036807
285926,0.038536,0,0.029682,0.183431,0.10869,0.043365
285928,0.06655,0,0.058766,0.333497,0.117232,0.046169
285946,0.292048,0,0.320172,0.854674,0.596221,0.079044
285975,0.067842,0,0.063064,0.273982,0.104529,0.047622
285984,0.377025,1,0.414435,0.796266,0.777537,0.15262
285987,0.075642,1,0.077976,0.180462,0.099411,0.047622
285999,0.044839,0,0.021622,0.526073,0.08113,0.043578
286015,0.047892,0,0.046874,0.059643,0.119875,0.047515
286029,0.367671,0,0.405811,0.867351,0.429208,0.135783
286032,0.025746,0,0.015493,0.146482,0.12245,0.039307
286034,0.261507,0,0.302409,0.520349,0.505637,0.057283
286063,0.052038,0,0.050351,0.110181,0.086088,0.046916
286092,0.040446,0,0.028693,0.262438,0.039799,0.044208
286105,0.037121,0,0.025846,0.220485,0.067573,0.045139
286106,0.043395,0,0.023937,0.446996,0.091235,0.041798
286137,0.04945,0,0.037005,0.364261,0.13295,0.036807
286139,0.052032,1,0.040241,0.376918,0.087022,0.036544
286141,0.067312,0,0.059162,0.348435,0.139614,0.045139
286150,0.082617,0,0.08864,0.04195,0.14832,0.065781
286156,0.024541,0,0.012648,0.158188,0.07226,0.04324
286162,0.0784,0,0.075726,0.13677,0.18785,0.074753
286165,0.014518,0,0.004423,0.082897,0.112861,0.036807
286171,0.032431,0,0.03017,0.051564,0.061338,0.036544
286181,0.122161,0,0.121733,0.320006,0.236876,0.085145
286193,0.277438,0,0.310486,0.688539,0.582671,0.073291
286206,0.035363,0,0.017606,0.333779,0.123329,0.045139
286211,0.050986,0,0.046445,0.083429,0.100178,0.060569
286219,0.038404,0,0.030285,0.214955,0.042768,0.036721
286222,0.105272,0,0.11098,0.292003,0.218949,0.047612
286225,0.04687,0,0.037645,0.291444,0.071511,0.036544
286234,0.059073,0,0.04724,0.430321,0.055651,0.036544
286246,0.096568,0,0.076916,0.715341,0.315651,0.052395
286251,0.072988,0,0.073223,0.247453,0.135872,0.039167
286256,0.062268,0,0.066944,0.085959,0.067868,0.040606
286264,0.064286,0,0.062745,0.216197,0.216486,0.038533
286286,0.097897,0,0.105953,0.247688,0.178126,0.039108
286293,0.112205,0,0.103738,0.592938,0.25932,0.053421
286305,0.03438,0,0.028073,0.143418,0.092728,0.036544
286326,0.044769,0,0.04156,0.152126,0.076424,0.036544
286329,0.070886,0,0.051657,0.652795,0.120079,0.036544
286331,0.10615,0,0.085089,0.785668,0.363104,0.055258
286341,0.041531,0,0.042724,0.03768,0.086375,0.036544
286349,0.092286,0,0.088504,0.384532,0.19092,0.051248
286364,0.116403,0,0.131855,0.230916,0.12539,0.038615
286369,0.069437,0,0.049496,0.593135,0.136494,0.047622
286370,0.052353,0,0.046502,0.231718,0.127321,0.039796
286376,0.078339,0,0.077624,0.259125,0.205638,0.04508
286419,0.048894,0,0.042057,0.198192,0.131339,0.045139
286421,0.053638,0,0.050379,0.1588,0.11536,0.045139
286431,0.505823,0,0.615462,0.694127,0.801043,0.058881
286444,0.034885,0,0.026444,0.200257,0.033845,0.036544
286465,0.31477,0,0.365535,0.653556,0.592603,0.058881
286475,0.070178,0,0.064646,0.290132,0.192202,0.047859
286476,0.330136,0,0.35211,0.89575,0.703567,0.137352
286479,0.044396,0,0.03374,0.232802,0.132026,0.047612
286500,0.04509,1,0.043006,0.134582,0.054106,0.036544
286503,0.056322,0,0.049015,0.168315,0.219313,0.058689
286528,0.057603,0,0.055571,0.118236,0.067018,0.054007
286532,0.022052,0,0.011439,0.14114,0.133949,0.036807
286543,0.070037,0,0.066213,0.197231,0.088873,0.0609
286564,0.357821,0,0.386463,0.885721,0.666242,0.148989
286583,0.074819,0,0.066223,0.331918,0.143443,0.058689
286587,0.055304,0,0.051243,0.167166,0.150871,0.047612
286592,0.344315,0,0.405696,0.62216,0.701226,0.057869
286601,0.045003,0,0.022159,0.568017,0.023252,0.036544
286604,0.0382,0,0.028096,0.258041,0.027406,0.036544
286606,0.05263,0,0.047763,0.175615,0.112973,0.046925
286616,0.048487,0,0.041149,0.236003,0.104092,0.04051
286623,0.037882,0,0.029109,0.188884,0.111507,0.041224
286666,0.290774,0,0.335525,0.613226,0.60882,0.058881
286689,0.228087,1,0.238691,0.805911,0.46523,0.078971
286694,0.164696,0,0.165188,0.585165,0.512294,0.077921
286700,0.030083,0,0.020318,0.134531,0.113076,0.045139
286708,0.030942,0,0.013723,0.356513,0.024666,0.036544
286724,0.039862,0,0.034012,0.177897,0.049107,0.036544
286731,0.04058,0,0.026613,0.286781,0.147969,0.045139
286757,0.092133,1,0.080822,0.551025,0.230162,0.048013
286763,0.036152,0,0.031357,0.126959,0.072532,0.036608
286764,0.099504,0,0.096512,0.304145,0.257711,0.069518
286765,0.067605,1,0.058921,0.265312,0.189706,0.0609
286767,0.075809,0,0.077477,0.14386,0.126587,0.056052
286768,0.036156,0,0.012052,0.480966,0.123405,0.04324
286773,0.049608,0,0.050185,0.107606,0.069747,0.036544
286779,0.059244,0,0.060686,0.133639,0.118336,0.038957
286780,0.042656,0,0.042661,0.063353,0.127361,0.036544
286793,0.08422,0,0.082544,0.277362,0.140748,0.054304
286796,0.049477,0,0.04079,0.239848,0.134717,0.045139
286802,0.052522,0,0.0499,0.15881,0.173343,0.039796
286803,0.03201,0,0.026304,0.100523,0.040299,0.040606
286822,0.037189,0,0.026502,0.19203,0.173612,0.045139
286839,0.056899,0,0.0601,0.067027,0.038615,0.043781
286843,0.033521,0,0.020221,0.271719,0.149392,0.036807
286862,0.035638,0,0.021836,0.316073,0.028154,0.036721
286898,0.039368,0,0.022755,0.340088,0.145656,0.04399
286903,0.042947,0,0.039299,0.052563,0.173251,0.051017
286917,0.035398,0,0.025523,0.205562,0.126157,0.038901
286937,0.051649,0,0.052097,0.121942,0.083155,0.036544
286950,0.085208,0,0.095761,0.109418,0.159858,0.039796
286952,0.026128,0,0.014847,0.166259,0.1509,0.039226
286962,0.06492,0,0.069209,0.072897,0.282789,0.04149
286968,0.074786,0,0.07359,0.310253,0.095583,0.036544
286994,0.042516,0,0.029169,0.281286,0.184337,0.045139
287001,0.037192,0,0.032046,0.097713,0.113962,0.043215
287010,0.070738,0,0.064759,0.354049,0.155748,0.039796
287038,0.468129,0,0.5319,0.939588,0.792864,0.13917
287045,0.084742,0,0.070979,0.558536,0.175012,0.048366
287047,0.036642,0,0.036423,0.040051,0.047252,0.036544
287055,0.033702,0,0.03061,0.055577,0.055168,0.040606
287057,0.040264,0,0.035323,0.081918,0.099358,0.0494
287082,0.087434,0,0.082163,0.321303,0.236444,0.0609
287095,0.056394,0,0.054232,0.112493,0.098624,0.053159
287102,0.050256,0,0.034123,0.451327,0.098864,0.036807
287116,0.399328,1,0.441646,0.894662,0.524962,0.150971
287134,0.055065,0,0.051215,0.235328,0.073815,0.036544
287137,0.217046,1,0.232811,0.695882,0.456214,0.0665
287141,0.307722,1,0.349738,0.681497,0.544887,0.079044
287146,0.035389,0,0.029691,0.052949,0.157216,0.049853
287156,0.034294,0,0.028869,0.097881,0.086607,0.04149
287157,0.135255,0,0.150131,0.2098,0.30002,0.062334
287161,0.039952,0,0.035724,0.11534,0.061541,0.04149
287167,0.037209,0,0.026377,0.266681,0.02557,0.036544
287172,0.037657,0,0.032163,0.121415,0.090532,0.04149
287185,0.032035,0,0.030125,0.046818,0.028611,0.036544
287201,0.311386,0,0.349784,0.525877,0.710468,0.119955
287206,0.032995,0,0.029702,0.049146,0.060607,0.04149
287214,0.068447,0,0.07284,0.15016,0.106568,0.036544
287234,0.064265,0,0.04999,0.374854,0.217113,0.057173
287245,0.35707,0,0.406589,0.847112,0.624856,0.079044
287255,0.033865,0,0.030298,0.086304,0.073715,0.036544
287260,0.479144,0,0.578969,0.712978,0.825165,0.058881
287268,0.050891,0,0.043905,0.245541,0.146002,0.039226
287269,0.072594,0,0.077955,0.073717,0.074763,0.052533
287272,0.063215,0,0.066062,0.060192,0.124937,0.051496
287273,0.055875,0,0.060601,0.065971,0.058393,0.036544
287288,0.080699,0,0.064838,0.595307,0.177336,0.044599
287295,0.105797,0,0.097405,0.528015,0.250872,0.057251
287328,0.078714,0,0.075912,0.290647,0.151363,0.04914
287333,0.03352,0,0.027159,0.138609,0.091137,0.036608
287348,0.023192,0,0.013235,0.131613,0.157137,0.036807
287375,0.383993,0,0.425108,0.900129,0.66755,0.131896
287390,0.045971,0,0.044981,0.088811,0.063079,0.04149
287392,0.039623,0,0.036524,0.11276,0.091239,0.036544
287423,0.029278,0,0.021083,0.105081,0.059799,0.045139
287451,0.574098,0,0.705474,0.618014,0.774322,0.075359
287452,0.0373,0,0.021241,0.323966,0.146724,0.042296
287472,0.045781,0,0.041162,0.164168,0.052791,0.04149
287478,0.054674,0,0.04483,0.192542,0.076488,0.065781
287500,0.061218,0,0.058118,0.093675,0.09972,0.065781
287527,0.059479,0,0.058016,0.050612,0.083695,0.065781
287530,0.042914,0,0.041451,0.042448,0.158182,0.045139
287544,0.033719,0,0.014754,0.379383,0.17754,0.037934
287547,0.028789,0,0.023355,0.094215,0.050943,0.036544
287574,0.06131,0,0.058433,0.225312,0.16162,0.039796
287631,0.046328,0,0.042499,0.1487,0.1054,0.04051
287632,0.041076,0,0.033892,0.211306,0.063988,0.036544
287636,0.026826,0,0.019524,0.123434,0.026504,0.036544
287665,0.360297,0,0.415907,0.740225,0.642304,0.079044
287695,0.037716,0,0.026169,0.24671,0.046054,0.042787
287700,0.045219,0,0.039411,0.189962,0.052299,0.040606
287706,0.02428,0,0.016523,0.050215,0.097639,0.046219
287726,0.051793,0,0.055988,0.038818,0.125031,0.036544
287746,0.048569,0,0.031965,0.443132,0.100253,0.037934
287762,0.097363,0,0.104392,0.189146,0.152093,0.053452
287769,0.035446,0,0.034129,0.059701,0.01532,0.036544
287772,0.075984,0,0.082968,0.091079,0.226291,0.04324
287783,0.319085,0,0.36516,0.747127,0.798207,0.058881
287784,0.035247,0,0.02519,0.187262,0.093577,0.043581
287805,0.054738,0,0.049719,0.200894,0.126233,0.045139
287817,0.052444,0,0.056271,0.050151,0.129352,0.036544
287823,0.040122,0,0.038301,0.033041,0.145247,0.045139
287826,0.030963,0,0.027568,0.066514,0.050058,0.036608
287846,0.057739,0,0.052659,0.178272,0.111177,0.053452
287878,0.299049,0,0.342872,0.580456,0.577158,0.079044
287892,0.076087,0,0.081543,0.050847,0.138171,0.058689
287924,0.054443,0,0.05022,0.212569,0.124863,0.039796
287926,0.264168,0,0.293043,0.658605,0.546966,0.079044
287932,0.026718,0,0.014104,0.198306,0.067768,0.04149
287945,0.031061,0,0.02828,0.055135,0.048285,0.036544
287947,0.29095,0,0.331505,0.611495,0.641801,0.073966
287954,0.028283,0,0.020456,0.110044,0.066978,0.04149
287956,0.034163,0,0.021929,0.269255,0.060085,0.036608
287958,0.19353,0,0.199286,0.781997,0.592989,0.055829
287960,0.039545,0,0.035682,0.105611,0.142108,0.039108
287966,0.075781,0,0.051797,0.777666,0.161005,0.036544
287973,0.045332,0,0.04188,0.076108,0.04706,0.052533
287980,0.275797,0,0.291892,0.994325,0.591314,0.079044
287982,0.029314,0,0.026922,0.034087,0.055905,0.036544
288006,0.038268,0,0.034166,0.068307,0.143387,0.04508
288044,0.029554,0,0.022792,0.126209,0.054899,0.036544
288061,0.303543,0,0.331038,0.916125,0.709454,0.081058
288073,0.048793,0,0.036777,0.308912,0.103858,0.045139
288074,0.05849,0,0.053171,0.242937,0.060009,0.045139
288088,0.305141,0,0.348407,0.647648,0.485429,0.079044
288100,0.034291,0,0.031543,0.050289,0.121718,0.039108
288112,0.057673,0,0.057044,0.08349,0.212024,0.051017
288132,0.038217,0,0.035027,0.058678,0.080725,0.045139
288139,0.068006,0,0.073103,0.132735,0.105849,0.036544
288140,0.024601,0,0.016982,0.082564,0.116079,0.039796
288141,0.027391,0,0.016403,0.171364,0.114209,0.039796
288148,0.101067,0,0.09553,0.437192,0.199103,0.058689
288154,0.053492,0,0.054508,0.033253,0.119235,0.051496
288175,0.039928,0,0.035824,0.091313,0.066939,0.045139
288181,0.114959,0,0.127231,0.272897,0.172154,0.039796
288186,0.069468,0,0.050818,0.58299,0.12106,0.045139
288193,0.044325,0,0.034001,0.223276,0.149282,0.047515
288220,0.281104,0,0.328014,0.392144,0.597984,0.079044
288233,0.03975,0,0.036304,0.099603,0.084852,0.04051
288248,0.053306,0,0.042032,0.349824,0.070128,0.04149
288260,0.042657,0,0.030905,0.317199,0.059048,0.036544
288294,0.03567,0,0.030574,0.08444,0.058347,0.045139
288296,0.045771,0,0.033297,0.345695,0.10399,0.036608
288302,0.039697,0,0.037681,0.0583,0.12209,0.04149
288305,0.288794,0,0.317864,0.799391,0.722837,0.077921
288319,0.052966,0,0.043088,0.293998,0.159639,0.043365
288349,0.299417,0,0.357687,0.372686,0.73171,0.058881
288352,0.330767,0,0.37761,0.739487,0.531778,0.079044
288366,0.05267,0,0.049036,0.078545,0.084449,0.060569
288367,0.066956,0,0.061276,0.199348,0.186353,0.0609
288376,0.036497,0,0.034399,0.086241,0.151045,0.03212
288385,0.035,0,0.029211,0.108609,0.096505,0.04149
288390,0.231929,0,0.251212,0.750645,0.608849,0.057367
288441,0.02597,0,0.017625,0.136241,0.045311,0.036544
288444,0.045168,0,0.025257,0.445788,0.11555,0.045139
288477,0.032398,0,0.025421,0.152979,0.035252,0.036544
288483,0.041858,0,0.031305,0.254605,0.120154,0.040606
288486,0.051457,0,0.045471,0.171087,0.169164,0.048864
288488,0.043143,0,0.040093,0.108641,0.145985,0.039796
288510,0.107442,0,0.08751,0.662749,0.318257,0.07588
288523,0.048377,0,0.049454,0.069124,0.104436,0.039108
288529,0.050243,0,0.046667,0.09715,0.107383,0.053452
288531,0.034723,0,0.031145,0.091216,0.097857,0.036057
288592,0.066756,0,0.050138,0.476184,0.120761,0.053452
288594,0.247176,0,0.26922,0.840769,0.46343,0.053579
288621,0.089093,0,0.079443,0.510984,0.13758,0.047983
288625,0.026415,0,0.020811,0.05149,0.151006,0.039108
288631,0.044325,0,0.028704,0.398345,0.113604,0.036807
288638,0.033483,0,0.027258,0.113188,0.143929,0.039108
288641,0.044672,0,0.044632,0.051804,0.117302,0.04149
288642,0.058454,0,0.051714,0.211237,0.150297,0.053452
288650,0.081709,0,0.066966,0.568783,0.265685,0.04393
288665,0.253225,0,0.291546,0.493841,0.703161,0.055969
288670,0.036149,0,0.019562,0.302341,0.109326,0.047782
288671,0.038723,0,0.027719,0.230856,0.118828,0.042772
288674,0.288317,0,0.324692,0.642004,0.702949,0.079044
288676,0.048736,0,0.037721,0.281326,0.106828,0.046219
288703,0.32741,0,0.37504,0.728589,0.568124,0.073001
288729,0.05469,0,0.055101,0.072085,0.144853,0.047515
288746,0.287583,0,0.318867,0.831559,0.583638,0.066467
288794,0.029785,0,0.024633,0.097783,0.034098,0.036544
288798,0.179261,0,0.214416,0.181201,0.230806,0.047612
288807,0.040619,0,0.039715,0.05376,0.183313,0.037573
288811,0.064556,0,0.063928,0.133267,0.160632,0.05188
288838,0.035127,0,0.0301,0.072202,0.103341,0.045139
288855,0.035266,0,0.02669,0.164833,0.116706,0.04149
288859,0.033016,0,0.030843,0.049558,0.087581,0.036544
288875,0.08784,0,0.086526,0.319354,0.20604,0.047983
288884,0.047476,0,0.042905,0.198081,0.079556,0.036544
288896,0.330945,0,0.390308,0.624421,0.655464,0.050075
288898,0.066834,0,0.060932,0.309861,0.136479,0.04324
288908,0.056366,0,0.049968,0.236495,0.15089,0.045139
288910,0.34115,0,0.381853,0.920873,0.630701,0.079044
288913,0.017877,0,0.008234,0.09489,0.1214,0.036807
288917,0.055179,0,0.05357,0.125195,0.177965,0.045139
288941,0.052386,0,0.047176,0.24673,0.065186,0.036544
288942,0.06524,1,0.061613,0.197393,0.12079,0.053452
288962,0.046161,0,0.039718,0.180899,0.072584,0.045139
288992,0.117272,0,0.102075,0.71241,0.463181,0.057283
288996,0.320957,0,0.36215,0.76507,0.689337,0.079044
288997,0.059534,0,0.048324,0.348519,0.168491,0.046219
289006,0.030138,0,0.023663,0.119784,0.082968,0.036544
289019,0.02588,0,0.014172,0.196726,0.089117,0.036807
289040,0.061203,0,0.067169,0.042762,0.11387,0.040971
289047,0.038543,0,0.02425,0.283145,0.126654,0.045139
289059,0.02566,0,0.019677,0.087959,0.028668,0.036544
289086,0.066004,0,0.042147,0.648623,0.238585,0.045139
289088,0.11511,0,0.105014,0.421195,0.293041,0.092676
289098,0.029976,0,0.007178,0.449397,0.116053,0.036807
289113,0.290407,0,0.331687,0.734843,0.599184,0.049801
289126,0.448069,0,0.546087,0.584291,0.548025,0.058881
289127,0.377195,0,0.429952,0.914382,0.635843,0.079044
289149,0.053798,0,0.039634,0.411974,0.082553,0.041303
289154,0.07985,0,0.077123,0.239553,0.1752,0.058689
289168,0.071438,0,0.073486,0.088192,0.148912,0.058689
289180,0.028761,0,0.023312,0.053894,0.086214,0.042772
289190,0.044599,0,0.031365,0.362793,0.047447,0.036544
289203,0.095367,0,0.078753,0.671209,0.253282,0.049376
289214,0.363552,0,0.39571,0.933465,0.611758,0.135928
289215,0.034095,0,0.025686,0.188052,0.070779,0.036608
289247,0.083552,0,0.067103,0.596613,0.202323,0.049275
289256,0.178327,0,0.19701,0.309735,0.444252,0.078323
289258,0.050875,0,0.052114,0.03774,0.174902,0.045139
289260,0.049742,0,0.042386,0.207197,0.178408,0.045139
289263,0.134877,0,0.138191,0.512999,0.239246,0.052125
289275,0.041328,0,0.030104,0.257575,0.068867,0.043365
289278,0.027068,0,0.014186,0.207634,0.138766,0.039226
289284,0.054738,0,0.04627,0.312051,0.143686,0.037522
289293,0.428186,1,0.513317,0.692009,0.701844,0.058881
289307,0.057439,0,0.055595,0.090053,0.14127,0.056052
289312,0.06366,0,0.051804,0.402784,0.12436,0.045139
289313,0.244459,1,0.25684,0.889805,0.576061,0.074043
289316,0.076529,0,0.082815,0.122621,0.140085,0.043278
289327,0.073637,0,0.067412,0.278917,0.280219,0.054107
289338,0.058064,0,0.060783,0.10839,0.096772,0.037934
289350,0.053391,0,0.029935,0.50423,0.12208,0.057528
289355,0.047575,0,0.030319,0.473203,0.07152,0.034581
289356,0.323826,1,0.386469,0.460224,0.649286,0.058881
289364,0.044302,0,0.046196,0.045699,0.062523,0.036544
289365,0.029205,0,0.024027,0.062853,0.058562,0.04149
289374,0.041974,0,0.037885,0.134091,0.102649,0.038901
289380,0.056519,0,0.054205,0.188995,0.113011,0.039796
289393,0.043285,0,0.029211,0.294805,0.139158,0.047612
289404,0.026447,0,0.022033,0.05558,0.06179,0.036544
289409,0.062068,0,0.064956,0.114627,0.140443,0.039796
289413,0.041893,0,0.036323,0.183257,0.06538,0.036544
289421,0.109611,0,0.123756,0.198123,0.171779,0.039796
289424,0.032494,0,0.018658,0.331922,0.056443,0.029418
289426,0.069807,0,0.063398,0.260316,0.132196,0.057674
289470,0.07012,0,0.066187,0.289939,0.14095,0.043365
289497,0.030388,0,0.029203,0.021465,0.023809,0.036544
289501,0.043908,0,0.034005,0.235423,0.083739,0.045139
289506,0.066433,0,0.051953,0.481132,0.090413,0.045139
289582,0.046368,0,0.035455,0.302827,0.189361,0.036807
289587,0.059298,0,0.051386,0.285389,0.18383,0.044599
289590,0.321829,0,0.367318,0.699265,0.581171,0.079044
289609,0.058616,0,0.061198,0.060973,0.254486,0.04312
289611,0.316772,0,0.338196,0.925379,0.56653,0.121836
289613,0.050553,0,0.041879,0.312272,0.025249,0.036544
289614,0.036299,0,0.026233,0.244503,0.026788,0.036544
289621,0.153909,0,0.167736,0.404313,0.447348,0.049801
289663,0.076725,0,0.078433,0.165941,0.112852,0.053452
289668,0.053441,0,0.052941,0.123293,0.100046,0.04149
289709,0.175798,0,0.175112,0.757895,0.721964,0.058881
289717,0.398026,0,0.468386,0.693019,0.624475,0.079044
289733,0.046288,0,0.030905,0.368288,0.061488,0.045139
289745,0.050092,0,0.048614,0.10862,0.119533,0.043131
289749,0.070287,0,0.04506,0.650716,0.352596,0.051767
289777,0.028739,0,0.021143,0.139387,0.045786,0.036544
289780,0.136424,0,0.13097,0.458783,0.370417,0.092353
289796,0.08789,0,0.083732,0.394215,0.194572,0.045499
289808,0.080082,0,0.082075,0.253365,0.149471,0.039796
289821,0.028107,0,0.019802,0.148326,0.054902,0.036544
289836,0.046875,0,0.037753,0.239302,0.083902,0.045139
289841,0.354267,0,0.405044,0.799651,0.640725,0.079044
289849,0.35604,0,0.401219,0.93329,0.603171,0.079044
289855,0.049182,0,0.044717,0.191773,0.087583,0.039108
289857,0.408182,0,0.450548,0.942158,0.773694,0.145958
289864,0.014661,0,0.004916,0.073155,0.134756,0.036807
289865,0.08408,0,0.078676,0.341026,0.290551,0.052288
289894,0.450615,0,0.534103,0.808012,0.566535,0.075118
289904,0.150029,1,0.146376,0.71447,0.477688,0.053404
289912,0.474141,0,0.57121,0.756354,0.697441,0.058881
289925,0.03328,0,0.025827,0.162651,0.073843,0.036544
289934,0.066036,0,0.056526,0.378883,0.137538,0.04324
289937,0.031587,0,0.023389,0.13062,0.081092,0.042772
289955,0.077385,0,0.077373,0.306734,0.074136,0.036544
289973,0.046029,0,0.035842,0.253798,0.095344,0.045139
289978,0.047674,0,0.027478,0.479902,0.077045,0.044208
289988,0.043729,0,0.045089,0.053728,0.05698,0.036544
290001,0.040069,0,0.032823,0.185734,0.1,0.039108
290009,0.229557,0,0.2718,0.301045,0.291615,0.059005
290013,0.040136,0,0.029431,0.245565,0.152296,0.039796
290070,0.044456,0,0.021813,0.550576,0.103809,0.035976
290072,0.086589,0,0.085148,0.332009,0.167261,0.04578
290112,0.078997,0,0.085935,0.109457,0.1395,0.046218
290130,0.275567,0,0.294357,0.945835,0.535971,0.079044
290132,0.076376,0,0.062626,0.566757,0.30765,0.033003
290167,0.032376,0,0.025141,0.156566,0.045239,0.036544
290207,0.074689,0,0.061022,0.526084,0.206803,0.040777
290231,0.057349,0,0.040225,0.430052,0.176851,0.050623
290245,0.230302,1,0.245099,0.883684,0.552246,0.049801
290282,0.057396,0,0.03277,0.611143,0.208477,0.045139
290306,0.058824,0,0.038759,0.602657,0.031164,0.036544
290308,0.032638,0,0.019715,0.267411,0.089752,0.036807
290317,0.055413,0,0.044676,0.342441,0.161367,0.040788
290328,0.11456,0,0.133897,0.045705,0.165421,0.054007
290336,0.303483,0,0.320187,0.966706,0.641245,0.113732
290355,0.078337,0,0.063712,0.370134,0.35472,0.0724
290365,0.040253,0,0.039265,0.075053,0.080663,0.036544
290369,0.279321,1,0.283206,0.944925,0.580949,0.137512
290372,0.072439,0,0.06645,0.268299,0.103341,0.058689
290375,0.608484,0,0.740912,0.805429,0.815599,0.078323
290388,0.064729,0,0.049545,0.537762,0.055759,0.036544
290392,0.087647,0,0.088803,0.300259,0.148479,0.043668
290418,0.091876,0,0.068185,0.491463,0.263063,0.10314
290422,0.19052,0,0.19131,0.774936,0.58998,0.071883
290424,0.310493,0,0.336919,0.809983,0.733597,0.111678
290432,0.063298,0,0.042608,0.585283,0.118772,0.04488
290436,0.043238,0,0.033036,0.202882,0.149074,0.0494
290441,0.077299,0,0.082568,0.092509,0.136301,0.053452
290442,0.031768,0,0.028737,0.055816,0.106737,0.036544
290446,0.089627,0,0.079065,0.430666,0.153179,0.065906
290459,0.059639,0,0.054203,0.260824,0.149725,0.041224
290463,0.070848,0,0.07726,0.130687,0.068303,0.036544
290480,0.304284,0,0.350411,0.660591,0.706396,0.058881
290515,0.134833,0,0.124853,0.482299,0.360561,0.103224
290516,0.038304,0,0.027549,0.222732,0.165067,0.04149
290517,0.037163,0,0.027404,0.240178,0.050871,0.036544
290518,0.033402,0,0.020017,0.257788,0.157925,0.039226
290520,0.326891,0,0.354906,0.890734,0.672731,0.112893
290524,0.044666,0,0.044815,0.064355,0.178752,0.036807
290548,0.041912,0,0.03657,0.184448,0.028865,0.036544
290574,0.028716,0,0.023446,0.082709,0.095345,0.036648
290580,0.279382,0,0.303376,0.848512,0.633908,0.079044
290590,0.030797,0,0.02165,0.148838,0.181519,0.039226
290594,0.031059,0,0.024376,0.079974,0.058684,0.046219
290655,0.053663,0,0.041297,0.369792,0.18604,0.039108
290676,0.050598,0,0.046894,0.15497,0.13061,0.043365
290682,0.034646,0,0.019462,0.371209,0.054035,0.030045
290707,0.221319,0,0.236361,0.788505,0.650799,0.052272
290731,0.082293,0,0.089098,0.150644,0.213827,0.041224
290760,0.039397,0,0.015538,0.507894,0.075602,0.042787
290768,0.235197,0,0.246147,0.675482,0.663869,0.103963
290779,0.046437,0,0.044511,0.115364,0.072018,0.04051
290788,0.489758,0,0.609075,0.389776,0.774391,0.058881
290798,0.057756,0,0.05821,0.091717,0.230079,0.045139
290809,0.040214,0,0.032171,0.197803,0.0846,0.04051
290815,0.469078,0,0.54207,0.677158,0.811653,0.15262
290821,0.108082,0,0.113839,0.237734,0.205405,0.0609
290838,0.028752,0,0.012593,0.297977,0.113434,0.037934
290839,0.045508,0,0.033116,0.286757,0.152777,0.045139
290850,0.285074,0,0.314497,0.783828,0.576572,0.079044
290851,0.325731,0,0.345553,0.967838,0.552762,0.13137
290859,0.217931,0,0.233807,0.707573,0.674892,0.058881
290870,0.039678,0,0.038218,0.039459,0.16764,0.04149
290887,0.045282,0,0.034221,0.289298,0.137686,0.039922
290918,0.044462,0,0.045107,0.037753,0.107659,0.04149
290925,0.301804,0,0.32233,0.678307,0.582255,0.150788
290928,0.343289,1,0.386593,0.885707,0.604451,0.079044
290963,0.3361,0,0.355054,0.954457,0.481334,0.151501
290996,0.53034,1,0.638185,0.806562,0.788747,0.075359
290997,0.061502,0,0.055954,0.222772,0.30763,0.046219
291012,0.040307,0,0.026252,0.368282,0.069726,0.032783
291015,0.167113,0,0.160768,0.758276,0.551764,0.074043
291025,0.286659,0,0.294606,0.907002,0.654255,0.136072
291027,0.43025,1,0.512234,0.756947,0.790596,0.058881
291030,0.032062,0,0.017044,0.318903,0.022767,0.036544
291034,0.082516,0,0.079011,0.248245,0.277319,0.06034
291049,0.030853,0,0.024576,0.098363,0.139493,0.038901
291054,0.391812,0,0.467457,0.622813,0.82555,0.058881
291059,0.310038,0,0.346462,0.79185,0.676961,0.079044
291060,0.046431,0,0.03509,0.340713,0.061483,0.03531
291073,0.034389,0,0.028668,0.075575,0.136743,0.045267
291081,0.040017,0,0.033326,0.197369,0.04261,0.036544
291082,0.049469,0,0.025394,0.642413,0.075888,0.031695
291088,0.042127,0,0.036022,0.10757,0.188839,0.048831
291119,0.327588,1,0.384239,0.586172,0.796631,0.058881
291137,0.059691,0,0.05057,0.34406,0.122702,0.040788
291143,0.037423,0,0.038077,0.025492,0.05847,0.036544
291146,0.022086,0,0.008875,0.181529,0.113861,0.039796
291156,0.048213,0,0.039879,0.248176,0.146325,0.04049
291157,0.334334,1,0.370839,0.693931,0.742589,0.123709
291159,0.055932,0,0.053379,0.1609,0.084446,0.045799
291161,0.12651,0,0.123479,0.551849,0.233193,0.058689
291162,0.067758,0,0.052631,0.440841,0.196261,0.053333
291176,0.047167,0,0.037688,0.241734,0.127593,0.045139
291177,0.039762,0,0.034034,0.155245,0.134699,0.037601
291178,0.046203,0,0.02726,0.428721,0.141,0.045139
291191,0.083973,0,0.078763,0.350271,0.131091,0.054304
291192,0.048013,0,0.031237,0.459285,0.039759,0.036721
291201,0.382702,1,0.441192,0.832879,0.637109,0.079044
291235,0.048051,0,0.049167,0.088298,0.054928,0.036544
291255,0.369844,0,0.439741,0.498137,0.713429,0.079044
291266,0.362958,0,0.424171,0.623635,0.760813,0.079044
291278,0.18117,0,0.185776,0.684225,0.549498,0.063859
291284,0.338398,0,0.387389,0.700915,0.749266,0.081058
291291,0.045431,0,0.039758,0.13823,0.114162,0.047859
291292,0.033061,0,0.025222,0.12111,0.073475,0.045139
291339,0.3282,1,0.393666,0.419356,0.725537,0.058881
291343,0.101631,0,0.102437,0.399122,0.221087,0.042122
291351,0.395741,0,0.477186,0.54486,0.728281,0.058881
291365,0.056395,0,0.060081,0.085385,0.09376,0.036544
291366,0.036516,0,0.025075,0.151471,0.124823,0.055734
291371,0.23586,0,0.252677,0.844453,0.508927,0.057283
291385,0.293853,0,0.326698,0.689284,0.541342,0.094886
291401,0.026975,0,0.016005,0.199037,0.034156,0.036544
291410,0.252929,0,0.27689,0.787544,0.431449,0.063859
291413,0.363129,0,0.420054,0.743482,0.570969,0.079044
291415,0.395848,0,0.479976,0.48319,0.772092,0.058881
291424,0.299352,0,0.315988,0.817831,0.453274,0.140916
291432,0.385487,0,0.442226,0.870563,0.74645,0.079044
291484,0.024288,0,0.018747,0.069438,0.029391,0.036544
291486,0.039982,0,0.037963,0.0656,0.088567,0.04149
291516,0.098753,0,0.094261,0.429501,0.27888,0.051151
291519,0.083266,0,0.087454,0.086663,0.133131,0.065781
291548,0.061981,0,0.054161,0.30602,0.136931,0.045139
291552,0.073119,0,0.071875,0.198932,0.105973,0.054304
291574,0.372978,0,0.447339,0.55955,0.589051,0.058881
291576,0.066007,0,0.061889,0.256523,0.137997,0.045139
291583,0.329441,0,0.377287,0.708058,0.564232,0.078436
291593,0.053448,0,0.052088,0.115091,0.27381,0.041224
291595,0.057786,0,0.057635,0.041545,0.081783,0.060569
291601,0.041943,0,0.025155,0.396138,0.138353,0.037934
291610,0.076368,0,0.071737,0.326202,0.119192,0.047622
291612,0.058585,0,0.050311,0.355392,0.04333,0.036544
291622,0.06925,0,0.056797,0.512433,0.052066,0.036544
291632,0.065688,0,0.068488,0.049486,0.082281,0.057772
291658,0.331565,0,0.390018,0.607026,0.702303,0.055969
291661,0.059706,0,0.052176,0.308525,0.069307,0.042787
291664,0.089576,0,0.101835,0.054271,0.204404,0.047359
291668,0.052071,0,0.04818,0.132791,0.152945,0.049166
291673,0.107483,0,0.109841,0.309432,0.170794,0.0609
291687,0.050568,0,0.041772,0.31236,0.041246,0.036544
291724,0.048841,0,0.036986,0.362094,0.052781,0.036544
291751,0.085317,0,0.083443,0.328784,0.124791,0.047622
291760,0.041041,0,0.034167,0.1875,0.138278,0.037512
291789,0.080277,0,0.078841,0.251136,0.260627,0.049952
291792,0.485394,0,0.571249,0.720778,0.682978,0.12065
291805,0.05019,0,0.052595,0.048742,0.137139,0.039108
291806,0.033937,0,0.026816,0.167441,0.028323,0.036544
291812,0.280114,0,0.322294,0.634942,0.605753,0.051714
291834,0.050924,0,0.035212,0.457909,0.040102,0.036544
291839,0.03782,0,0.029097,0.199531,0.085491,0.039796
291850,0.051506,0,0.037114,0.36915,0.215612,0.043268
291856,0.076523,0,0.077754,0.231564,0.097985,0.043668
291864,0.055308,0,0.037809,0.452426,0.191254,0.045139
291883,0.256797,1,0.256997,0.889628,0.352954,0.140268
291891,0.112764,0,0.126045,0.150126,0.175282,0.05527
291893,0.404796,0,0.456634,0.806648,0.670836,0.134011
291898,0.031779,0,0.018712,0.220385,0.077236,0.045058
291900,0.078596,0,0.074453,0.178386,0.117292,0.074974
291901,0.03351,0,0.020519,0.266245,0.143171,0.036807
291903,0.042884,0,0.044524,0.042402,0.055912,0.036544
291907,0.119961,0,0.126284,0.433813,0.145889,0.039796
291911,0.059601,0,0.038399,0.630967,0.102324,0.034613
291922,0.05441,0,0.053022,0.084292,0.091101,0.053159
291934,0.074076,0,0.056955,0.374435,0.171005,0.080902
291938,0.050695,0,0.046756,0.184912,0.126912,0.039108
291953,0.227077,0,0.234983,0.854336,0.505756,0.077921
291954,0.063242,0,0.048189,0.460249,0.161048,0.045139
291956,0.030555,0,0.022787,0.124503,0.099432,0.04051
291959,0.088878,0,0.08926,0.242295,0.169594,0.057772
291979,0.045348,0,0.039903,0.151972,0.090232,0.045139
291984,0.317859,1,0.348442,0.69533,0.656543,0.127877
291989,0.041659,0,0.033955,0.213009,0.172738,0.035791
291996,0.030936,0,0.021532,0.226715,0.069634,0.029593
291998,0.050415,0,0.040964,0.319432,0.075547,0.036544
292003,0.113855,0,0.121493,0.319537,0.158827,0.047622
292005,0.454014,0,0.513997,0.917333,0.676178,0.143402
292014,0.105096,0,0.117721,0.206131,0.168637,0.038615
292033,0.053308,0,0.031942,0.590101,0.045015,0.036544
292034,0.447759,1,0.546622,0.525946,0.793003,0.058881
292040,0.030131,0,0.026382,0.042012,0.132621,0.038957
292048,0.043799,0,0.037061,0.190846,0.136327,0.039796
292057,0.283636,0,0.321544,0.685258,0.742806,0.058881
292069,0.034172,0,0.015944,0.386164,0.097699,0.036807
292070,0.061285,0,0.048171,0.426902,0.06787,0.044208
292071,0.3351,0,0.359182,0.898179,0.34029,0.145399
292084,0.049193,0,0.049539,0.073605,0.122177,0.04149
292091,0.188798,0,0.183269,0.898892,0.484881,0.073966
292092,0.32789,0,0.379263,0.61808,0.584386,0.079044
292095,0.02652,0,0.016381,0.177123,0.044703,0.036544
292098,0.099247,0,0.073921,0.824358,0.409178,0.054462
292120,0.075586,0,0.066521,0.432123,0.212503,0.04149
292124,0.035088,0,0.029618,0.116348,0.175304,0.036807
292126,0.065446,0,0.062583,0.247483,0.055282,0.043781
292147,0.026842,0,0.017398,0.144586,0.124118,0.037934
292149,0.044265,0,0.031732,0.298355,0.111937,0.04324
292150,0.072214,0,0.062263,0.479084,0.062514,0.036544
292155,0.065435,0,0.064686,0.138178,0.127397,0.053452
292164,0.079754,0,0.084982,0.136033,0.177882,0.047612
292166,0.051554,0,0.043468,0.249093,0.086399,0.045139
292170,0.268651,0,0.30056,0.647727,0.610522,0.073396
292171,0.043989,0,0.038164,0.13713,0.175677,0.045139
292174,0.085132,0,0.062921,0.719346,0.363568,0.045973
292187,0.042746,0,0.031823,0.245323,0.104804,0.045139
292198,0.030995,0,0.025765,0.055674,0.057909,0.045139
292222,0.328351,0,0.378254,0.738747,0.746647,0.058881
292237,0.107359,0,0.120703,0.218946,0.198311,0.035562
292239,0.042096,0,0.022763,0.432375,0.076805,0.042787
292256,0.039344,0,0.031705,0.162778,0.052305,0.045139
292264,0.298141,0,0.353438,0.449848,0.61394,0.057869
292271,0.085131,0,0.066071,0.675498,0.258491,0.045139
292274,0.040219,0,0.036874,0.099408,0.048342,0.04177
292282,0.079338,0,0.059183,0.561736,0.258493,0.062518
292292,0.31053,0,0.355644,0.732799,0.684879,0.057869
292300,0.022166,0,0.010708,0.147312,0.104562,0.039796
292326,0.065044,0,0.057098,0.33487,0.133199,0.044252
292338,0.051589,0,0.04779,0.185009,0.121814,0.039796
292349,0.043677,0,0.041216,0.084027,0.05849,0.045139
292360,0.033763,0,0.019393,0.268034,0.095348,0.04324
292374,0.092241,0,0.097219,0.160288,0.251112,0.057204
292375,0.038912,0,0.027566,0.211659,0.12167,0.047612
292380,0.345176,0,0.402187,0.727743,0.653414,0.057538
292387,0.246178,0,0.283816,0.4458,0.692307,0.058881
292400,0.08423,0,0.081334,0.234922,0.187637,0.065078
292411,0.351582,0,0.418418,0.551898,0.742824,0.057869
292438,0.076423,0,0.079845,0.048989,0.124705,0.06732
292449,0.051925,0,0.044077,0.274604,0.204574,0.036807
292452,0.212397,0,0.230564,0.549711,0.449478,0.078323
292464,0.225548,0,0.239989,0.810635,0.592765,0.057283
292465,0.350987,0,0.387709,0.668841,0.804416,0.145739
292468,0.225379,0,0.240265,0.6898,0.521394,0.079044
292507,0.046143,0,0.038801,0.224732,0.132831,0.038901
292525,0.025407,0,0.015178,0.155172,0.138458,0.036807
292531,0.048027,0,0.034095,0.11634,0.196468,0.083079
292550,0.05293,0,0.041941,0.320428,0.073503,0.045139
292577,0.053256,0,0.046003,0.300508,0.029371,0.036544
292588,0.040437,0,0.032916,0.213372,0.067674,0.036544
292599,0.088906,0,0.079062,0.394195,0.138649,0.06931
292610,0.435504,0,0.491335,0.806367,0.803589,0.15262
292630,0.03893,0,0.020596,0.426344,0.07002,0.036544
292647,0.040549,0,0.025669,0.30569,0.069666,0.047311
292649,0.020703,0,0.014664,0.038962,0.124676,0.036807
292700,0.10962,0,0.094371,0.631795,0.278243,0.067873
292705,0.049238,0,0.03579,0.355422,0.04887,0.044208
292725,0.046672,0,0.04714,0.068512,0.09079,0.039796
292731,0.043894,0,0.034432,0.25038,0.060037,0.04149
292735,0.042031,0,0.02859,0.31783,0.083418,0.041224
292736,0.411609,0,0.459148,0.898904,0.481109,0.146991
292746,0.039948,0,0.032651,0.143482,0.155329,0.045139
292749,0.03111,0,0.023996,0.107513,0.110464,0.04149
292774,0.056813,0,0.049091,0.276583,0.12766,0.044064
292776,0.036985,0,0.019131,0.355842,0.065813,0.045139
292790,0.373543,0,0.421266,0.64157,0.746436,0.138846
292806,0.174788,1,0.188409,0.550615,0.440935,0.049801
292821,0.032969,1,0.021047,0.220167,0.105905,0.04149
292823,0.090107,0,0.068401,0.70012,0.25343,0.056664
292833,0.402568,0,0.452025,0.822234,0.752298,0.135024
292837,0.053541,0,0.029271,0.598773,0.075504,0.045139
292839,0.051768,0,0.031198,0.487494,0.219691,0.045139
292884,0.062776,0,0.049573,0.476855,0.098613,0.036544
292885,0.055163,0,0.054414,0.068728,0.108201,0.054007
292890,0.057049,0,0.046807,0.377933,0.092324,0.036544
292913,0.038424,0,0.031667,0.158199,0.115716,0.039796
292936,0.027941,0,0.018565,0.171151,0.04354,0.036544
292962,0.042,0,0.036595,0.062343,0.150153,0.05527
292976,0.440561,0,0.544945,0.370481,0.746905,0.058881
292982,0.074392,0,0.07721,0.11818,0.139992,0.054304
292992,0.040017,0,0.024622,0.316424,0.123182,0.045139
293013,0.035529,0,0.025187,0.196676,0.091047,0.043365
293015,0.040855,0,0.028547,0.288792,0.059312,0.04149
293024,0.281467,0,0.305428,0.875646,0.555839,0.079044
293032,0.239087,0,0.264457,0.650646,0.697623,0.058881
293034,0.048253,0,0.033362,0.371078,0.06363,0.045139
293041,0.347491,0,0.389601,0.653813,0.703824,0.127148
293050,0.046558,0,0.025717,0.498794,0.088236,0.041552
293056,0.112184,0,0.111849,0.432314,0.179935,0.054304
293065,0.059027,0,0.037838,0.570531,0.085773,0.045139
293067,0.062878,0,0.06215,0.129748,0.13797,0.051496
293087,0.047798,0,0.028725,0.462848,0.176905,0.040432
293088,0.067925,0,0.071149,0.075296,0.092483,0.054007
293117,0.033554,0,0.022472,0.200668,0.169202,0.040788
293128,0.017898,0,0.007013,0.113986,0.075446,0.039307
293140,0.413239,1,0.49462,0.613556,0.658531,0.069931
293143,0.0766,0,0.073943,0.353437,0.090887,0.036544
293151,0.075126,0,0.070334,0.387113,0.094099,0.036544
293156,0.080993,0,0.069883,0.143444,0.216514,0.107037
293173,0.032888,0,0.019476,0.288702,0.065606,0.035791
293194,0.060382,0,0.037475,0.581065,0.159154,0.049159
293246,0.033421,0,0.028501,0.112672,0.064857,0.036544
293249,0.037216,0,0.027462,0.236353,0.121932,0.035267
293268,0.048347,0,0.034479,0.35833,0.151379,0.041268
293270,0.419828,0,0.46217,0.961263,0.828134,0.155149
293277,0.025188,0,0.018646,0.082371,0.107475,0.036807
293283,0.050311,0,0.032157,0.437867,0.155531,0.045139
293289,0.047784,0,0.045725,0.103143,0.127697,0.04324
293291,0.049409,0,0.030004,0.508325,0.139206,0.036544
293297,0.06462,0,0.065331,0.167602,0.081017,0.043131
293308,0.069477,0,0.050472,0.495284,0.23786,0.058826
293329,0.035323,0,0.032188,0.029981,0.131397,0.045139
293347,0.038266,0,0.017524,0.510464,0.070563,0.029593
293348,0.31367,1,0.36149,0.693657,0.712763,0.057869
293356,0.42391,0,0.501252,0.709439,0.713478,0.079044
293360,0.133856,1,0.129817,0.654403,0.315575,0.050623
293383,0.322693,0,0.367874,0.704809,0.623345,0.079044
293392,0.05206,0,0.036199,0.464882,0.063913,0.036544
293401,0.018852,0,0.010298,0.085502,0.080023,0.036807
293402,0.046939,0,0.044059,0.070636,0.106238,0.051666
293420,0.217862,0,0.244386,0.566528,0.358327,0.053627
293422,0.039066,0,0.024499,0.336165,0.144268,0.036807
293426,0.04838,0,0.03711,0.32825,0.087952,0.038882
293435,0.059742,0,0.061314,0.091305,0.108567,0.046916
293440,0.073884,0,0.079517,0.128658,0.091696,0.042787
293456,0.044211,0,0.034397,0.231,0.108356,0.045267
293459,0.075987,0,0.080693,0.076446,0.102621,0.057772
293464,0.048571,0,0.040637,0.211953,0.086132,0.047622
293472,0.030493,0,0.020996,0.147941,0.043762,0.044208
293488,0.341708,1,0.391936,0.763942,0.667102,0.071549
293490,0.082012,0,0.086039,0.178646,0.161998,0.047612
293493,0.064011,0,0.059615,0.258171,0.145895,0.04324
293508,0.05428,0,0.046835,0.258693,0.058335,0.045139
293596,0.262106,0,0.276284,0.74982,0.636985,0.111996
293600,0.027882,0,0.013909,0.255472,0.135117,0.035791
293607,0.05212,0,0.053225,0.073421,0.14917,0.04149
293611,0.04076,0,0.026306,0.308428,0.082483,0.045139
293624,0.285199,0,0.335425,0.434029,0.788017,0.058881
293635,0.044339,0,0.035329,0.23907,0.151329,0.039796
293650,0.03621,0,0.027582,0.155609,0.166337,0.043065
293653,0.384539,1,0.45712,0.580242,0.736379,0.071549
293654,0.323399,1,0.368942,0.705637,0.60095,0.079044
293658,0.036845,0,0.01991,0.332527,0.087163,0.045139
293668,0.075935,0,0.067022,0.373765,0.12314,0.054304
293684,0.081548,0,0.083093,0.17002,0.181552,0.057204
293685,0.077563,0,0.079175,0.241599,0.166065,0.039796
293688,0.045573,0,0.02975,0.419893,0.066436,0.036544
293696,0.09533,0,0.102479,0.24004,0.231208,0.039226
293719,0.295664,0,0.322926,0.906531,0.572172,0.078008
293737,0.052659,0,0.045753,0.224958,0.17175,0.044011
293747,0.245533,0,0.269947,0.74418,0.609631,0.055969
293749,0.038382,0,0.022363,0.381031,0.03062,0.036544
293751,0.023519,0,0.006615,0.286764,0.098113,0.036807
293752,0.0393,0,0.026096,0.279152,0.107764,0.043278
293756,0.051281,0,0.043747,0.074106,0.136173,0.07263
293763,0.297226,0,0.3275,0.844873,0.600957,0.078971
293775,0.31617,0,0.351983,0.904319,0.484662,0.074043
293784,0.07686,0,0.075224,0.270806,0.189675,0.045058
293806,0.026393,0,0.020093,0.047959,0.105208,0.043581
293815,0.035479,0,0.02414,0.204515,0.106749,0.045139
293822,0.029261,0,0.024286,0.094658,0.104659,0.033819
293834,0.04332,0,0.040203,0.050624,0.115095,0.051496
293860,0.042052,0,0.032746,0.209442,0.131316,0.04399
293867,0.026466,0,0.020522,0.082435,0.083526,0.036807
293873,0.027821,0,0.016616,0.187738,0.123178,0.037934
293876,0.044224,0,0.035524,0.267139,0.043624,0.036544
293887,0.083227,0,0.077506,0.175541,0.25352,0.083046
293931,0.04461,0,0.038237,0.175362,0.136966,0.042176
293971,0.048884,0,0.041608,0.195068,0.207928,0.045139
293972,0.040587,0,0.041706,0.03551,0.06947,0.036544
293976,0.036462,0,0.027827,0.181184,0.106696,0.04051
293978,0.061568,0,0.054157,0.295419,0.132932,0.045139
293986,0.057308,0,0.055134,0.197394,0.107107,0.038901
294006,0.28279,0,0.309981,0.395431,0.734331,0.149465
294027,0.545097,0,0.66686,0.603459,0.77928,0.078323
294033,0.037662,0,0.034399,0.07059,0.120423,0.04149
294042,0.064891,0,0.067594,0.166102,0.074728,0.036544
294053,0.08048,0,0.083288,0.166738,0.104874,0.054007
294054,0.032751,0,0.020079,0.236455,0.116522,0.040788
294056,0.056845,0,0.055093,0.163725,0.131646,0.042105
294098,0.099442,1,0.096035,0.513859,0.150272,0.036544
294104,0.260424,0,0.281577,0.51232,0.604663,0.127551
294106,0.05245,0,0.039038,0.381693,0.125967,0.041078
294110,0.104367,0,0.090237,0.645299,0.392025,0.051767
294114,0.255809,0,0.260477,0.845505,0.650721,0.122033
294127,0.0511,0,0.044518,0.188511,0.21137,0.046327
294133,0.055558,0,0.047575,0.274332,0.084442,0.045139
294136,0.370994,0,0.408384,0.892852,0.570385,0.134011
294137,0.078983,0,0.085662,0.160101,0.194864,0.036544
294141,0.103616,0,0.10607,0.362964,0.124481,0.047622
294149,0.322285,0,0.382625,0.485927,0.757743,0.057869
294165,0.270322,0,0.289601,0.900562,0.555659,0.078436
294192,0.080772,0,0.054952,0.612082,0.251023,0.076392
294203,0.049391,0,0.049358,0.122254,0.047622,0.036544
294221,0.033447,0,0.024163,0.184818,0.130949,0.037934
294225,0.034161,0,0.021398,0.233889,0.050903,0.045139
294243,0.034155,0,0.020874,0.294976,0.036253,0.036544
294247,0.052305,0,0.040037,0.38865,0.086872,0.036544
294251,0.052571,0,0.048547,0.186935,0.22259,0.038615
294252,0.071135,0,0.063752,0.262229,0.189832,0.0609
294271,0.035554,0,0.034631,0.042673,0.076074,0.036544
294305,0.065636,0,0.05061,0.478605,0.242251,0.042353
294309,0.050189,0,0.040454,0.323287,0.078583,0.036544
294318,0.098106,0,0.109183,0.151974,0.186189,0.04508
294319,0.246539,1,0.264452,0.774067,0.496775,0.079044
294321,0.03937,0,0.031984,0.194774,0.084592,0.037603
294360,0.270872,0,0.293247,0.859808,0.410766,0.079044
294362,0.054554,0,0.037039,0.425564,0.281714,0.046531
294373,0.37039,0,0.404761,0.880843,0.63755,0.144679
294382,0.039824,0,0.036477,0.128502,0.032745,0.036544
294390,0.046994,0,0.039915,0.232332,0.137414,0.037468
294436,0.13646,0,0.09772,0.953787,0.253431,0.130201
294444,0.047312,0,0.03919,0.22237,0.078927,0.045139
294463,0.321047,0,0.349003,0.778851,0.745448,0.123994
294466,0.188979,0,0.197503,0.597614,0.406778,0.078323
294471,0.080763,0,0.058614,0.681495,0.283287,0.049507
294482,0.103942,0,0.111648,0.221237,0.141776,0.053452
294483,0.053351,0,0.057172,0.062085,0.093419,0.036544
294490,0.103106,0,0.118583,0.126738,0.1711,0.039796
294494,0.041245,0,0.01875,0.53312,0.037707,0.036544
294511,0.034237,0,0.02123,0.303695,0.075147,0.032978
294518,0.0617,0,0.050776,0.369254,0.092695,0.046219
294519,0.42102,0,0.492916,0.823771,0.579126,0.079044
294524,0.351528,0,0.39743,0.854183,0.744797,0.081058
294525,0.52039,0,0.634265,0.705217,0.799548,0.058881
294534,0.03116,0,0.026407,0.046453,0.060975,0.045139
294535,0.34554,0,0.392893,0.815957,0.612369,0.079044
294551,0.027142,0,0.02178,0.052272,0.070665,0.041224
294587,0.085319,0,0.09358,0.153083,0.137483,0.041224
294590,0.079254,0,0.067897,0.486575,0.195397,0.045139
294600,0.040183,0,0.025804,0.339657,0.145404,0.036807
294613,0.317383,0,0.351312,0.876783,0.708401,0.081058
294631,0.32061,0,0.367292,0.651479,0.675253,0.079044
294633,0.354941,0,0.402466,0.901208,0.489134,0.078008
294642,0.277706,0,0.310965,0.661049,0.536862,0.079044
294652,0.089776,0,0.070863,0.659472,0.21471,0.054304
294665,0.136861,0,0.15141,0.336463,0.131577,0.047612
294668,0.530382,1,0.636629,0.829576,0.74904,0.078323
294693,0.066953,0,0.056271,0.383252,0.17213,0.046916
294697,0.018339,0,0.006412,0.134747,0.081879,0.039796
294700,0.091367,1,0.100991,0.112875,0.231473,0.048016
294707,0.081178,0,0.065936,0.495794,0.434329,0.053404
294716,0.138954,0,0.141211,0.264995,0.293904,0.103716
294732,0.272274,0,0.298484,0.786381,0.455243,0.078436
294733,0.038367,0,0.031973,0.120555,0.1007,0.045533
294746,0.055772,0,0.05354,0.081684,0.112786,0.057772
294763,0.187046,0,0.191118,0.820641,0.505128,0.049801
294770,0.02446,0,0.014977,0.149748,0.044103,0.036544
294773,0.352942,0,0.408936,0.69132,0.608742,0.078436
294775,0.090848,0,0.078708,0.518707,0.355043,0.051767
294776,0.036752,0,0.031798,0.112447,0.072547,0.04051
294807,0.065008,0,0.049694,0.470927,0.202973,0.045139
294816,0.030347,0,0.024726,0.102812,0.087565,0.036544
294823,0.023641,0,0.013396,0.134196,0.091969,0.039796
294828,0.047755,0,0.04736,0.116451,0.061719,0.036544
294833,0.098282,0,0.102008,0.313949,0.194035,0.043278
294839,0.42683,0,0.487301,0.691602,0.732336,0.147533
294872,0.074218,0,0.050443,0.62535,0.158258,0.06118
294897,0.085548,0,0.08089,0.310479,0.144227,0.0609
294898,0.059951,0,0.05329,0.275013,0.094809,0.045139
294903,0.017654,0,0.007956,0.094432,0.121946,0.036807
294910,0.082817,0,0.090078,0.161789,0.15682,0.039796
294917,0.052183,0,0.044009,0.178619,0.090917,0.058689
294924,0.037492,0,0.031507,0.089257,0.138814,0.047481
294925,0.084144,0,0.080816,0.28169,0.210455,0.057567
294945,0.319808,0,0.378409,0.506906,0.710872,0.058881
294951,0.037972,0,0.035114,0.096223,0.093754,0.036544
294959,0.04563,0,0.031288,0.390272,0.062539,0.036544
294968,0.080457,0,0.079298,0.299631,0.16176,0.043278
294970,0.037991,0,0.026673,0.274602,0.072323,0.036544
294979,0.024544,0,0.013833,0.153642,0.13434,0.037934
294989,0.422916,1,0.501066,0.798337,0.716832,0.058881
295007,0.122289,0,0.111351,0.451864,0.308305,0.098542
295024,0.046352,0,0.044363,0.136461,0.081284,0.036608
295037,0.037711,0,0.033365,0.124236,0.139728,0.035419
295046,0.072357,0,0.07167,0.249939,0.211696,0.039226
295049,0.331998,0,0.374077,0.833318,0.613531,0.079044
295056,0.201814,0,0.218563,0.604908,0.557567,0.057869
295059,0.291483,0,0.326601,0.796604,0.738567,0.058881
295073,0.086474,0,0.097847,0.078423,0.17943,0.043278
295113,0.038472,0,0.02586,0.291017,0.125491,0.037468
295116,0.047238,0,0.042796,0.106825,0.10032,0.051496
295118,0.035541,0,0.014619,0.464702,0.090156,0.034592
295131,0.058494,0,0.057461,0.061893,0.086788,0.0609
295132,0.036338,0,0.025881,0.174741,0.216328,0.045139
295133,0.091868,0,0.095999,0.160167,0.165235,0.062334
295137,0.073563,0,0.070749,0.216192,0.09826,0.057772
295141,0.040947,0,0.027196,0.277672,0.121086,0.047172
295170,0.054664,0,0.042882,0.370478,0.064016,0.04149
295194,0.051298,0,0.049637,0.057653,0.132264,0.054007
295224,0.038428,0,0.03073,0.207948,0.039461,0.036544
295225,0.037455,0,0.033776,0.084082,0.080693,0.04149
295226,0.028282,0,0.019287,0.168896,0.022503,0.036544
295253,0.05897,0,0.053948,0.216034,0.118042,0.047782
295264,0.03662,0,0.033532,0.089714,0.107159,0.036544
295276,0.051489,0,0.041671,0.266886,0.197399,0.045139
295288,0.056294,0,0.055042,0.118792,0.068763,0.0494
295304,0.345054,0,0.410975,0.535815,0.685348,0.057869
295325,0.327876,0,0.376954,0.758435,0.745399,0.057869
295327,0.355614,0,0.410302,0.707871,0.696034,0.081058
295330,0.076196,0,0.050752,0.723103,0.216226,0.050623
295333,0.089296,0,0.08898,0.339323,0.152957,0.04399
295344,0.089086,0,0.092023,0.302985,0.12139,0.039108
295345,0.036577,0,0.031339,0.08709,0.098754,0.045139
295348,0.384671,0,0.465824,0.480781,0.698718,0.058881
295361,0.031899,0,0.019323,0.24864,0.096249,0.0378
295369,0.316522,0,0.356911,0.772914,0.555462,0.079044
295391,0.055499,0,0.049019,0.275472,0.091652,0.039108
295416,0.03781,0,0.028472,0.183067,0.080548,0.045139
295421,0.078022,0,0.084761,0.119146,0.206461,0.042153
295438,0.046332,0,0.040109,0.185304,0.090384,0.04324
295455,0.038946,0,0.037623,0.067051,0.119166,0.036544
295458,0.052801,0,0.049215,0.189702,0.115978,0.039796
295481,0.042771,0,0.037288,0.190287,0.04698,0.036544
295484,0.124793,0,0.12384,0.587969,0.205306,0.043278
295496,0.043911,0,0.037253,0.190814,0.070969,0.04149
295516,0.038514,0,0.023396,0.363235,0.031067,0.036544
295547,0.032356,0,0.025805,0.096209,0.17614,0.041078
295554,0.040915,0,0.028088,0.265277,0.14929,0.045139
295563,0.091816,0,0.097223,0.250588,0.100252,0.04324
295565,0.064739,0,0.058173,0.312295,0.113979,0.043365
295569,0.061691,0,0.051252,0.321995,0.071782,0.053452
295574,0.315435,0,0.366291,0.657265,0.688726,0.055969
295577,0.071235,0,0.068308,0.205461,0.081559,0.057772
295583,0.051483,0,0.040116,0.333446,0.117333,0.041224
295592,0.034264,0,0.030262,0.094671,0.094642,0.036544
295622,0.046782,0,0.036745,0.308605,0.065419,0.036544
295635,0.264542,0,0.291461,0.710043,0.493436,0.079044
295655,0.046806,0,0.038625,0.195525,0.083857,0.0494
295666,0.036816,0,0.02026,0.370403,0.094638,0.036726
295674,0.070305,0,0.044833,0.446306,0.17965,0.094109
295689,0.271261,0,0.319416,0.452654,0.599401,0.051714
295696,0.451401,0,0.530834,0.852185,0.71185,0.079044
295700,0.275575,0,0.295195,0.89567,0.673587,0.081058
295701,0.070459,0,0.064643,0.262301,0.203289,0.053907
295706,0.047197,0,0.038618,0.25401,0.147046,0.039108
295712,0.04222,0,0.028618,0.307796,0.108548,0.043131
295713,0.049701,0,0.045224,0.181979,0.123611,0.04051
295714,0.036045,0,0.019815,0.327202,0.148488,0.040788
295739,0.036828,0,0.032989,0.06501,0.066252,0.045139
295744,0.063948,0,0.065051,0.054736,0.097536,0.060569
295824,0.079408,0,0.081525,0.17696,0.104438,0.053452
295855,0.01995,0,0.008263,0.127872,0.179942,0.039307
295866,0.061441,0,0.050295,0.401546,0.133667,0.039796
295867,0.080849,1,0.080263,0.237169,0.221867,0.051095
295877,0.099367,0,0.103054,0.233404,0.131102,0.0609
295904,0.092943,0,0.084002,0.558975,0.264824,0.037836
295948,0.262823,0,0.28572,0.778493,0.552667,0.077921
295953,0.038076,0,0.028032,0.181733,0.158053,0.046112
295959,0.336736,0,0.393598,0.598508,0.521454,0.074721
295961,0.041752,0,0.038568,0.138204,0.032377,0.036544
295969,0.075296,0,0.070601,0.232519,0.204126,0.0609
295992,0.195366,0,0.222112,0.390495,0.616754,0.049801
296012,0.031535,0,0.026238,0.114903,0.019482,0.036544
296013,0.022329,0,0.010634,0.113441,0.162862,0.045267
296015,0.363372,0,0.418255,0.78581,0.580447,0.079044
296055,0.060595,0,0.051561,0.320938,0.142063,0.045139
296106,0.120344,0,0.124142,0.238878,0.311698,0.079727
296109,0.049137,0,0.035113,0.346886,0.140835,0.045139
296116,0.044105,0,0.035555,0.254708,0.088895,0.036786
296121,0.044708,0,0.041961,0.08821,0.090074,0.045799
296126,0.043353,0,0.043815,0.040422,0.151708,0.039108
296128,0.060149,0,0.061838,0.059248,0.092426,0.053159
296130,0.033926,0,0.022728,0.186742,0.134432,0.045139
296167,0.045723,0,0.04037,0.209377,0.035527,0.036544
296172,0.207299,0,0.223391,0.642319,0.563215,0.060069
296183,0.051631,0,0.045339,0.203627,0.142591,0.045139
296206,0.062396,0,0.066088,0.056852,0.147017,0.047359
296212,0.094164,0,0.079598,0.564182,0.236634,0.059953
296259,0.066608,0,0.054209,0.425494,0.17756,0.045139
296280,0.349694,0,0.426842,0.323576,0.722356,0.058881
296307,0.35537,0,0.42095,0.592414,0.776811,0.058881
296310,0.245562,0,0.260642,0.810514,0.594906,0.079044
296312,0.201349,0,0.221615,0.545714,0.473077,0.057283
296319,0.315741,0,0.366455,0.64333,0.705321,0.058881
296320,0.502846,0,0.623944,0.440555,0.779512,0.058881
296334,0.201576,0,0.204414,0.8544,0.752058,0.058881
296348,0.222337,0,0.244899,0.612637,0.625328,0.057869
296354,0.030428,0,0.020422,0.171336,0.115675,0.039796
296386,0.434902,0,0.52665,0.594628,0.775366,0.057869
296392,0.056659,0,0.050391,0.29571,0.076277,0.036544
296397,0.044871,0,0.032197,0.295471,0.174406,0.04324
296431,0.337071,0,0.386343,0.721512,0.59706,0.079044
296449,0.175152,0,0.185394,0.601273,0.594164,0.049334
296453,0.052566,0,0.054338,0.084399,0.095951,0.039108
296460,0.075495,0,0.080703,0.178764,0.113979,0.036721
296499,0.048392,0,0.025735,0.553514,0.07107,0.041179
296502,0.018364,0,0.008484,0.103636,0.117752,0.036807
296525,0.05192,0,0.049638,0.156272,0.143666,0.039108
296532,0.353453,0,0.403477,0.81662,0.597141,0.079044
296550,0.213609,0,0.215551,0.883774,0.505665,0.078436
296563,0.039479,0,0.034254,0.159441,0.067669,0.036544
296568,0.034337,0,0.031451,0.06088,0.080244,0.038957
296571,0.031702,0,0.025261,0.121157,0.08728,0.037934
296573,0.05445,0,0.054555,0.029647,0.079904,0.057772
296577,0.511282,1,0.625735,0.561708,0.681838,0.074721
296598,0.033782,0,0.0307,0.074422,0.081942,0.036544
296599,0.034844,0,0.030223,0.067075,0.070649,0.045139
296602,0.017011,0,0.007996,0.045005,0.138014,0.041883
296604,0.201977,0,0.240015,0.280824,0.194405,0.047612
296624,0.095569,0,0.098851,0.26752,0.276328,0.047612
296671,0.055967,0,0.045188,0.387527,0.055781,0.036544
296676,0.053364,0,0.045292,0.218621,0.16037,0.050623
296690,0.03467,0,0.020304,0.266271,0.077375,0.045139
296698,0.08318,0,0.093258,0.127785,0.127961,0.036721
296719,0.056079,0,0.052236,0.247884,0.036876,0.036544
296722,0.031317,0,0.023405,0.138398,0.062977,0.04051
296747,0.090768,0,0.092128,0.220886,0.147238,0.0609
296752,0.037253,0,0.026675,0.259587,0.039136,0.036544
296761,0.030397,0,0.015251,0.273741,0.244356,0.036807
296779,0.027016,0,0.015161,0.202645,0.119469,0.036807
296819,0.31142,0,0.347875,0.795978,0.705759,0.079044
296821,0.218395,0,0.240128,0.663981,0.526333,0.049801
296826,0.031128,0,0.023257,0.164744,0.023394,0.036544
296835,0.024362,0,0.019514,0.058255,0.012578,0.036544
296845,0.03587,0,0.026532,0.149576,0.209257,0.045139
296846,0.096047,0,0.074003,0.628419,0.325201,0.075863
296863,0.060063,0,0.049168,0.358705,0.191011,0.04324
296869,0.296748,0,0.336819,0.752065,0.700782,0.055969
296891,0.162775,0,0.166505,0.631239,0.583153,0.053404
296906,0.046339,0,0.042912,0.117584,0.08616,0.045139
296927,0.069722,0,0.075313,0.081629,0.166413,0.044208
296944,0.410221,0,0.490755,0.6578,0.787403,0.057869
296964,0.035393,0,0.030422,0.102902,0.077062,0.04051
296989,0.095416,0,0.082247,0.483655,0.172047,0.072521
296991,0.427316,0,0.503171,0.779623,0.609625,0.079044
296993,0.048103,0,0.033563,0.363331,0.214053,0.040788
296996,0.040408,0,0.022279,0.377761,0.109355,0.045139
297059,0.057516,0,0.059499,0.088587,0.077829,0.044064
297078,0.417414,0,0.49091,0.765365,0.610728,0.078323
297079,0.060419,0,0.06172,0.071436,0.077619,0.053159
297134,0.030472,0,0.023995,0.07583,0.07123,0.045139
297139,0.036922,0,0.02388,0.265173,0.113206,0.042153
297142,0.044275,0,0.028356,0.40325,0.128758,0.036544
297156,0.088177,0,0.084781,0.388505,0.22323,0.04324
297164,0.040145,0,0.031953,0.189604,0.072403,0.042787
297192,0.098386,0,0.090889,0.259662,0.319313,0.091012
297195,0.035116,0,0.030458,0.079033,0.082597,0.043131
297200,0.063157,0,0.039913,0.521607,0.180845,0.063767
297221,0.041085,0,0.034724,0.160732,0.055675,0.042787
297222,0.101453,0,0.107347,0.211677,0.200008,0.057204
297224,0.226276,0,0.234455,0.898511,0.561825,0.066467
297244,0.041489,0,0.029259,0.300604,0.093126,0.038901
297259,0.039403,0,0.027687,0.207753,0.109058,0.050623
297264,0.026952,0,0.020713,0.067015,0.074674,0.04149
297274,0.314641,0,0.347733,0.890201,0.687169,0.079044
297317,0.054172,0,0.045708,0.295828,0.18289,0.038615
297336,0.254987,0,0.30031,0.402898,0.604432,0.051278
297342,0.147491,0,0.118792,0.958235,0.288847,0.104633
297343,0.188253,0,0.20554,0.483504,0.639753,0.058881
297344,0.109988,0,0.119881,0.231345,0.257475,0.047592
297353,0.208719,0,0.238447,0.385368,0.33236,0.063859
297371,0.039979,0,0.040589,0.042496,0.065854,0.036544
297394,0.406092,0,0.484496,0.664605,0.810643,0.058881
297403,0.033302,0,0.030066,0.077309,0.063229,0.036544
297404,0.027662,0,0.018931,0.151535,0.097797,0.035791
297435,0.053385,0,0.048404,0.052266,0.165142,0.068823
297438,0.055588,0,0.043036,0.422267,0.051592,0.036544
297439,0.073488,0,0.079687,0.078248,0.157791,0.047359
297441,0.026842,0,0.018522,0.114262,0.103155,0.039796
297455,0.061163,0,0.062758,0.07085,0.13349,0.051496
297464,0.039993,0,0.031106,0.213003,0.114516,0.039796
297485,0.034385,0,0.01518,0.418121,0.041781,0.036544
297488,0.147174,0,0.15424,0.356314,0.305334,0.079233
297491,0.360367,0,0.431725,0.520492,0.689809,0.058881
297492,0.042091,0,0.028263,0.306185,0.071762,0.045139
297496,0.05821,0,0.056748,0.08659,0.08537,0.057772
297514,0.052373,0,0.04828,0.122935,0.102955,0.053452
297539,0.06553,1,0.062615,0.235424,0.093902,0.045139
297546,0.333002,0,0.371609,0.908266,0.636316,0.079044
297550,0.03109,0,0.021412,0.193797,0.074281,0.036544
297552,0.066973,0,0.058694,0.355207,0.099163,0.045139
297559,0.258572,0,0.263229,0.915591,0.452636,0.11849
297569,0.050507,0,0.044146,0.211176,0.118873,0.043362
297574,0.059517,0,0.041064,0.521443,0.059501,0.045139
297584,0.047807,0,0.042094,0.176938,0.072475,0.045139
297606,0.024487,0,0.014781,0.125977,0.109512,0.039796
297625,0.120402,0,0.113449,0.551249,0.584647,0.055969
297632,0.030127,0,0.018437,0.2155,0.114274,0.0378
297637,0.057485,0,0.051211,0.299388,0.132706,0.03531
297668,0.076462,0,0.068351,0.375218,0.328989,0.045895
297672,0.057446,0,0.060723,0.084115,0.056402,0.040606
297675,0.079787,0,0.083826,0.065023,0.1409,0.065781
297698,0.035571,0,0.02378,0.220365,0.069621,0.045139
297699,0.302403,0,0.331663,0.835767,0.407492,0.096061
297705,0.042598,0,0.032736,0.235416,0.151559,0.04149
297714,0.052155,0,0.043857,0.239226,0.114657,0.047612
297718,0.505654,0,0.611046,0.693692,0.750275,0.07588
297723,0.19383,0,0.199642,0.748122,0.278534,0.070929
297743,0.425303,0,0.503724,0.746736,0.526709,0.075359
297764,0.329398,0,0.372203,0.836863,0.672357,0.070929
297787,0.059765,0,0.057664,0.203412,0.127155,0.039952
297819,0.053719,0,0.050102,0.155799,0.184496,0.045139
297823,0.321973,0,0.348861,0.755638,0.76405,0.132674
297835,0.294411,1,0.346946,0.407025,0.540663,0.073291
297841,0.059308,0,0.055688,0.184932,0.144969,0.04781
297846,0.27496,0,0.319276,0.528687,0.654246,0.055222
297856,0.055019,0,0.043743,0.363992,0.109691,0.039913
297863,0.07232,0,0.069485,0.172975,0.210458,0.0609
297865,0.042033,0,0.031037,0.279976,0.085593,0.038901
297867,0.039761,0,0.029794,0.196961,0.135513,0.04578
297873,0.060154,0,0.0636,0.117181,0.084689,0.036544
297875,0.029586,0,0.022622,0.098829,0.246327,0.036807
297890,0.071775,1,0.055076,0.467466,0.137275,0.0609
297917,0.043959,0,0.032026,0.324516,0.092045,0.036544
297934,0.057958,0,0.048948,0.239362,0.222095,0.054182
297936,0.064242,0,0.055231,0.382582,0.152297,0.038154
297942,0.07863,0,0.072259,0.359913,0.239745,0.047348
297946,0.054109,0,0.050951,0.14582,0.141524,0.046916
297977,0.0419,0,0.035368,0.147828,0.111203,0.045139
298006,0.056371,0,0.054623,0.178127,0.125766,0.039108
298032,0.041693,0,0.036409,0.15542,0.146155,0.037934
298034,0.044948,0,0.031334,0.321596,0.068326,0.045139
298036,0.089949,0,0.094688,0.13491,0.214205,0.0609
298052,0.040823,0,0.036678,0.138096,0.118876,0.036544
298055,0.05864,0,0.039202,0.567466,0.159971,0.036651
298091,0.04332,0,0.038592,0.11804,0.124392,0.045139
298105,0.037627,0,0.024918,0.306723,0.035513,0.036544
298109,0.047495,0,0.041739,0.190439,0.133342,0.040788
298116,0.037431,0,0.028031,0.218247,0.144678,0.036807
298122,0.046168,0,0.044058,0.031561,0.136824,0.054007
298123,0.04544,0,0.0408,0.083415,0.108597,0.054007
298166,0.036333,0,0.024213,0.284663,0.042858,0.036544
298178,0.053029,0,0.048335,0.210524,0.079077,0.04149
298186,0.338439,0,0.363876,0.833656,0.650049,0.147194
298191,0.047036,0,0.029872,0.405154,0.093114,0.045139
298195,0.08132,0,0.080135,0.275876,0.204811,0.047442
298202,0.070041,0,0.057003,0.493171,0.168976,0.039796
298218,0.063141,0,0.059135,0.254102,0.154815,0.041224
298227,0.063811,0,0.049625,0.428086,0.105141,0.049952
298231,0.046087,0,0.03963,0.197432,0.101029,0.041341
298232,0.38944,0,0.454659,0.730772,0.690826,0.079044
298233,0.267699,0,0.291683,0.904089,0.692212,0.053404
298238,0.060052,0,0.055039,0.23486,0.198871,0.04341
298257,0.037547,0,0.023439,0.281415,0.070893,0.045139
298265,0.058876,0,0.039291,0.557901,0.158634,0.039226
298268,0.044182,0,0.041942,0.04596,0.066844,0.051496
298278,0.078658,0,0.077844,0.158094,0.149756,0.065458
298334,0.034226,0,0.027972,0.090661,0.141478,0.044208
298408,0.081355,0,0.077046,0.37146,0.230254,0.041224
298423,0.357992,0,0.423863,0.608794,0.747155,0.058881
298444,0.029923,0,0.021494,0.142567,0.06989,0.039796
298447,0.279696,0,0.297118,0.72503,0.66548,0.124869
298449,0.341523,0,0.400612,0.637983,0.745705,0.058881
298472,0.059503,0,0.04451,0.397856,0.093791,0.053452
298476,0.066164,0,0.065999,0.156036,0.181022,0.047465
298490,0.384349,0,0.442284,0.854377,0.643996,0.079044
298492,0.100658,0,0.084592,0.700894,0.260176,0.048235
298497,0.09977,0,0.100294,0.350787,0.289666,0.047612
298502,0.044289,0,0.034837,0.222349,0.123738,0.045139
298503,0.292189,0,0.323355,0.780593,0.673004,0.079044
298510,0.066648,0,0.038461,0.559423,0.252749,0.077446
298539,0.421062,0,0.508055,0.601575,0.761838,0.057869
298540,0.078372,0,0.078372,0.27899,0.195148,0.039226
298550,0.054689,0,0.057585,0.090694,0.090542,0.036544
298567,0.420778,0,0.508112,0.590546,0.738996,0.058881
298582,0.029611,0,0.020723,0.16819,0.069773,0.036544
298591,0.304719,0,0.337691,0.842989,0.577718,0.079044
298620,0.038929,0,0.025496,0.271287,0.178931,0.043065
298633,0.387284,0,0.459392,0.674258,0.769126,0.058881
298639,0.054727,0,0.043104,0.391669,0.086878,0.036544
298643,0.087876,0,0.093572,0.1824,0.170525,0.047612
298668,0.048824,0,0.04756,0.110425,0.161253,0.039307
298706,0.049806,0,0.039448,0.277865,0.126739,0.045139
298769,0.248463,0,0.271147,0.691083,0.480156,0.079044
298783,0.089822,0,0.079621,0.559487,0.242683,0.039257
298788,0.082497,0,0.064772,0.530996,0.214646,0.064091
298799,0.041329,0,0.041084,0.038565,0.085021,0.04149
298819,0.064247,0,0.048065,0.554591,0.059227,0.036544
298834,0.032543,0,0.02799,0.100824,0.054293,0.036544
298838,0.061528,0,0.065266,0.024381,0.162759,0.051496
298839,0.369286,0,0.436815,0.550532,0.667858,0.079044
298872,0.309176,0,0.333759,0.659949,0.564416,0.148487
298883,0.049685,0,0.041303,0.15263,0.109137,0.060569
298884,0.060739,0,0.056588,0.287226,0.027528,0.036544
298905,0.035258,0,0.02159,0.281839,0.13366,0.038901
298933,0.041122,0,0.03389,0.157931,0.105606,0.045139
298934,0.085537,0,0.083073,0.256993,0.195206,0.0609
298937,0.131667,0,0.135205,0.490392,0.328079,0.048951
298939,0.046441,0,0.039494,0.249742,0.019254,0.036544
298945,0.174422,0,0.174685,0.77028,0.517414,0.057283
298947,0.100294,0,0.082799,0.502321,0.264241,0.088442
298954,0.059636,0,0.061317,0.128706,0.129635,0.039108
298961,0.033171,0,0.026188,0.118433,0.143184,0.040616
298967,0.06005,0,0.062505,0.040532,0.076468,0.054007
298970,0.096541,0,0.090893,0.373206,0.186855,0.065415
298972,0.33929,0,0.368841,0.806152,0.728297,0.135726
298973,0.321652,0,0.344646,0.898491,0.696798,0.123048
299008,0.313759,0,0.355717,0.719186,0.572012,0.079044
299030,0.064068,0,0.066348,0.050301,0.164369,0.05527
299040,0.337234,0,0.403078,0.486775,0.6358,0.058881
299044,0.041026,0,0.034387,0.17562,0.072567,0.040606
299063,0.051704,0,0.055731,0.049481,0.075966,0.036544
299068,0.015277,0,0.005313,0.085954,0.108675,0.036807
299084,0.05143,0,0.037238,0.366356,0.137754,0.045139
299094,0.053142,0,0.022868,0.73176,0.085626,0.042787
299100,0.052223,0,0.049091,0.182589,0.101291,0.039108
299108,0.075411,0,0.068909,0.259896,0.272169,0.0609
299110,0.032456,0,0.030259,0.047681,0.078568,0.036544
299111,0.04824,0,0.036858,0.324925,0.056484,0.040606
299118,0.047041,0,0.046068,0.07888,0.107448,0.04324
299124,0.033403,0,0.032291,0.037765,0.03997,0.036544
299133,0.03652,0,0.02873,0.139632,0.097723,0.045139
299138,0.057081,0,0.054918,0.104907,0.146082,0.054007
299178,0.072075,0,0.075969,0.046709,0.118895,0.0609
299187,0.022841,0,0.013034,0.119601,0.092836,0.039796
299194,0.097826,0,0.087109,0.552182,0.165778,0.054304
299196,0.068945,0,0.072467,0.101559,0.11409,0.048831
299204,0.018189,0,0.007082,0.132643,0.087314,0.036807
299207,0.086564,0,0.089172,0.284759,0.17181,0.039108
299218,0.044882,0,0.039412,0.17926,0.119733,0.038957
299240,0.052609,0,0.027182,0.615981,0.078138,0.045139
299241,0.093495,0,0.10032,0.127093,0.142458,0.0609
299248,0.055489,0,0.050092,0.104342,0.087849,0.065781
299258,0.030719,0,0.025896,0.109407,0.067471,0.033434
299272,0.046683,0,0.042305,0.141158,0.140775,0.043313
299284,0.033098,0,0.026707,0.137658,0.085293,0.036544
299289,0.024973,0,0.019614,0.065405,0.060236,0.036544
299305,0.048741,0,0.039738,0.306257,0.028797,0.036544
299327,0.045595,0,0.046071,0.043747,0.118323,0.042112
299336,0.033486,0,0.027462,0.084166,0.106783,0.044608
299337,0.049559,0,0.049733,0.081604,0.109704,0.04149
299351,0.053371,0,0.054499,0.099968,0.121411,0.038957
299352,0.048325,0,0.04569,0.14405,0.113596,0.039108
299365,0.136267,0,0.123766,0.807855,0.320666,0.057229
299395,0.03937,0,0.02794,0.256185,0.108517,0.040891
299413,0.316897,0,0.355154,0.779559,0.736618,0.081058
299414,0.06536,0,0.069971,0.058342,0.080199,0.049166
299426,0.026305,0,0.019761,0.10261,0.036838,0.036544
299448,0.045554,0,0.038762,0.141253,0.074494,0.05272
299485,0.473161,0,0.579687,0.535829,0.813864,0.058881
299498,0.03399,0,0.019977,0.309112,0.035537,0.036544
299504,0.021868,0,0.014666,0.088987,0.019512,0.036544
299531,0.026636,0,0.021816,0.030624,0.105727,0.04149
299549,0.040436,0,0.035193,0.059057,0.127637,0.054007
299557,0.029914,0,0.018244,0.228154,0.093822,0.035791
299560,0.053569,0,0.032521,0.504023,0.254491,0.045139
299561,0.030926,0,0.014168,0.324312,0.157899,0.036807
299563,0.033466,0,0.027791,0.080726,0.063334,0.045139
299566,0.064311,0,0.053827,0.376863,0.136793,0.045139
299573,0.035926,0,0.026133,0.206055,0.103247,0.039796
299594,0.318424,0,0.335769,0.845517,0.728307,0.148592
299596,0.036504,0,0.030975,0.111662,0.107449,0.04149
299637,0.092362,0,0.081137,0.542634,0.175521,0.051017
299641,0.032691,0,0.023675,0.192723,0.062909,0.036544
299664,0.161759,0,0.151492,0.84575,0.347815,0.072203
299705,0.03374,0,0.028843,0.117029,0.047928,0.036544
299715,0.036182,0,0.018571,0.345971,0.062253,0.045139
299737,0.051011,0,0.04041,0.270284,0.161585,0.047859
299744,0.055034,0,0.056453,0.104537,0.095792,0.039796
299746,0.052621,0,0.038173,0.361546,0.164873,0.047612
299750,0.043589,0,0.032303,0.169191,0.141065,0.060073
299761,0.073932,0,0.065817,0.368747,0.153855,0.048967
299771,0.032152,0,0.027092,0.053396,0.099527,0.045139
299790,0.606158,0,0.735749,0.87239,0.768583,0.075359
299803,0.024635,0,0.018846,0.070551,0.069487,0.036544
299820,0.048057,0,0.046208,0.079781,0.108258,0.047515
299833,0.310313,0,0.367792,0.463604,0.725738,0.058881
299838,0.312267,0,0.345229,0.880823,0.662141,0.079044
299841,0.360773,1,0.423913,0.580405,0.689044,0.079044
299846,0.046271,0,0.031836,0.396612,0.061938,0.036544
299854,0.037709,0,0.031218,0.179509,0.03082,0.036544
299855,0.387484,1,0.46728,0.527492,0.700931,0.058881
299888,0.359638,0,0.432846,0.477045,0.691583,0.058881
299910,0.064579,0,0.053834,0.396666,0.124327,0.04324
299945,0.063937,0,0.064912,0.171493,0.075996,0.040776
299971,0.067497,0,0.057995,0.416046,0.200909,0.036544
299980,0.313002,0,0.350662,0.792689,0.676449,0.077921
299996,0.045152,0,0.040549,0.184022,0.07328,0.036544
300004,0.039453,0,0.036545,0.082433,0.075591,0.04149
300012,0.023785,0,0.012999,0.131755,0.110314,0.041883
300020,0.056907,0,0.040997,0.446548,0.089082,0.045139
300023,0.35946,0,0.413088,0.776313,0.711833,0.07694
300025,0.067513,0,0.070214,0.088,0.151659,0.051496
300046,0.079309,0,0.063195,0.589505,0.168737,0.045139
300049,0.287196,0,0.315367,0.817422,0.618425,0.079044
300052,0.356964,0,0.408511,0.82899,0.649532,0.073966
300059,0.115166,0,0.122705,0.370098,0.185542,0.039778
300065,0.112533,0,0.088462,0.722049,0.253022,0.08856
300066,0.060152,0,0.045585,0.422066,0.206966,0.045139
300080,0.10199,0,0.095044,0.552739,0.235307,0.043336
300098,0.061638,0,0.03197,0.733126,0.226431,0.046578
300105,0.027737,0,0.021804,0.100098,0.034031,0.036544
300111,0.46045,0,0.554869,0.702622,0.798786,0.058881
300134,0.071921,0,0.059526,0.448511,0.258427,0.045139
300141,0.039809,0,0.03649,0.118493,0.091534,0.036544
300158,0.051178,0,0.049823,0.11516,0.070317,0.044208
300172,0.312624,0,0.360354,0.679714,0.463882,0.066467
300189,0.055384,0,0.0458,0.323176,0.141108,0.040508
300190,0.032088,0,0.017042,0.270534,0.100177,0.043131
300191,0.039908,0,0.02569,0.288383,0.127966,0.045533
300197,0.041515,0,0.03023,0.227715,0.210784,0.045139
300203,0.032298,0,0.019203,0.281595,0.067512,0.035124
300225,0.326878,1,0.373176,0.723303,0.560589,0.078436
300229,0.047435,0,0.036736,0.307849,0.148409,0.037564
300238,0.13947,0,0.134687,0.718396,0.354202,0.047622
300246,0.351542,0,0.401941,0.776035,0.722989,0.079044
300263,0.059007,0,0.062306,0.065761,0.141745,0.043278
300270,0.14719,0,0.149951,0.547532,0.436264,0.057283
300281,0.048164,0,0.032337,0.384632,0.096387,0.045139
300285,0.101413,0,0.106313,0.334796,0.165783,0.039796
300292,0.074326,0,0.07656,0.185493,0.179448,0.04324
300305,0.040506,0,0.033036,0.169716,0.16027,0.041624
300307,0.106983,0,0.121621,0.187658,0.16997,0.036721
300317,0.042765,0,0.03811,0.131303,0.151061,0.041078
300325,0.030006,0,0.026457,0.054466,0.107823,0.036544
300333,0.059624,0,0.063103,0.042734,0.161269,0.046916
300338,0.34227,0,0.361324,0.963509,0.656432,0.15201
300340,0.182207,0,0.184141,0.679755,0.459388,0.078323
300354,0.023582,0,0.011331,0.177429,0.109811,0.038901
300372,0.097789,0,0.087682,0.500699,0.357873,0.055774
300381,0.030248,0,0.020728,0.160562,0.108127,0.039922
300394,0.046725,0,0.03688,0.253255,0.083702,0.045139
300401,0.649776,0,0.795922,0.80008,0.819974,0.078323
300413,0.023319,0,0.007994,0.25667,0.109485,0.035791
300416,0.060683,0,0.046395,0.275497,0.179878,0.071704
300436,0.328942,0,0.376122,0.700066,0.698547,0.077921
300439,0.036423,1,0.03036,0.119624,0.078041,0.042772
300467,0.047446,0,0.035666,0.253914,0.165577,0.050722
300474,0.452949,0,0.541364,0.689718,0.656731,0.078323
300475,0.046938,0,0.04189,0.157148,0.073566,0.045139
300479,0.050046,0,0.027738,0.606171,0.100725,0.031639
300480,0.051766,0,0.040342,0.336254,0.134592,0.040788
300483,0.364271,0,0.412621,0.934212,0.534429,0.079044
300492,0.049932,0,0.037297,0.334409,0.072228,0.045139
300504,0.052617,0,0.055301,0.083567,0.074822,0.036544
300508,0.078666,0,0.073989,0.214371,0.127804,0.070303
300509,0.043707,0,0.033692,0.229838,0.102429,0.04578
300513,0.044243,0,0.040414,0.106423,0.119865,0.045139
300521,0.045296,0,0.04024,0.180326,0.112838,0.037934
300525,0.288843,0,0.328373,0.703129,0.640281,0.058881
300537,0.058138,0,0.04616,0.336552,0.200832,0.048597
300541,0.030467,0,0.0179,0.230247,0.111206,0.038901
300545,0.353792,1,0.383468,0.901231,0.753359,0.135069
300552,0.089288,0,0.070021,0.662785,0.23901,0.053745
300556,0.037986,0,0.035152,0.091597,0.120461,0.036544
300563,0.05631,0,0.052567,0.240291,0.081744,0.036544
300581,0.042266,0,0.033311,0.184375,0.212435,0.045139
300606,0.204992,0,0.219915,0.637232,0.69169,0.058881
300639,0.120964,1,0.108143,0.641951,0.269172,0.071037
300648,0.284339,0,0.311145,0.834642,0.565947,0.079044
300655,0.053423,0,0.051247,0.057122,0.12803,0.058689
300663,0.051798,0,0.045904,0.248691,0.146925,0.035696
300674,0.031303,0,0.02382,0.157113,0.028449,0.036544
300702,0.022914,0,0.018106,0.042782,0.043323,0.036544
300713,0.088988,0,0.090088,0.289848,0.139394,0.047612
300730,0.404595,0,0.469174,0.855827,0.63108,0.079044
300741,0.070755,0,0.065576,0.218058,0.164988,0.0609
300744,0.03818,0,0.024121,0.334252,0.061626,0.036544
300753,0.169467,0,0.174295,0.614851,0.536171,0.061684
300779,0.306687,0,0.338703,0.856425,0.701641,0.079044
300789,0.05012,0,0.045293,0.171539,0.089579,0.045139
300793,0.039809,0,0.037848,0.076638,0.088008,0.039108
300795,0.344398,0,0.39065,0.84774,0.509214,0.078971
300802,0.066513,0,0.066739,0.207034,0.135599,0.038615
300807,0.066784,0,0.065132,0.266144,0.092218,0.036544
300824,0.126968,0,0.096056,0.872893,0.274764,0.103682
300836,0.071277,0,0.0725,0.239089,0.07946,0.036544
300856,0.094069,0,0.095907,0.297407,0.181594,0.048472
300870,0.080755,0,0.082038,0.233744,0.118145,0.047622
300872,0.03883,0,0.025283,0.306631,0.106293,0.039108
300876,0.055325,0,0.037804,0.427257,0.12311,0.051666
300893,0.039641,0,0.030916,0.240066,0.08451,0.034787
300902,0.023086,0,0.017556,0.058204,0.047542,0.036544
300905,0.045947,0,0.029405,0.383789,0.100485,0.045139
300912,0.310145,0,0.322264,0.951259,0.620446,0.142055
300922,0.322665,0,0.353365,0.794769,0.52452,0.119215
300923,0.086233,1,0.074768,0.30022,0.214586,0.086714
300930,0.518299,0,0.627014,0.700202,0.72834,0.078323
300932,0.358687,0,0.394997,0.739221,0.741102,0.14577
300939,0.05825,0,0.044824,0.405903,0.133362,0.043596
300945,0.417464,0,0.493138,0.722239,0.70562,0.075359
300960,0.043149,0,0.043989,0.048457,0.127267,0.036721
300969,0.035486,0,0.031305,0.116105,0.034695,0.036544
300984,0.053215,0,0.040952,0.360024,0.21514,0.039108
300992,0.050597,0,0.03537,0.375082,0.182098,0.045139
301023,0.447983,0,0.546252,0.53481,0.824115,0.058881
301028,0.0548,0,0.057053,0.110432,0.054656,0.036544
301047,0.034002,0,0.017531,0.390334,0.073703,0.030045
301065,0.249497,0,0.286591,0.55813,0.631994,0.046531
301073,0.213546,0,0.236311,0.544093,0.444962,0.063859
301094,0.037894,0,0.028658,0.229223,0.08307,0.036544
301103,0.045304,0,0.036771,0.21318,0.104857,0.045139
301126,0.043059,0,0.037899,0.125137,0.124868,0.045139
301145,0.055655,0,0.044062,0.372373,0.069582,0.04149
301150,0.167386,0,0.163014,0.866242,0.347289,0.053579
301156,0.075792,0,0.071343,0.342605,0.122165,0.04324
301179,0.412555,0,0.501105,0.506151,0.762409,0.058881
301211,0.245751,0,0.258441,0.834126,0.694701,0.081058
301212,0.060572,0,0.06353,0.102541,0.148379,0.039666
301238,0.373246,0,0.432705,0.767043,0.525517,0.078971
301246,0.101599,0,0.100268,0.359702,0.16198,0.058689
301249,0.038303,0,0.034324,0.129331,0.045086,0.036544
301257,0.065928,0,0.049281,0.506414,0.192173,0.045139
301309,0.060263,0,0.037076,0.584876,0.114892,0.050623
301311,0.355304,0,0.400619,0.678907,0.679318,0.12095
301338,0.350539,0,0.397363,0.693032,0.661395,0.107609
301345,0.095352,0,0.084456,0.522452,0.124171,0.058468
301365,0.222008,0,0.24613,0.619732,0.58042,0.051714
301392,0.353457,1,0.38945,0.772535,0.699931,0.135842
301398,0.302811,0,0.343116,0.789596,0.624663,0.057869
301418,0.082044,0,0.071275,0.456071,0.236344,0.050623
301422,0.034607,0,0.021756,0.268034,0.120596,0.037934
301426,0.041116,0,0.032331,0.215782,0.149566,0.039288
301440,0.078601,0,0.075199,0.21225,0.18001,0.064418
301449,0.05347,0,0.056662,0.077444,0.083715,0.036544
301480,0.034195,0,0.028697,0.069603,0.137047,0.045267
301491,0.220508,1,0.230801,0.839263,0.593746,0.061379
301492,0.084553,0,0.090798,0.083749,0.188507,0.058689
301495,0.070639,1,0.059979,0.308322,0.128501,0.065906
301497,0.035997,0,0.02099,0.313797,0.106512,0.039796
301498,0.061835,0,0.048088,0.2779,0.213609,0.069712
301513,0.043999,0,0.029047,0.405453,0.058347,0.034234
301526,0.052584,0,0.050727,0.149704,0.073846,0.04149
301548,0.067034,0,0.069161,0.101115,0.123323,0.051496
301617,0.034834,0,0.026897,0.141338,0.096867,0.043365
301619,0.366021,0,0.418218,0.856872,0.595429,0.079044
301644,0.038847,0,0.027312,0.22023,0.214912,0.044064
301674,0.287933,0,0.327084,0.61053,0.522945,0.079044
301675,0.03845,0,0.026011,0.267058,0.120638,0.041224
301682,0.030786,0,0.021792,0.166102,0.094634,0.038019
301690,0.054976,0,0.056029,0.058456,0.100961,0.049166
301693,0.036745,0,0.032755,0.099408,0.078391,0.039108
301723,0.050112,0,0.042866,0.215655,0.103659,0.04578
301738,0.423991,0,0.474192,0.918895,0.342439,0.152456
301742,0.036475,0,0.031981,0.130358,0.02775,0.036544
301760,0.075199,0,0.067416,0.301408,0.129317,0.061997
301763,0.080051,0,0.08345,0.126693,0.217639,0.05527
301778,0.045579,0,0.04195,0.114466,0.099838,0.045139
301787,0.038824,0,0.020902,0.394761,0.113599,0.039307
301804,0.056908,0,0.040963,0.395379,0.246898,0.049952
301821,0.047589,0,0.037831,0.289566,0.174429,0.036807
301827,0.042266,0,0.033522,0.255297,0.040736,0.036544
301842,0.030025,0,0.016534,0.26069,0.094829,0.036807
301843,0.034,0,0.026307,0.131664,0.075731,0.043781
301879,0.054542,0,0.050544,0.174853,0.137841,0.045458
301885,0.446987,0,0.543798,0.563714,0.789333,0.058881
301894,0.051925,0,0.041534,0.310319,0.159998,0.041078
301899,0.06572,0,0.054725,0.404231,0.090638,0.045139
301920,0.313823,0,0.333462,0.841069,0.702382,0.136092
301930,0.094653,0,0.098811,0.192068,0.129668,0.0609
301950,0.051966,0,0.044792,0.197923,0.083393,0.051496
301954,0.032164,0,0.026301,0.128286,0.035757,0.036544
301957,0.034663,0,0.031047,0.066121,0.066787,0.04149
301975,0.042154,0,0.038622,0.131882,0.107558,0.037319
302018,0.077849,0,0.071833,0.347832,0.144139,0.049952
302020,0.038822,0,0.028542,0.173593,0.075692,0.051666
302029,0.082225,0,0.068374,0.478283,0.142876,0.0609
302039,0.039132,0,0.022849,0.340049,0.052142,0.045139
302050,0.623454,0,0.762869,0.87945,0.761794,0.058881
302056,0.601565,0,0.741139,0.718566,0.8233,0.058881
302065,0.046642,0,0.037494,0.227607,0.151141,0.045139
302074,0.301333,0,0.349321,0.617306,0.713806,0.055969
302076,0.038834,0,0.027097,0.285848,0.089729,0.036608
302084,0.053823,0,0.041834,0.347251,0.110829,0.044064
302088,0.025045,0,0.01825,0.087319,0.06322,0.037934
302109,0.272487,0,0.300343,0.814263,0.658434,0.061884
302155,0.028119,0,0.021189,0.107623,0.123616,0.036807
302163,0.030143,0,0.018867,0.185933,0.126673,0.041224
302170,0.112809,0,0.107159,0.496869,0.331117,0.058881
302177,0.345184,0,0.396467,0.836794,0.665317,0.058881
302179,0.019507,0,0.007296,0.125637,0.104484,0.04324
302184,0.068659,0,0.067452,0.202822,0.210255,0.045139
302187,0.014161,0,0.005176,0.057302,0.114368,0.036807
302193,0.233992,0,0.267529,0.520295,0.558192,0.049801
302201,0.04549,0,0.039224,0.215124,0.1085,0.036544
302205,0.054338,0,0.050075,0.198916,0.151994,0.04149
302225,0.041427,0,0.031499,0.235153,0.136722,0.040788
302231,0.300509,0,0.34536,0.389926,0.632714,0.109482
302234,0.05681,0,0.056055,0.12507,0.204882,0.043215
302237,0.048047,0,0.042174,0.204589,0.117878,0.039796
302243,0.434721,0,0.512456,0.783216,0.682885,0.078323
302253,0.435947,0,0.52139,0.635933,0.659085,0.078323
302257,0.072548,0,0.048092,0.357732,0.294988,0.105629
302261,0.079223,0,0.058685,0.680378,0.168721,0.045139
302268,0.092758,0,0.07645,0.577899,0.189885,0.063558
302286,0.052997,0,0.046671,0.237225,0.134355,0.041142
302299,0.051259,0,0.036594,0.380352,0.169819,0.043268
302308,0.400642,1,0.460792,0.917419,0.651737,0.079044
302309,0.05484,0,0.049284,0.245106,0.085018,0.04051
302323,0.279482,0,0.317351,0.611442,0.646218,0.069931
302353,0.031652,0,0.024559,0.125207,0.103229,0.039108
302371,0.047809,0,0.043285,0.19,0.103991,0.037522
302373,0.079069,0,0.078244,0.340092,0.041467,0.036544
302377,0.20458,0,0.190207,0.857859,0.485309,0.133
302389,0.048792,0,0.028487,0.530145,0.086335,0.036721
302403,0.052388,0,0.035367,0.434714,0.116102,0.045139
302419,0.053135,0,0.037858,0.425987,0.058571,0.042787
302422,0.123498,0,0.138361,0.267503,0.281438,0.038406
302459,0.555557,0,0.668579,0.869867,0.684104,0.078323
302502,0.038543,0,0.02081,0.357325,0.107114,0.045139
302526,0.04927,0,0.051994,0.047894,0.152149,0.036544
302533,0.197139,0,0.209247,0.546372,0.585235,0.079044
302564,0.026749,0,0.018724,0.094099,0.082744,0.042772
302589,0.057024,0,0.057507,0.104513,0.179919,0.043278
302594,0.049851,0,0.035799,0.287245,0.193658,0.05527
302604,0.153413,0,0.158507,0.543231,0.561525,0.053404
302622,0.285224,1,0.32643,0.545608,0.549151,0.079044
302652,0.049339,0,0.039383,0.241579,0.07567,0.051017
302657,0.048684,0,0.033256,0.408022,0.078882,0.040606
302663,0.052237,0,0.040748,0.375881,0.062892,0.036544
302674,0.03846,0,0.031242,0.172179,0.089084,0.039796
302687,0.037354,0,0.02098,0.353033,0.115252,0.039226
302695,0.04789,0,0.036118,0.356235,0.038409,0.036544
302700,0.033893,0,0.02941,0.11127,0.036814,0.036544
302724,0.307503,0,0.344105,0.781473,0.610977,0.079044
302727,0.048464,0,0.044094,0.101145,0.079888,0.054304
302736,0.067993,0,0.060268,0.314766,0.131917,0.050623
302741,0.268605,1,0.287385,0.613939,0.6741,0.12607
302769,0.029266,0,0.018587,0.204462,0.059699,0.036544
302772,0.427508,0,0.505125,0.838849,0.7265,0.058881
302794,0.06446,0,0.053316,0.285472,0.213515,0.061913
302823,0.041876,0,0.035024,0.15674,0.119321,0.044472
302875,0.081859,0,0.0858,0.232869,0.142178,0.038615
302884,0.028607,0,0.024662,0.074959,0.067487,0.033798
302902,0.049745,0,0.054598,0.022811,0.052897,0.036544
302903,0.044145,0,0.035974,0.255833,0.042584,0.036544
302904,0.315728,0,0.353378,0.81515,0.612504,0.079044
302922,0.079699,0,0.087981,0.052944,0.164428,0.051496
302949,0.221999,0,0.228696,0.510618,0.304327,0.143367
302959,0.07218,0,0.060132,0.423601,0.187537,0.050623
302990,0.017622,0,0.007884,0.086598,0.086826,0.039307
303027,0.054688,0,0.034279,0.520353,0.115707,0.045139
303028,0.034038,0,0.028181,0.136975,0.06001,0.036544
303040,0.247817,0,0.245802,0.871326,0.608544,0.133653
303049,0.041004,0,0.02896,0.277635,0.161725,0.039796
303050,0.045782,0,0.042869,0.106973,0.12816,0.043278
303075,0.063062,0,0.060175,0.248649,0.132074,0.038615
303078,0.033487,0,0.024525,0.138038,0.131393,0.045139
303082,0.104882,0,0.11099,0.265218,0.24976,0.049578
303090,0.064909,0,0.037575,0.658509,0.152657,0.057321
303095,0.038524,0,0.027934,0.239707,0.137166,0.038901
303101,0.033343,0,0.02899,0.078616,0.058999,0.040606
303139,0.055741,0,0.034112,0.555504,0.097977,0.045139
303168,0.051308,0,0.034885,0.415125,0.182941,0.04324
303193,0.048936,0,0.03407,0.366526,0.118147,0.045139
303211,0.035217,0,0.010637,0.502893,0.145941,0.039307
303223,0.039548,0,0.028691,0.234258,0.147666,0.041798
303239,0.458939,0,0.518471,0.966892,0.795271,0.138792
303243,0.109695,0,0.116008,0.359133,0.201036,0.039226
303281,0.086446,0,0.078711,0.182376,0.359681,0.090147
303288,0.087094,0,0.062404,0.761115,0.234199,0.053695
303295,0.036503,0,0.025111,0.242022,0.136114,0.039038
303314,0.265433,0,0.293902,0.655868,0.671289,0.079044
303342,0.068336,0,0.077031,0.05201,0.160052,0.036544
303347,0.037931,0,0.035475,0.032305,0.139308,0.045139
303350,0.050014,0,0.040448,0.256703,0.165908,0.045139
303364,0.0765,0,0.083655,0.151203,0.082931,0.036544
303370,0.060034,0,0.062039,0.145946,0.085967,0.036544
303406,0.032632,0,0.012557,0.385964,0.118337,0.041224
303423,0.095078,0,0.102667,0.170132,0.170802,0.051497
303428,0.470602,0,0.53261,0.940997,0.776016,0.148891
303429,0.039812,0,0.034153,0.145598,0.111132,0.039796
303431,0.069865,0,0.051507,0.57467,0.152349,0.045139
303442,0.085401,0,0.072775,0.563364,0.138208,0.045139
303453,0.394437,0,0.475085,0.550846,0.738799,0.058881
303457,0.04885,0,0.031108,0.431915,0.076978,0.045139
303469,0.075857,0,0.073899,0.10254,0.221717,0.074197
303473,0.045301,0,0.026994,0.458052,0.100691,0.037603
303484,0.05339,0,0.047987,0.236271,0.108572,0.039108
303528,0.318337,0,0.356847,0.815233,0.610976,0.079044
303551,0.266876,0,0.293783,0.786166,0.558359,0.066467
303567,0.044666,0,0.038532,0.216635,0.046523,0.036544
303570,0.313099,0,0.352172,0.771435,0.590583,0.079044
303575,0.06257,0,0.063119,0.177573,0.093938,0.039108
303609,0.280091,0,0.328719,0.450859,0.496269,0.063859
303618,0.274388,0,0.320569,0.519488,0.635912,0.049801
303625,0.295346,0,0.35022,0.450394,0.546328,0.057869
303631,0.063175,0,0.046829,0.504525,0.130398,0.042787
303632,0.360087,1,0.405674,0.638707,0.645086,0.133873
303634,0.048999,0,0.045284,0.137233,0.184184,0.043131
303645,0.054538,0,0.043564,0.384267,0.08444,0.03531
303650,0.071829,0,0.062099,0.468964,0.074913,0.036721
303656,0.041882,0,0.029531,0.277044,0.054048,0.045139
303662,0.032223,0,0.02411,0.117974,0.112001,0.044608
303670,0.056582,0,0.035681,0.553446,0.08506,0.044197
303697,0.108231,0,0.105341,0.378508,0.167328,0.068943
303700,0.030109,0,0.01934,0.167768,0.119007,0.042772
303706,0.037742,0,0.029646,0.209949,0.049519,0.036544
303717,0.33696,0,0.391458,0.640343,0.575452,0.074721
303728,0.048265,0,0.040304,0.148504,0.08612,0.058689
303733,0.034595,0,0.018897,0.320245,0.11336,0.039307
303769,0.025246,0,0.014087,0.166278,0.077175,0.039796
303783,0.051795,0,0.04676,0.170784,0.105433,0.047612
303862,0.056741,0,0.051056,0.252521,0.110942,0.041224
303890,0.067205,0,0.055778,0.254669,0.168393,0.073054
303894,0.290578,0,0.304685,0.853124,0.614085,0.128813
303897,0.045804,0,0.036718,0.233342,0.111748,0.04399
303914,0.111549,0,0.122516,0.247886,0.233267,0.04324
303933,0.329531,0,0.374556,0.762551,0.592169,0.078436
303940,0.074062,0,0.079565,0.048524,0.181238,0.05527
303949,0.025315,0,0.01098,0.179918,0.123525,0.047859
303982,0.030855,0,0.025495,0.048651,0.113331,0.045139
303988,0.29159,0,0.318914,0.869876,0.585153,0.079044
303990,0.055124,0,0.047779,0.233226,0.154775,0.047612
303992,0.425888,0,0.521109,0.458443,0.761763,0.058881
303994,0.058135,0,0.048052,0.214655,0.114194,0.065827
303995,0.026217,0,0.021552,0.065358,0.022953,0.036544
304002,0.047065,0,0.035628,0.274858,0.131491,0.046219
304022,0.035668,0,0.028107,0.184794,0.049966,0.036544
304028,0.044293,0,0.023039,0.491762,0.092149,0.04149
304033,0.293022,1,0.331895,0.644465,0.562053,0.079044
304043,0.032834,0,0.025682,0.176659,0.072295,0.032436
304056,0.037506,0,0.022515,0.321612,0.119467,0.039796
304073,0.059337,0,0.037656,0.580793,0.098437,0.045139
304078,0.113327,0,0.102807,0.526692,0.223083,0.075218
304092,0.044808,0,0.043387,0.121279,0.039492,0.036544
304130,0.067319,0,0.067353,0.16653,0.215837,0.045267
304146,0.064199,0,0.042965,0.508451,0.147222,0.0609
304182,0.066527,0,0.064561,0.220707,0.171295,0.043278
304187,0.346697,0,0.387466,0.958962,0.618105,0.079044
304213,0.053973,0,0.034382,0.503587,0.084361,0.045139
304216,0.056006,0,0.054059,0.132664,0.325105,0.041888
304222,0.052911,0,0.034813,0.4878,0.072772,0.04149
304254,0.046886,0,0.037497,0.29385,0.07844,0.036544
304256,0.230304,0,0.25504,0.700189,0.413601,0.049801
304260,0.093555,0,0.095409,0.312931,0.244475,0.04324
304270,0.053516,0,0.034216,0.494749,0.079497,0.045227
304271,0.054231,0,0.036504,0.463391,0.104811,0.045165
304306,0.034634,0,0.029173,0.102312,0.077793,0.04149
304314,0.089083,0,0.087852,0.248422,0.239694,0.0609
304315,0.047489,0,0.043725,0.173967,0.117703,0.036807
304328,0.044865,0,0.035501,0.235202,0.055585,0.045139
304368,0.037608,0,0.036186,0.070751,0.051521,0.036544
304395,0.094411,0,0.094137,0.278892,0.149526,0.0609
304403,0.041616,0,0.038094,0.128473,0.132121,0.036544
304418,0.044299,0,0.045479,0.058795,0.072821,0.036544
304435,0.030337,0,0.02345,0.135351,0.046909,0.036544
304439,0.319949,0,0.369219,0.612386,0.577476,0.078436
304443,0.326872,0,0.375258,0.631212,0.776708,0.081058
304449,0.381707,0,0.435604,0.917395,0.660356,0.079044
304453,0.320425,0,0.369577,0.697595,0.766476,0.058881
304456,0.035842,0,0.023708,0.278966,0.05975,0.036544
304478,0.196299,0,0.220115,0.484456,0.395709,0.051209
304482,0.096817,0,0.076211,0.412591,0.283683,0.111219
304499,0.025381,0,0.015888,0.11356,0.08039,0.043131
304525,0.038427,0,0.023724,0.276855,0.127426,0.047612
304561,0.28517,0,0.320243,0.68277,0.481166,0.079044
304562,0.083566,0,0.075695,0.437528,0.218267,0.045585
304582,0.024433,0,0.01592,0.103984,0.122056,0.038901
304584,0.048714,0,0.03731,0.312978,0.07811,0.042787
304595,0.069415,0,0.066909,0.247272,0.204672,0.043065
304623,0.088809,0,0.082851,0.370926,0.202086,0.057204
304641,0.111284,0,0.120506,0.209325,0.243308,0.055971
304650,0.065585,0,0.053102,0.450808,0.225535,0.038337
304680,0.066389,0,0.048058,0.554099,0.130442,0.045139
304682,0.063419,0,0.054713,0.330224,0.161195,0.045139
304702,0.078464,0,0.07225,0.429498,0.154552,0.036544
304776,0.025092,0,0.009551,0.266719,0.113907,0.036807
304785,0.079198,0,0.059913,0.644565,0.172987,0.046756
304789,0.252806,0,0.284391,0.619486,0.704089,0.057869
304815,0.187093,0,0.195881,0.613959,0.404904,0.072203
304843,0.026296,0,0.016871,0.140438,0.054233,0.039922
304913,0.052395,0,0.045286,0.206918,0.09088,0.049952
304919,0.027943,0,0.008886,0.333337,0.13312,0.040788
304940,0.064605,0,0.05841,0.294379,0.110353,0.045139
304946,0.274155,0,0.301978,0.829813,0.741929,0.058881
304947,0.055031,0,0.031535,0.554945,0.107207,0.051017
304966,0.177813,0,0.196788,0.470542,0.364733,0.050138
304970,0.120479,0,0.113057,0.472027,0.345361,0.078717
304971,0.044537,0,0.044819,0.082573,0.050071,0.036544
304982,0.148421,0,0.131376,0.7159,0.23586,0.107507
304998,0.098401,0,0.092356,0.473764,0.205688,0.050623
305008,0.047644,0,0.046455,0.094174,0.161194,0.04051
305009,0.100924,0,0.088579,0.530529,0.158688,0.068124
305044,0.057982,0,0.04668,0.339517,0.122044,0.047612
305048,0.035951,0,0.033506,0.048337,0.081148,0.04149
305055,0.082535,0,0.084828,0.184853,0.134787,0.054304
305063,0.05254,0,0.037607,0.396652,0.090471,0.045139
305081,0.054601,0,0.058271,0.065344,0.145915,0.036544
305098,0.053397,0,0.035174,0.464503,0.195146,0.04324
305102,0.469052,0,0.567091,0.632717,0.574613,0.074721
305103,0.407856,1,0.448981,0.984358,0.795447,0.141996
305106,0.349136,0,0.396244,0.83558,0.673911,0.079044
305136,0.063619,0,0.071969,0.041023,0.073328,0.036544
305138,0.047453,0,0.029054,0.475445,0.076951,0.038103
305161,0.038732,0,0.024817,0.289109,0.083968,0.04411
305183,0.325498,0,0.363693,0.92614,0.43387,0.074043
305221,0.01754,0,0.005747,0.143318,0.081858,0.036807
305231,0.0643,0,0.048843,0.469728,0.266137,0.04324
305260,0.272615,0,0.27825,0.862823,0.677073,0.134905
305264,0.045006,0,0.038548,0.194417,0.103375,0.04051
305295,0.083765,0,0.07553,0.378894,0.260379,0.056454
305301,0.036348,0,0.02992,0.168659,0.032996,0.036544
305303,0.025632,0,0.019661,0.081155,0.068824,0.036544
305309,0.090272,0,0.093316,0.286026,0.118945,0.04324
305318,0.08298,0,0.073941,0.394897,0.17587,0.058007
305323,0.048656,0,0.04263,0.170772,0.15038,0.046219
305330,0.032403,0,0.021399,0.238093,0.023515,0.036544
305338,0.041587,0,0.022381,0.457094,0.096731,0.036721
305356,0.074525,0,0.067893,0.405993,0.189405,0.036544
305368,0.047561,0,0.040607,0.253986,0.03486,0.036721
305372,0.049528,0,0.05338,0.039045,0.071806,0.036544
305374,0.074661,0,0.080768,0.158135,0.097578,0.036544
305397,0.05817,0,0.034418,0.523669,0.165411,0.059692
305401,0.033155,0,0.019504,0.258731,0.15605,0.039796
305402,0.056283,0,0.038863,0.469326,0.115789,0.045139
305405,0.053794,0,0.050432,0.187322,0.119028,0.04051
305418,0.057786,0,0.054713,0.177661,0.134948,0.045533
305431,0.035916,0,0.024196,0.245608,0.104551,0.039796
305432,0.034194,0,0.027149,0.133149,0.071018,0.04149
305437,0.371056,0,0.424542,0.860479,0.619136,0.079044
305472,0.088408,0,0.07913,0.413464,0.183461,0.061907
305477,0.062169,0,0.058992,0.196714,0.22919,0.045139
305490,0.327792,0,0.34784,0.832696,0.734354,0.152036
305525,0.083939,0,0.085518,0.142604,0.149187,0.065781
305529,0.066421,0,0.068676,0.113551,0.130493,0.047859
305553,0.027802,0,0.01909,0.126221,0.09448,0.04051
305572,0.038588,0,0.028997,0.125942,0.153914,0.055142
305573,0.048932,0,0.048611,0.121798,0.068476,0.036544
305576,0.034928,0,0.034867,0.029237,0.021799,0.036544
305577,0.051776,0,0.03892,0.346436,0.103736,0.045139
305582,0.046834,0,0.032838,0.332922,0.127119,0.045139
305603,0.02596,0,0.017358,0.141665,0.04419,0.036544
305604,0.333239,0,0.37289,0.905366,0.528389,0.079044
305608,0.038429,0,0.031637,0.165776,0.14202,0.037834
305613,0.048719,0,0.035375,0.33188,0.090904,0.046219
305619,0.418837,0,0.495161,0.714778,0.621743,0.078323
305624,0.048161,0,0.026149,0.569923,0.037261,0.036544
305625,0.081284,0,0.080368,0.239912,0.15277,0.054304
305626,0.098209,0,0.086725,0.408486,0.255301,0.080744
305629,0.223727,0,0.232208,0.850158,0.516136,0.072203
305638,0.040649,0,0.03564,0.083837,0.112445,0.0494
305667,0.060621,0,0.051057,0.212744,0.162946,0.065871
305679,0.249228,0,0.271244,0.771212,0.630713,0.063859
305714,0.257588,0,0.289938,0.692749,0.436961,0.055282
305741,0.055781,0,0.042852,0.301233,0.123056,0.057772
305750,0.033204,0,0.018871,0.243053,0.065779,0.047726
305753,0.35697,0,0.395619,0.71534,0.751304,0.139039
305756,0.074231,0,0.082586,0.055753,0.16141,0.044208
305770,0.206049,0,0.217781,0.743848,0.582903,0.055969
305789,0.06893,0,0.049532,0.648865,0.083543,0.036544
305798,0.516635,0,0.619537,0.804246,0.759245,0.078323
305808,0.044373,0,0.034792,0.223623,0.136099,0.045139
305817,0.044672,0,0.033706,0.261375,0.091179,0.045139
305832,0.229272,0,0.235574,0.90918,0.444094,0.078436
305849,0.035852,0,0.028523,0.174204,0.088101,0.036721
305851,0.098691,0,0.09125,0.306144,0.219031,0.085705
305877,0.04038,0,0.032879,0.181093,0.168881,0.039307
305911,0.034088,0,0.021848,0.258126,0.121004,0.036807
305927,0.047314,0,0.038111,0.250903,0.077801,0.044064
305939,0.043698,0,0.020528,0.549302,0.118921,0.036807
305947,0.066654,0,0.049654,0.478198,0.209788,0.051861
305970,0.381802,0,0.416698,0.966783,0.737115,0.138347
305974,0.362995,0,0.428044,0.667595,0.696665,0.058881
305981,0.107876,0,0.108905,0.291063,0.254424,0.0672
306000,0.083977,0,0.062718,0.681448,0.240102,0.051327
306010,0.041272,0,0.031959,0.191387,0.17244,0.045139
306034,0.067092,0,0.059881,0.331998,0.11152,0.045139
306035,0.042472,0,0.04143,0.059808,0.103784,0.04149
306051,0.083738,0,0.086349,0.211881,0.210581,0.047612
306095,0.337191,0,0.396068,0.620515,0.698851,0.058881
306103,0.040632,0,0.02803,0.316903,0.159,0.034468
306161,0.037428,0,0.037023,0.044151,0.079102,0.036544
306181,0.027181,0,0.024373,0.025836,0.065018,0.036721
306201,0.048477,0,0.040589,0.252296,0.117984,0.039226
306205,0.050144,0,0.050509,0.087738,0.160513,0.038957
306222,0.072908,0,0.077054,0.163478,0.154335,0.039108
306236,0.38974,0,0.455521,0.729728,0.636911,0.079044
306239,0.352185,0,0.423664,0.447583,0.78543,0.058881
306251,0.036452,0,0.030098,0.07792,0.072318,0.051496
306253,0.025916,0,0.02115,0.06162,0.047052,0.036544
306269,0.029506,0,0.016854,0.222695,0.129136,0.038901
306270,0.041086,0,0.038337,0.097298,0.06196,0.040606
306272,0.034595,0,0.018076,0.329831,0.09235,0.041224
306316,0.047701,0,0.03217,0.439668,0.075189,0.034252
306317,0.075667,0,0.062162,0.56939,0.235686,0.032803
306322,0.067843,0,0.061234,0.385359,0.031616,0.036544
306326,0.035547,0,0.023624,0.233368,0.153896,0.040891
306335,0.026436,0,0.021781,0.08856,0.069653,0.031308
306355,0.026511,0,0.020196,0.100832,0.026891,0.036544
306359,0.212587,0,0.219894,0.794687,0.47943,0.074043
306367,0.031276,0,0.013934,0.325521,0.085408,0.041224
306373,0.036272,0,0.015635,0.461307,0.036423,0.036544
306384,0.079693,0,0.088234,0.068705,0.176947,0.047359
306386,0.050384,0,0.048081,0.09704,0.099412,0.049166
306387,0.062194,0,0.043282,0.526918,0.249861,0.0437
306388,0.040596,0,0.033239,0.167063,0.124862,0.042787
306413,0.078632,0,0.073764,0.111961,0.227184,0.086456
306447,0.057685,0,0.036124,0.567765,0.094487,0.045139
306449,0.325922,0,0.358891,0.707876,0.634152,0.127189
306453,0.029281,0,0.022823,0.090264,0.055662,0.04149
306488,0.084768,0,0.097606,0.061812,0.118083,0.04051
306506,0.080482,0,0.076555,0.204658,0.265414,0.067568
306519,0.238482,0,0.229446,0.916455,0.436661,0.145115
306530,0.042018,0,0.029167,0.243237,0.077346,0.052533
306560,0.285275,1,0.320334,0.662742,0.614056,0.079044
306575,0.044826,0,0.036524,0.258115,0.074342,0.036544
306596,0.040439,0,0.029261,0.257912,0.079262,0.04177
306616,0.063828,0,0.065237,0.081158,0.163114,0.05272
306639,0.160006,0,0.147745,0.623729,0.326382,0.117729
306655,0.086635,0,0.078865,0.426475,0.127576,0.053452
306658,0.046717,0,0.045538,0.087963,0.138844,0.041095
306674,0.04831,0,0.047318,0.129479,0.081031,0.036544
306689,0.347997,0,0.381251,0.809734,0.752409,0.131235
306708,0.362923,0,0.424339,0.740018,0.710492,0.058881
306716,0.048994,0,0.040456,0.296102,0.043058,0.036544
306750,0.051571,0,0.042358,0.273756,0.078442,0.045139
306751,0.10488,0,0.122775,0.095697,0.151529,0.039108
306754,0.044295,0,0.044935,0.070046,0.072124,0.036544
306760,0.087774,0,0.074309,0.422178,0.239989,0.073451
306777,0.035114,0,0.034249,0.047936,0.016438,0.036544
306788,0.068466,0,0.069181,0.133749,0.073911,0.054007
306796,0.052805,0,0.051071,0.146364,0.122884,0.04051
306798,0.047748,0,0.046031,0.05694,0.081384,0.051496
306799,0.032493,0,0.019973,0.268429,0.033808,0.036544
306825,0.389024,0,0.453065,0.774595,0.550201,0.079044
306826,0.333867,0,0.377772,0.824515,0.510505,0.079044
306863,0.334155,1,0.362939,0.786433,0.68102,0.137223
306864,0.035271,0,0.030918,0.092758,0.104971,0.039108
306865,0.04861,0,0.040226,0.286706,0.066009,0.036544
306913,0.078671,0,0.064702,0.546344,0.134002,0.045139
306949,0.210405,0,0.213728,0.738177,0.523314,0.094984
306975,0.041219,0,0.035676,0.146269,0.091888,0.04149
306977,0.048433,0,0.033133,0.406777,0.091339,0.0397
306982,0.368803,0,0.425067,0.797747,0.556591,0.079044
306991,0.02372,0,0.017374,0.050371,0.115609,0.039796
307022,0.23398,0,0.24935,0.700369,0.687327,0.081058
307025,0.067445,0,0.067699,0.188721,0.162678,0.042144
307034,0.031896,0,0.015678,0.326079,0.117702,0.036807
307039,0.074329,0,0.063768,0.431936,0.226443,0.045139
307049,0.055352,0,0.045567,0.357844,0.087229,0.036544
307075,0.028589,0,0.020078,0.115404,0.166767,0.040606
307111,0.060534,0,0.047016,0.365134,0.15196,0.053452
307114,0.087558,0,0.100101,0.046258,0.131762,0.047359
307123,0.365388,0,0.398313,0.809978,0.800592,0.152036
307175,0.048014,0,0.041397,0.197237,0.138226,0.04324
307180,0.045639,0,0.042604,0.097283,0.110038,0.045799
307220,0.074709,0,0.058719,0.475875,0.116666,0.0609
307262,0.025814,0,0.016095,0.136489,0.207206,0.036807
307270,0.254476,0,0.287733,0.604918,0.613271,0.058881
307273,0.063816,0,0.061705,0.174543,0.149714,0.0494
307280,0.096626,0,0.101516,0.242188,0.347632,0.045458
307324,0.043315,0,0.043759,0.035761,0.09767,0.04149
307331,0.038288,0,0.03253,0.108216,0.106156,0.045139
307346,0.041537,0,0.036075,0.125439,0.09745,0.045139
307382,0.061813,0,0.049034,0.412349,0.172836,0.04324
307390,0.128773,0,0.133963,0.393662,0.17736,0.0609
307397,0.048582,0,0.037782,0.268619,0.190579,0.045139
307426,0.341796,0,0.38519,0.854001,0.729389,0.079044
307427,0.03484,0,0.028407,0.125444,0.129716,0.039729
307428,0.029207,0,0.019225,0.191928,0.045445,0.036544
307431,0.04715,0,0.035761,0.279275,0.139111,0.045139
307454,0.269561,0,0.291164,0.848651,0.526211,0.079044
307464,0.255171,0,0.286098,0.625908,0.814619,0.058881
307465,0.04047,0,0.036167,0.109782,0.128429,0.04149
307498,0.042659,0,0.034912,0.200194,0.054556,0.042787
307519,0.039877,0,0.024145,0.304768,0.138684,0.047859
307525,0.042577,0,0.028555,0.268584,0.185124,0.049952
307528,0.088937,0,0.096532,0.207115,0.101653,0.039409
307535,0.226914,0,0.244945,0.773626,0.416049,0.057283
307555,0.031058,0,0.016817,0.29457,0.03203,0.036544
307579,0.074727,0,0.079192,0.090358,0.125597,0.054007
307589,0.06017,0,0.040873,0.519232,0.211541,0.045139
307598,0.051624,0,0.053009,0.10629,0.05862,0.036544
307604,0.042648,0,0.035499,0.169841,0.084688,0.045139
307625,0.065083,0,0.064677,0.226764,0.105789,0.036544
307626,0.319261,0,0.343983,0.898432,0.713624,0.113317
307630,0.278792,0,0.311012,0.786798,0.637331,0.058881
307632,0.020562,0,0.006239,0.215596,0.084583,0.036807
307633,0.045993,0,0.025616,0.49274,0.121037,0.039307
307641,0.059388,0,0.043518,0.458058,0.117065,0.045139
307654,0.04571,0,0.025137,0.442483,0.07565,0.049952
307660,0.06965,0,0.065755,0.330992,0.097861,0.036544
307663,0.121547,0,0.11435,0.539876,0.634336,0.058881
307669,0.063859,0,0.040976,0.630703,0.132948,0.045139
307673,0.042811,0,0.023282,0.449073,0.073242,0.04149
307681,0.045563,0,0.031598,0.323512,0.168976,0.04399
307696,0.0908,0,0.093806,0.307472,0.132789,0.039796
307709,0.34225,0,0.377331,0.687332,0.751935,0.139436
307747,0.476183,0,0.581185,0.534185,0.783803,0.069301
307761,0.061927,0,0.027816,0.849145,0.136817,0.045139
307773,0.078612,0,0.082253,0.126754,0.188574,0.053452
307796,0.351636,0,0.410318,0.700192,0.837456,0.058881
307825,0.060326,0,0.0597,0.102055,0.101832,0.054007
307856,0.325326,0,0.350647,0.791356,0.764701,0.136112
307857,0.354577,0,0.388053,0.801802,0.778498,0.139039
307863,0.066662,0,0.06065,0.352263,0.112319,0.036544
307865,0.05856,0,0.045764,0.421613,0.151345,0.03833
307887,0.091707,0,0.083708,0.392836,0.323246,0.0609
307892,0.474602,0,0.579061,0.588411,0.813111,0.058881
307893,0.302242,0,0.331968,0.656669,0.577861,0.121329
307932,0.051193,0,0.046837,0.099145,0.209986,0.054224
307935,0.144604,0,0.138553,0.731909,0.500979,0.051936
307947,0.067604,0,0.057013,0.383543,0.182542,0.04702
307969,0.34559,0,0.388888,0.891749,0.665273,0.079044
307971,0.338307,0,0.358858,0.97861,0.748721,0.136388
307973,0.066855,0,0.068695,0.026487,0.119586,0.065781
307996,0.355158,0,0.386758,0.903442,0.562842,0.134609
308001,0.065523,0,0.064458,0.093287,0.192675,0.0609
308004,0.030068,0,0.023858,0.098468,0.170701,0.036807
308020,0.516595,0,0.622439,0.759803,0.654145,0.078323
308035,0.360385,0,0.394256,0.884309,0.782805,0.129726
308048,0.366543,0,0.402501,0.984216,0.727835,0.113152
308053,0.228402,0,0.252986,0.638644,0.476586,0.057283
308058,0.02212,0,0.007973,0.207878,0.102652,0.038901
308070,0.065717,0,0.050762,0.452893,0.100484,0.050788
308088,0.392895,1,0.428857,0.957462,0.795048,0.147822
308092,0.05431,0,0.035962,0.526618,0.088517,0.036721
308094,0.097413,0,0.080225,0.444515,0.281733,0.093664
308110,0.032449,0,0.027589,0.059415,0.177096,0.04149
308111,0.04758,0,0.048383,0.063927,0.139056,0.039108
308127,0.03049,0,0.025004,0.073113,0.08868,0.04149
308143,0.040937,0,0.036313,0.108259,0.070979,0.045139
308148,0.057535,0,0.03608,0.446018,0.089659,0.066459
308170,0.051815,0,0.033647,0.510853,0.064449,0.036544
308173,0.042021,0,0.028119,0.361868,0.030467,0.036544
308178,0.323406,0,0.379797,0.513884,0.54875,0.074721
308197,0.092207,0,0.067517,0.753164,0.29232,0.059644
308201,0.343514,0,0.373055,0.845588,0.749194,0.133225
308220,0.054759,0,0.037354,0.479283,0.174811,0.039796
308242,0.042181,0,0.035135,0.138479,0.118794,0.048831
308244,0.216421,0,0.225339,0.870608,0.545719,0.057283
308246,0.030669,0,0.017495,0.262152,0.10762,0.035791
308255,0.042906,0,0.040794,0.089624,0.073717,0.04149
308258,0.07387,0,0.056632,0.544507,0.248898,0.048495
308279,0.058989,0,0.061623,0.131618,0.049767,0.036544
308286,0.087729,0,0.090492,0.280693,0.157398,0.041078
308322,0.321284,0,0.345783,0.82511,0.782374,0.127735
308344,0.075078,0,0.074716,0.181189,0.124738,0.056052
308360,0.350992,0,0.419847,0.524655,0.590275,0.058881
308396,0.04725,0,0.032103,0.420191,0.047878,0.036544
308401,0.057412,0,0.038872,0.56089,0.181606,0.032417
308406,0.052088,0,0.033423,0.464466,0.130016,0.045139
308408,0.038,0,0.035827,0.036004,0.081955,0.045139
308421,0.027948,0,0.022996,0.081673,0.031234,0.036544
308432,0.047848,0,0.034538,0.329666,0.101409,0.045139
308443,0.371116,0,0.433902,0.67884,0.554748,0.079044
308467,0.088623,0,0.079978,0.457812,0.128761,0.053452
308469,0.070121,0,0.07457,0.067764,0.162476,0.051496
308477,0.065876,0,0.047608,0.570086,0.128337,0.04149
308482,0.030211,0,0.019481,0.159643,0.104765,0.044608
308486,0.256003,0,0.269404,0.918847,0.596736,0.078436
308490,0.293481,0,0.308987,0.867615,0.611384,0.124637
308494,0.038077,0,0.021883,0.318737,0.203411,0.043065
308501,0.110335,0,0.113563,0.259192,0.270798,0.067277
308536,0.256338,0,0.294481,0.517329,0.710876,0.055969
308584,0.026541,0,0.018976,0.124156,0.044187,0.036544
308589,0.087468,1,0.079853,0.432707,0.203664,0.050623
308595,0.625742,0,0.777123,0.53248,0.801339,0.078323
308597,0.059618,0,0.054807,0.289451,0.051805,0.036544
308609,0.03973,0,0.031286,0.228895,0.060007,0.036544
308622,0.489274,0,0.590121,0.685982,0.734437,0.074721
308633,0.073284,0,0.068381,0.212682,0.176872,0.063558
308638,0.6262,0,0.774566,0.593716,0.827807,0.078323
308663,0.052118,0,0.03284,0.458843,0.077224,0.04994
308664,0.038328,0,0.033263,0.120739,0.112912,0.040203
308728,0.020533,0,0.010907,0.111909,0.124863,0.036807
308739,0.036503,0,0.026918,0.170397,0.137047,0.045139
308776,0.046656,0,0.046196,0.089925,0.100213,0.039108
308783,0.041285,0,0.033962,0.218113,0.04821,0.036544
308796,0.051224,0,0.047607,0.140165,0.172224,0.045267
308813,0.418034,0,0.50263,0.633143,0.710388,0.058881
308825,0.085605,0,0.063806,0.548142,0.244926,0.078971
308826,0.031749,0,0.021078,0.220968,0.057994,0.036608
308844,0.067101,0,0.066744,0.224102,0.129042,0.038615
308845,0.042597,0,0.03813,0.140234,0.048277,0.04149
308865,0.057351,0,0.05581,0.059933,0.128566,0.060569
308866,0.406008,1,0.44995,0.866411,0.789104,0.150611
308893,0.04119,0,0.03281,0.241191,0.036381,0.036544
308919,0.057069,0,0.043542,0.388057,0.154313,0.045139
308934,0.031188,0,0.029148,0.035004,0.084115,0.036544
308950,0.304546,0,0.352106,0.646091,0.497425,0.062406
308983,0.060378,0,0.059267,0.211587,0.092963,0.036544
309008,0.022891,0,0.016876,0.033346,0.089974,0.041341
309029,0.38117,0,0.415147,0.978906,0.775843,0.137713
309057,0.041137,0,0.03532,0.184277,0.058857,0.036544
309069,0.061619,0,0.043772,0.566172,0.091339,0.036544
309099,0.041292,0,0.030103,0.287167,0.107692,0.036807
309138,0.022952,0,0.014217,0.065732,0.104433,0.045267
309151,0.209014,0,0.209164,0.882643,0.326883,0.084766
309173,0.031728,0,0.019774,0.246084,0.068405,0.036544
309189,0.042341,0,0.041545,0.085478,0.078832,0.036544
309196,0.120422,0,0.13019,0.264944,0.14692,0.057772
309204,0.089846,0,0.081352,0.473321,0.163205,0.050623
309223,0.044917,0,0.038803,0.166671,0.066364,0.045139
309254,0.024898,0,0.013231,0.162644,0.106176,0.041078
309264,0.03423,0,0.024466,0.191185,0.120946,0.039796
309265,0.037633,0,0.024993,0.274502,0.115472,0.039796
309268,0.111032,0,0.107495,0.491745,0.173454,0.054304
309279,0.050037,0,0.036789,0.386235,0.099796,0.037488
309287,0.078767,0,0.048243,0.794739,0.173428,0.0609
309290,0.092104,0,0.096589,0.313108,0.074664,0.036544
309319,0.066641,0,0.051746,0.524,0.17817,0.036783
309333,0.038601,0,0.026618,0.268952,0.126144,0.039226
309336,0.044364,0,0.026284,0.462707,0.117888,0.034316
309338,0.072425,0,0.060205,0.472736,0.171182,0.04324
309363,0.050284,0,0.050051,0.056598,0.135256,0.047612
309375,0.351489,0,0.405595,0.716799,0.61081,0.079044
309392,0.037393,0,0.028941,0.159374,0.163747,0.04324
309411,0.30541,1,0.343178,0.744715,0.601642,0.079044
309415,0.040181,0,0.03791,0.102939,0.068822,0.036544
309417,0.033908,0,0.025425,0.143847,0.050083,0.045139
309479,0.053405,0,0.0581,0.047067,0.076534,0.036544
309482,0.113765,0,0.132014,0.168739,0.113634,0.036544
309489,0.036562,0,0.033052,0.047693,0.121434,0.045139
309491,0.038837,0,0.038118,0.063322,0.059185,0.036544
309495,0.038388,0,0.032855,0.082698,0.091719,0.0494
309511,0.046895,0,0.038201,0.280916,0.069868,0.036544
309571,0.312658,1,0.343427,0.667989,0.716287,0.124108
309580,0.0631,0,0.064118,0.193958,0.042381,0.036544
309596,0.317267,0,0.368973,0.640983,0.655756,0.058881
309613,0.414136,1,0.487275,0.744475,0.623982,0.079044
309663,0.027849,0,0.022756,0.083337,0.035008,0.036544
309666,0.111697,0,0.096152,0.554233,0.229089,0.086723
309668,0.047069,0,0.042291,0.130108,0.130567,0.047515
309675,0.099713,0,0.083308,0.57732,0.158189,0.073312
309692,0.189328,0,0.192789,0.542742,0.424249,0.106753
309700,0.042089,0,0.027249,0.364383,0.090931,0.037934
309713,0.055072,0,0.040011,0.380219,0.125091,0.050623
309737,0.037694,0,0.024507,0.232576,0.0822,0.050319
309742,0.323751,0,0.386954,0.48251,0.685651,0.051714
309743,0.066004,0,0.05988,0.357422,0.060078,0.036721
309784,0.031495,0,0.022436,0.188117,0.046637,0.036544
309787,0.059522,0,0.047674,0.429384,0.082573,0.036544
309812,0.041122,0,0.022244,0.472734,0.051174,0.033446
309836,0.042266,0,0.03949,0.063052,0.08448,0.047612
309844,0.059816,0,0.057835,0.194207,0.126902,0.041224
309847,0.058244,0,0.049125,0.286204,0.108373,0.049777
309871,0.043048,0,0.031376,0.282042,0.172531,0.039796
309915,0.043668,0,0.020918,0.501449,0.094057,0.044473
309926,0.060019,0,0.053817,0.286017,0.157286,0.039796
309927,0.081287,0,0.05644,0.574594,0.168631,0.082447
309954,0.031864,0,0.012953,0.379748,0.128908,0.036807
309963,0.213334,0,0.227318,0.640385,0.616999,0.073966
309969,0.109495,0,0.1113,0.33833,0.14637,0.0609
309984,0.054261,0,0.046167,0.314697,0.092317,0.036544
309999,0.030428,1,0.025498,0.082395,0.129768,0.036544
310037,0.063337,0,0.061883,0.138618,0.153001,0.05272
310042,0.041158,0,0.031397,0.270054,0.032952,0.036544
310056,0.049726,0,0.035913,0.326249,0.099672,0.049925
310064,0.054656,0,0.038918,0.428758,0.082973,0.045139
310072,0.343129,0,0.367865,0.947273,0.697531,0.133798
310081,0.093214,0,0.090328,0.276352,0.232977,0.0672
310086,0.091614,0,0.088235,0.331545,0.200978,0.058133
310132,0.295647,0,0.325716,0.839258,0.593144,0.079044
310152,0.041285,0,0.028999,0.318821,0.060058,0.036544
310155,0.039381,0,0.022852,0.372896,0.142149,0.037934
310160,0.415555,0,0.48545,0.811821,0.682603,0.079044
310173,0.061571,0,0.052615,0.321602,0.229451,0.043442
310174,0.063512,0,0.061396,0.225257,0.122422,0.040764
310182,0.035156,0,0.029516,0.112842,0.116942,0.039796
310193,0.321192,0,0.362514,0.78575,0.551889,0.079044
310235,0.029455,0,0.021787,0.138554,0.117606,0.035791
310237,0.045937,0,0.031072,0.353852,0.070175,0.045139
310240,0.047917,0,0.036735,0.309142,0.176625,0.038901
310242,0.061375,0,0.0657,0.105871,0.093464,0.036544
310245,0.065965,0,0.058672,0.379346,0.078884,0.036544
310254,0.110107,0,0.09343,0.72839,0.366118,0.053992
310255,0.074663,0,0.082427,0.110405,0.17649,0.036721
310268,0.354921,0,0.413761,0.738319,0.751941,0.057869
310317,0.042365,0,0.038607,0.122273,0.090407,0.040606
310319,0.370446,0,0.421513,0.875547,0.742694,0.081058
310325,0.042796,0,0.03436,0.159863,0.128227,0.050621
310326,0.039062,0,0.021246,0.419581,0.050718,0.036544
310358,0.037697,0,0.028046,0.182745,0.080321,0.046219
310367,0.039822,0,0.032618,0.161106,0.089055,0.043365
310379,0.193025,0,0.210193,0.446228,0.381582,0.079044
310382,0.431824,0,0.515515,0.751298,0.706339,0.057869
310388,0.059278,0,0.046572,0.384637,0.163023,0.045139
310389,0.05965,0,0.055598,0.213921,0.127277,0.045139
310419,0.061095,0,0.039268,0.632438,0.160739,0.036807
310427,0.20538,0,0.218738,0.703198,0.59871,0.055969
310432,0.042363,0,0.030815,0.283079,0.183221,0.038019
310439,0.048326,0,0.044722,0.130612,0.111865,0.045139
310442,0.040211,0,0.034969,0.120262,0.111945,0.04324
310446,0.045334,0,0.03972,0.189909,0.092553,0.038901
310450,0.052151,0,0.038792,0.35273,0.145718,0.045139
310452,0.085305,0,0.07661,0.417014,0.278821,0.052679
310470,0.025733,0,0.021483,0.045845,0.07137,0.036544
310481,0.032495,0,0.029141,0.042443,0.08963,0.04149
310483,0.051715,0,0.049492,0.173001,0.112139,0.036544
310484,0.449794,1,0.507331,0.856809,0.8297,0.153817
310489,0.074456,0,0.050356,0.628961,0.249359,0.059443
310503,0.077128,0,0.072062,0.378143,0.157057,0.039796
310506,0.03707,0,0.033422,0.082422,0.070676,0.04149
310507,0.071798,0,0.059074,0.523336,0.127413,0.036544
310511,0.296379,0,0.322409,0.798679,0.720956,0.09848
310524,0.028378,0,0.009827,0.293523,0.148898,0.046112
310525,0.033936,0,0.027429,0.086554,0.116898,0.046219
310546,0.369507,0,0.415756,0.785276,0.778339,0.112836
310578,0.041956,0,0.03749,0.167605,0.022758,0.036544
310581,0.108745,0,0.128926,0.051513,0.149599,0.043278
310593,0.040696,0,0.035565,0.089224,0.116502,0.048831
310594,0.235863,0,0.264387,0.606618,0.482706,0.057283
310604,0.035334,0,0.017627,0.416139,0.07062,0.031695
310607,0.040727,0,0.033461,0.167758,0.114731,0.042772
310612,0.04441,0,0.038918,0.172786,0.085089,0.040606
310618,0.220355,0,0.223107,0.893715,0.446938,0.083469
310620,0.034575,0,0.025076,0.189426,0.143784,0.038901
310629,0.065347,0,0.055107,0.429273,0.121904,0.036544
310643,0.043605,0,0.030682,0.293003,0.101495,0.045139
310645,0.038408,0,0.025253,0.265245,0.085394,0.045139
310649,0.021207,0,0.01388,0.07281,0.100492,0.036807
310654,0.051081,0,0.041829,0.274757,0.122106,0.043278
310659,0.207522,0,0.206552,0.88884,0.612418,0.077921
310687,0.029086,0,0.014736,0.200937,0.162304,0.047612
310688,0.071402,0,0.072092,0.212823,0.099687,0.042787
310705,0.371158,0,0.40263,0.957747,0.762539,0.139039
310725,0.074635,0,0.077382,0.213927,0.133566,0.037934
310741,0.341323,1,0.3676,0.857622,0.74177,0.140693
310746,0.038625,0,0.026163,0.251473,0.091136,0.045139
310749,0.353508,0,0.405047,0.793958,0.544715,0.079044
310774,0.042884,0,0.024572,0.414657,0.194796,0.039796
310791,0.049847,0,0.044489,0.197596,0.108048,0.041592
310849,0.212803,0,0.234341,0.579131,0.631187,0.055969
310878,0.075604,0,0.075944,0.241668,0.314054,0.037934
310884,0.052859,0,0.045589,0.190858,0.129176,0.052894
310890,0.099541,0,0.092767,0.445119,0.167185,0.0609
310905,0.038069,0,0.030428,0.158371,0.10958,0.042772
310920,0.036337,0,0.023286,0.247355,0.096297,0.045139
310923,0.033647,0,0.030141,0.089271,0.037611,0.036544
310941,0.047954,0,0.03482,0.312164,0.109577,0.047515
310969,0.038931,0,0.022142,0.338172,0.162058,0.04399
310975,0.211595,0,0.224047,0.691642,0.416243,0.074043
310981,0.440062,1,0.494425,0.958152,0.809615,0.136252
310982,0.09138,0,0.091892,0.283297,0.153073,0.053452
311001,0.045042,0,0.024422,0.525719,0.106412,0.03358
311005,0.109073,0,0.120239,0.234169,0.275446,0.040776
311007,0.032562,0,0.016006,0.298643,0.107023,0.044064
311013,0.043134,0,0.03527,0.184732,0.104738,0.045139
311014,0.433421,1,0.482473,0.982914,0.819315,0.143157
311048,0.056818,0,0.056225,0.130284,0.078476,0.045267
311075,0.285658,0,0.291677,0.948964,0.305321,0.144355
311131,0.042537,0,0.030084,0.350906,0.10408,0.031695
311147,0.334185,0,0.385425,0.707858,0.5066,0.073291
311150,0.024826,0,0.017735,0.073344,0.115118,0.039796
311154,0.070727,0,0.077584,0.116146,0.131713,0.035562
311158,0.041044,0,0.029306,0.260835,0.099497,0.043471
311164,0.061337,0,0.049455,0.34596,0.093673,0.053452
311168,0.040522,0,0.028627,0.201389,0.08715,0.054393
311171,0.217579,0,0.233458,0.706253,0.703652,0.057869
311182,0.052393,0,0.055067,0.08335,0.068064,0.036544
311191,0.56685,0,0.688821,0.758478,0.700959,0.078323
311236,0.025844,0,0.017896,0.098921,0.108853,0.039796
311248,0.44212,0,0.494856,0.917412,0.809276,0.152036
311281,0.027962,0,0.020242,0.110308,0.037636,0.04149
311299,0.052965,0,0.042248,0.365714,0.057287,0.036544
311325,0.04113,0,0.031652,0.205614,0.097975,0.045139
311328,0.044196,0,0.032196,0.333713,0.052887,0.036544
311392,0.071088,0,0.049017,0.629136,0.151541,0.050623
311406,0.039375,0,0.031214,0.156466,0.073815,0.047622
311411,0.042864,0,0.030841,0.272156,0.151047,0.04324
311415,0.214723,0,0.215689,0.899091,0.564931,0.078971
311426,0.034939,0,0.016581,0.3705,0.157908,0.039307
311438,0.070088,0,0.073936,0.178232,0.070402,0.036544
311441,0.039409,0,0.027653,0.297617,0.044672,0.036544
311503,0.099952,1,0.074367,0.84817,0.26145,0.056191
311505,0.09626,0,0.083228,0.592096,0.149159,0.054304
311550,0.170322,0,0.174581,0.681778,0.512801,0.053522
311557,0.052839,0,0.046706,0.220243,0.068522,0.045139
311568,0.038428,0,0.03578,0.09777,0.069713,0.036721
311593,0.207198,0,0.205119,0.940372,0.554791,0.074043
311631,0.029503,0,0.019801,0.192537,0.017672,0.036544
311633,0.060707,0,0.046497,0.472585,0.119532,0.037934
311667,0.042025,0,0.043304,0.039745,0.083264,0.036544
311694,0.307006,0,0.353819,0.579604,0.553157,0.078436
311696,0.099239,0,0.089137,0.481511,0.265073,0.063558
311709,0.054075,0,0.042871,0.32504,0.121364,0.045139
311711,0.138409,0,0.150186,0.310392,0.288968,0.059923
311718,0.036303,0,0.027078,0.194299,0.059531,0.04149
311725,0.043691,0,0.03992,0.137609,0.104785,0.039108
311759,0.064169,0,0.058769,0.196961,0.075238,0.060073
311760,0.079721,0,0.084333,0.138818,0.176215,0.0494
311790,0.04589,0,0.038762,0.188709,0.101117,0.045139
311805,0.068747,0,0.063092,0.322378,0.123376,0.042772
311821,0.087805,0,0.071191,0.502739,0.259825,0.070163
311828,0.292393,0,0.307103,0.892606,0.706376,0.119112
311830,0.528317,1,0.638143,0.769759,0.588648,0.077834
311864,0.258679,0,0.281666,0.858919,0.587477,0.057229
311869,0.044416,0,0.032488,0.333576,0.053688,0.036544
311881,0.261706,0,0.275804,0.805499,0.584912,0.103331
311887,0.03092,0,0.027539,0.066247,0.050351,0.036544
311918,0.051361,0,0.029471,0.564975,0.179801,0.036807
311940,0.035495,0,0.027698,0.14935,0.064415,0.043131
311942,0.044624,0,0.04074,0.155297,0.129096,0.036807
311952,0.025753,0,0.012223,0.21099,0.146084,0.039226
311976,0.0417,0,0.040453,0.055731,0.123282,0.04149
312011,0.036891,0,0.032959,0.118038,0.050047,0.036544
312018,0.017023,0,0.008024,0.06251,0.09959,0.039796
312061,0.035223,0,0.029973,0.102586,0.073638,0.04149
312074,0.050545,0,0.052296,0.093094,0.048104,0.036544
312118,0.063528,0,0.050518,0.227341,0.272787,0.076393
312143,0.02152,0,0.009819,0.154514,0.083328,0.039226
312150,0.042309,0,0.031345,0.29506,0.081169,0.036544
312157,0.105163,0,0.115004,0.125962,0.253653,0.0609
312166,0.032199,0,0.026602,0.06749,0.082617,0.045139
312177,0.049942,0,0.041244,0.302124,0.066453,0.036544
312178,0.040732,0,0.032998,0.200439,0.099173,0.039108
312197,0.052463,0,0.051176,0.127927,0.141177,0.041224
312232,0.256177,0,0.286626,0.579568,0.521274,0.078436
312233,0.082578,0,0.088486,0.195206,0.13646,0.039108
312244,0.058625,0,0.059957,0.060046,0.0689,0.053159
312247,0.068679,0,0.055295,0.403762,0.12111,0.056758
312251,0.036046,0,0.019817,0.352511,0.057847,0.038825
312261,0.046393,0,0.037523,0.235983,0.118441,0.04324
312269,0.034891,0,0.030546,0.062994,0.062398,0.045139
312274,0.057531,0,0.06005,0.020623,0.131809,0.05272
312285,0.032941,0,0.027522,0.112931,0.098544,0.036807
312299,0.075777,0,0.079814,0.108577,0.111052,0.054007
312300,0.02574,0,0.020258,0.054323,0.088341,0.039108
312364,0.085592,0,0.07812,0.394064,0.135699,0.056654
312375,0.143987,0,0.121973,0.735766,0.252601,0.116488
312383,0.042335,0,0.035148,0.181456,0.070052,0.04324
312401,0.02988,0,0.023135,0.132139,0.029051,0.036544
312414,0.070576,0,0.074435,0.160318,0.112356,0.039108
312416,0.021325,0,0.011472,0.127307,0.091054,0.036807
312443,0.027034,0,0.022735,0.041727,0.074118,0.038957
312462,0.033377,0,0.027733,0.082614,0.110674,0.04324
312465,0.036464,0,0.026343,0.225517,0.151738,0.036807
312486,0.036466,0,0.02315,0.312485,0.028961,0.036544
312494,0.033086,0,0.026629,0.099409,0.031079,0.045139
312495,0.252715,0,0.275797,0.70452,0.546143,0.078436
312511,0.055204,0,0.04528,0.291045,0.116638,0.047983
312550,0.057627,0,0.044514,0.349445,0.16016,0.051017
312554,0.042811,0,0.039455,0.042417,0.170434,0.051666
312570,0.041542,0,0.03543,0.187929,0.089336,0.036608
312646,0.05751,0,0.053527,0.231634,0.128269,0.039108
312655,0.059159,0,0.043506,0.451892,0.11796,0.045139
312668,0.070486,0,0.045921,0.688471,0.100339,0.049952
312701,0.06015,0,0.05551,0.256342,0.149748,0.0397
312706,0.059243,0,0.051825,0.252179,0.172967,0.048951
312734,0.074852,0,0.065836,0.409097,0.258382,0.04324
312767,0.282636,0,0.324416,0.619567,0.645206,0.057869
312786,0.022933,0,0.015962,0.072591,0.129107,0.036807
312790,0.050035,0,0.032208,0.328112,0.130325,0.063924
312823,0.04565,0,0.039867,0.193399,0.106041,0.038901
312830,0.046615,0,0.033004,0.348413,0.052878,0.042787
312831,0.374282,0,0.428568,0.853648,0.695571,0.079044
312854,0.295727,0,0.337381,0.679356,0.806771,0.058881
312856,0.048096,0,0.026145,0.50781,0.114936,0.045139
312859,0.059031,0,0.05791,0.165556,0.177503,0.040788
312864,0.045407,0,0.030735,0.395895,0.060611,0.036544
312903,0.254245,0,0.279036,0.78769,0.662279,0.055829
312917,0.053554,0,0.038852,0.403917,0.124815,0.04324
312932,0.030965,0,0.020149,0.206827,0.125903,0.036807
312944,0.042279,0,0.039858,0.064685,0.134623,0.044608
312951,0.225502,0,0.247669,0.655135,0.54352,0.057869
312976,0.041152,0,0.025653,0.325442,0.128207,0.045139
313030,0.334724,0,0.374859,0.742864,0.655549,0.104489
313042,0.032936,0,0.022937,0.159052,0.110547,0.045139
313064,0.33143,0,0.370034,0.881783,0.736936,0.079044
313113,0.034322,0,0.015721,0.345556,0.154665,0.044011
313132,0.025097,0,0.01499,0.142478,0.083749,0.039796
313134,0.070705,0,0.047849,0.624489,0.228423,0.051714
313154,0.207996,0,0.242857,0.26993,0.360452,0.063859
313169,0.052996,0,0.044276,0.267173,0.116552,0.045139
313190,0.310853,0,0.333464,0.738192,0.741462,0.138808
313192,0.349432,1,0.395595,0.865538,0.620662,0.079044
313197,0.074435,0,0.067702,0.269644,0.199046,0.0609
313202,0.086132,0,0.092612,0.19438,0.159699,0.040776
313224,0.05484,0,0.04709,0.260486,0.110774,0.045139
313229,0.04638,0,0.033014,0.375235,0.062139,0.036544
313234,0.34319,0,0.385094,0.913468,0.607755,0.079044
313235,0.063786,0,0.063124,0.172569,0.188105,0.043278
313238,0.280007,0,0.315619,0.827019,0.60082,0.041666
313241,0.068241,0,0.053074,0.514071,0.238103,0.039796
313248,0.126819,0,0.15219,0.092733,0.18488,0.037559
313253,0.360904,0,0.406029,0.960623,0.64514,0.079044
313262,0.051948,0,0.031354,0.5002,0.141045,0.045398
313273,0.039187,0,0.033646,0.118339,0.071091,0.044608
313277,0.157613,0,0.162678,0.587058,0.592288,0.04988
313318,0.075424,0,0.059558,0.62318,0.061634,0.036544
313319,0.119558,0,0.100294,0.650367,0.252081,0.092119
313322,0.321839,1,0.375453,0.634599,0.642019,0.058881
313328,0.058788,0,0.042869,0.456705,0.106469,0.045139
313348,0.037371,0,0.037182,0.043635,0.051676,0.036544
313349,0.29735,0,0.328348,0.858145,0.602011,0.074043
313373,0.065451,0,0.055111,0.259372,0.255676,0.06361
313375,0.391863,0,0.433149,0.980214,0.755235,0.123974
313384,0.037742,0,0.027428,0.252934,0.067509,0.036544
313385,0.245905,0,0.25265,0.700495,0.490812,0.132843
313416,0.348176,0,0.395279,0.828856,0.604871,0.081058
313440,0.042661,0,0.027168,0.332567,0.135597,0.045458
313448,0.074673,0,0.077201,0.20615,0.112492,0.040776
313461,0.03077,0,0.018529,0.266089,0.086229,0.032368
313480,0.361415,0,0.411493,0.859183,0.66099,0.079044
313529,0.039186,0,0.03291,0.177413,0.079014,0.036544
313533,0.044068,0,0.030366,0.342737,0.129342,0.038901
313535,0.285156,0,0.319027,0.690469,0.588948,0.079044
313562,0.116636,0,0.101403,0.772439,0.166823,0.054304
313578,0.034014,0,0.023581,0.19945,0.146982,0.039796
313589,0.137582,0,0.131652,0.529635,0.345293,0.083558
313590,0.269048,1,0.290371,0.790821,0.640509,0.086557
313617,0.605267,0,0.748835,0.551616,0.826893,0.078323
313647,0.05626,0,0.055065,0.100862,0.098907,0.051496
313675,0.098289,0,0.089984,0.476418,0.171428,0.059334
313680,0.065946,0,0.052479,0.126009,0.297376,0.098411
313683,0.030968,0,0.018842,0.246237,0.057405,0.036544
313685,0.052902,0,0.052892,0.060457,0.187558,0.047782
313690,0.260303,0,0.300198,0.531861,0.432717,0.059558
313696,0.060018,0,0.046767,0.378308,0.111766,0.050623
313723,0.081171,0,0.060299,0.561656,0.334275,0.065252
313732,0.325156,0,0.362579,0.929194,0.50069,0.074043
313737,0.019777,0,0.009154,0.136448,0.067878,0.036807
313751,0.049474,0,0.032211,0.404278,0.1558,0.046831
313767,0.322583,0,0.364048,0.767268,0.709316,0.079044
313772,0.264518,0,0.288196,0.749299,0.667728,0.079044
313777,0.249873,0,0.268411,0.770028,0.582992,0.079044
313788,0.21882,0,0.240435,0.649467,0.651611,0.049801
313794,0.041229,0,0.031987,0.233646,0.103439,0.039226
313810,0.048027,0,0.038463,0.312005,0.035419,0.036544
313815,0.044942,0,0.031172,0.318907,0.105452,0.045139
313821,0.035996,0,0.026453,0.198736,0.119831,0.039796
313826,0.106311,0,0.083956,0.616222,0.269525,0.093151
313831,0.071978,0,0.054658,0.590293,0.151092,0.041099
313838,0.205919,0,0.196544,0.772751,0.389784,0.134066
313874,0.053659,0,0.03675,0.406153,0.165941,0.049952
313887,0.039208,0,0.030422,0.177598,0.143266,0.04399
313905,0.152997,0,0.162602,0.533334,0.222088,0.047612
313941,0.362928,0,0.426449,0.608632,0.552844,0.079044
313955,0.051144,0,0.049613,0.163493,0.057477,0.036544
313998,0.083838,0,0.090427,0.144062,0.132629,0.047359
313999,0.040787,0,0.026196,0.280431,0.191015,0.047612
314000,0.037204,0,0.031759,0.119329,0.133384,0.039922
314013,0.054717,0,0.0549,0.101622,0.145249,0.043101
314025,0.052538,0,0.044464,0.28133,0.112133,0.039796
314098,0.05457,0,0.051924,0.106268,0.093421,0.054007
314110,0.577046,0,0.722199,0.372532,0.547053,0.078323
314114,0.035069,0,0.020453,0.32569,0.055574,0.036544
314117,0.04817,0,0.031457,0.395013,0.146686,0.045139
314127,0.067463,0,0.044875,0.63709,0.157923,0.046553
314178,0.044153,0,0.042235,0.089779,0.07709,0.042153
314180,0.059286,0,0.045773,0.358301,0.141181,0.053452
314188,0.399526,0,0.442128,0.961144,0.799098,0.130529
314193,0.113044,0,0.101743,0.360139,0.283194,0.105821
314233,0.05564,0,0.055683,0.126147,0.118794,0.041095
314239,0.028809,0,0.015278,0.258266,0.099314,0.035791
314275,0.054339,0,0.039511,0.45313,0.17821,0.034349
314284,0.067243,0,0.065368,0.24799,0.140771,0.039796
314297,0.082343,0,0.057009,0.525515,0.223206,0.092746
314303,0.035345,0,0.030464,0.102187,0.113352,0.039226
314357,0.037763,0,0.025825,0.23037,0.096543,0.04578
314376,0.346884,0,0.409913,0.646211,0.745547,0.049334
314382,0.23569,0,0.253308,0.79905,0.674852,0.057538
314393,0.08458,0,0.094853,0.070008,0.151104,0.047359
314398,0.055481,0,0.04863,0.272856,0.131447,0.039796
314399,0.040651,0,0.027864,0.330114,0.027046,0.036544
314404,0.228468,0,0.244847,0.670207,0.58203,0.079044
314408,0.062074,0,0.057651,0.189206,0.121814,0.054007
314425,0.342654,0,0.399921,0.683877,0.741983,0.058881
314439,0.309295,0,0.349902,0.722737,0.557017,0.078436
314453,0.035555,0,0.034541,0.03556,0.132932,0.036544
314455,0.052163,0,0.036604,0.423073,0.195349,0.039307
314470,0.341678,1,0.37968,0.822567,0.595117,0.108229
314481,0.268581,0,0.275866,0.874672,0.5888,0.124325
314493,0.04908,0,0.047445,0.121995,0.104935,0.04051
314497,0.097838,0,0.095747,0.452763,0.200996,0.039226
314518,0.275575,0,0.304172,0.728981,0.423198,0.084767
314544,0.316857,0,0.355829,0.817466,0.513108,0.077921
314566,0.059796,0,0.044341,0.446614,0.152606,0.045139
314582,0.048804,0,0.023457,0.585671,0.163889,0.04324
314593,0.048708,0,0.044929,0.065069,0.08599,0.058689
314604,0.195118,0,0.191788,0.856977,0.665322,0.075862
314636,0.062368,0,0.059695,0.159899,0.090875,0.054007
314677,0.050823,0,0.033477,0.48952,0.049518,0.036544
314681,0.271406,0,0.304844,0.755178,0.55105,0.053558
314692,0.033012,0,0.020662,0.262827,0.051469,0.037042
314711,0.063982,0,0.054387,0.323,0.152992,0.050623
314716,0.028798,0,0.013396,0.270553,0.124034,0.039796
314725,0.294287,1,0.331807,0.672152,0.617765,0.079044
314732,0.105897,0,0.111323,0.271183,0.143155,0.05527
314760,0.34616,0,0.410624,0.459553,0.655997,0.079044
314761,0.043503,0,0.031471,0.271921,0.113947,0.045139
314766,0.05474,0,0.042717,0.302138,0.176491,0.051497
314815,0.027376,0,0.018789,0.151376,0.04123,0.036544
314819,0.027369,0,0.02211,0.054872,0.125333,0.039108
314827,0.044603,0,0.036873,0.192355,0.168931,0.04324
314835,0.053618,0,0.057762,0.052705,0.121977,0.036544
314836,0.043646,0,0.0312,0.326255,0.125355,0.036807
314843,0.039142,0,0.025351,0.278467,0.1567,0.04399
314851,0.048278,0,0.034202,0.346882,0.111051,0.045139
314878,0.0602,0,0.064683,0.055486,0.200652,0.04051
314881,0.032504,0,0.028836,0.080243,0.067014,0.036544
314901,0.063673,0,0.052527,0.379773,0.177553,0.045139
314918,0.310527,0,0.351775,0.721994,0.530707,0.078436
314935,0.056007,0,0.044278,0.320592,0.106588,0.050623
314956,0.057991,0,0.059954,0.066737,0.138039,0.046916
314964,0.04633,0,0.046474,0.054435,0.08934,0.043131
314975,0.279986,0,0.31633,0.597103,0.635135,0.079044
314978,0.042938,0,0.028133,0.328412,0.095016,0.045139
314990,0.027039,0,0.012554,0.25255,0.125255,0.037468
315007,0.267878,0,0.31279,0.437511,0.720833,0.058881
315030,0.059486,0,0.04821,0.364535,0.112188,0.045139
315081,0.041446,0,0.024562,0.376291,0.154298,0.040788
315104,0.046918,0,0.039565,0.186148,0.190438,0.045139
315109,0.248472,0,0.276739,0.466584,0.521989,0.097364
315204,0.113902,0,0.097839,0.521332,0.215343,0.097563
315225,0.10954,0,0.117913,0.275238,0.158858,0.047612
315245,0.055964,0,0.037705,0.494004,0.055917,0.045139
315247,0.033515,0,0.018938,0.317253,0.037495,0.036544
315258,0.111314,0,0.102822,0.463039,0.216981,0.076845
315259,0.396666,0,0.433154,0.971836,0.720496,0.149971
315269,0.083989,0,0.085075,0.167946,0.177409,0.062334
315279,0.191153,0,0.206628,0.479782,0.463543,0.074721
315283,0.344021,0,0.372977,0.928096,0.731424,0.121756
315338,0.64842,1,0.801548,0.645041,0.829856,0.078323
315349,0.356244,0,0.401914,0.925398,0.597678,0.079044
315376,0.180546,0,0.196984,0.590689,0.384115,0.040793
315379,0.469159,0,0.562013,0.739907,0.565167,0.075118
315383,0.09158,0,0.07953,0.369745,0.20615,0.083145
315385,0.041331,0,0.034788,0.144852,0.083737,0.045799
315393,0.040631,0,0.019402,0.463121,0.10868,0.041624
315440,0.248713,0,0.276428,0.565358,0.628023,0.079044
315458,0.097761,0,0.096471,0.425461,0.220951,0.040489
315461,0.04205,0,0.040101,0.092665,0.098291,0.038615
315492,0.084395,0,0.063586,0.664787,0.207884,0.054057
315591,0.026101,0,0.020225,0.087777,0.034514,0.036544
315601,0.38801,0,0.449448,0.831356,0.488225,0.079044
315604,0.044978,0,0.03928,0.16701,0.15095,0.041224
315630,0.303772,0,0.322369,0.823648,0.740518,0.129842
315664,0.062828,0,0.04866,0.503751,0.056768,0.036544
315673,0.290773,0,0.335525,0.679515,0.510902,0.049801
315701,0.027062,0,0.022654,0.030476,0.130908,0.039796
315710,0.157325,0,0.1686,0.518217,0.363549,0.045366
315715,0.030461,0,0.019042,0.233043,0.026772,0.036544
315720,0.327089,0,0.388183,0.408135,0.607074,0.079044
315736,0.062456,0,0.062175,0.186408,0.117228,0.039796
315739,0.032958,0,0.022882,0.222228,0.026269,0.036544
315752,0.043681,0,0.040068,0.07421,0.063358,0.051017
315767,0.032503,0,0.01992,0.252261,0.135211,0.036807
315781,0.032131,0,0.029087,0.067576,0.049688,0.036544
315783,0.396952,0,0.432861,0.955693,0.774329,0.153817
315793,0.423555,0,0.498328,0.778784,0.617231,0.078436
315811,0.312609,0,0.328397,0.834994,0.749973,0.148592
315830,0.20708,0,0.20276,0.677126,0.484394,0.131208
315853,0.03444,0,0.026557,0.13718,0.036529,0.045139
315870,0.063721,1,0.060503,0.263549,0.109225,0.038615
315888,0.054603,0,0.05807,0.080757,0.075093,0.036544
315929,0.06348,1,0.045336,0.587869,0.07247,0.036544
315933,0.3279,0,0.3952,0.382953,0.7032,0.058881
315968,0.314339,0,0.369489,0.620109,0.533989,0.049801
316009,0.061961,0,0.060801,0.192851,0.144931,0.04051
316013,0.270886,0,0.307798,0.615293,0.594727,0.063859
316035,0.034076,0,0.027438,0.15126,0.073461,0.036544
316036,0.128141,0,0.130134,0.560605,0.240075,0.040342
316066,0.054678,0,0.040053,0.332159,0.14833,0.056467
316078,0.036292,0,0.022453,0.305573,0.089056,0.0378
316108,0.081195,0,0.071855,0.427217,0.307545,0.047465
316110,0.035258,0,0.02979,0.109465,0.094817,0.04051
316139,0.036074,0,0.023933,0.253306,0.117564,0.039796
316188,0.107237,0,0.099948,0.398121,0.265542,0.077709
316189,0.031373,0,0.023735,0.157898,0.046737,0.036544
316190,0.070281,0,0.075356,0.125915,0.108729,0.04051
316199,0.054467,0,0.044435,0.235463,0.108729,0.057645
316202,0.290786,0,0.331505,0.591885,0.57923,0.078436
316208,0.035961,0,0.031221,0.071203,0.107831,0.045139
316223,0.063647,0,0.06661,0.055373,0.115258,0.05272
316237,0.038147,0,0.037526,0.034949,0.105496,0.039108
316244,0.025252,0,0.015142,0.156957,0.104881,0.036807
316363,0.088471,0,0.088909,0.292995,0.183827,0.047612
316389,0.046344,0,0.042029,0.123619,0.07086,0.047782
316401,0.049396,0,0.039889,0.301855,0.150522,0.036544
316407,0.062694,0,0.065331,0.045153,0.111067,0.05472
316412,0.057333,0,0.051277,0.242839,0.107487,0.045139
316416,0.034633,0,0.02676,0.147523,0.167102,0.039796
316436,0.041762,0,0.035426,0.1739,0.135566,0.038901
316448,0.052479,0,0.047967,0.175401,0.124647,0.045139
316481,0.061089,0,0.052702,0.300156,0.210029,0.045139
316484,0.073441,0,0.067707,0.339626,0.141335,0.045139
316544,0.073503,0,0.073491,0.171173,0.147452,0.054007
316623,0.055678,0,0.049402,0.26964,0.126849,0.038615
316673,0.033045,0,0.02161,0.249905,0.032577,0.036544
316679,0.033439,0,0.018515,0.293664,0.088459,0.04051
316680,0.027725,0,0.015678,0.197416,0.102163,0.039796
316710,0.364132,0,0.41979,0.767061,0.630234,0.079044
316726,0.074713,0,0.049186,0.718381,0.193696,0.050623
316743,0.061485,0,0.05845,0.260282,0.083769,0.036544
316837,0.04835,0,0.029193,0.474577,0.1502,0.040071
316853,0.29341,0,0.31442,0.851222,0.667287,0.105567
316884,0.049456,0,0.03197,0.425986,0.180273,0.043065
316895,0.049821,0,0.034771,0.427751,0.09703,0.036544
316921,0.282299,0,0.31886,0.743583,0.622414,0.055222
316934,0.028701,0,0.024623,0.019545,0.112013,0.043044
316952,0.033738,0,0.030257,0.087601,0.048761,0.036544
316982,0.058518,0,0.060581,0.103047,0.144533,0.04051
316985,0.051866,0,0.049124,0.182868,0.091464,0.037468
316988,0.113585,0,0.09207,0.612709,0.290587,0.09886
316994,0.080096,0,0.086301,0.063073,0.134213,0.058689
317058,0.316622,0,0.360446,0.721045,0.43889,0.079044
317060,0.038377,0,0.017956,0.425994,0.050223,0.044208
317087,0.054626,0,0.054001,0.141971,0.083577,0.04051
317139,0.384449,0,0.416331,0.984923,0.756235,0.148891
317149,0.05645,0,0.054651,0.138055,0.0972,0.047359
317170,0.056022,0,0.043325,0.356159,0.106622,0.047859
317173,0.36728,0,0.40871,0.807922,0.706059,0.125946
317178,0.324117,0,0.36575,0.789634,0.611425,0.079044
317179,0.4177,0,0.49292,0.722423,0.643668,0.079044
317180,0.063885,0,0.062836,0.173581,0.165183,0.045294
317187,0.344925,0,0.401516,0.778053,0.653196,0.049801
317199,0.196564,0,0.206292,0.774539,0.222571,0.056628
317215,0.306805,0,0.354191,0.561053,0.565457,0.079044
317223,0.0481,0,0.032637,0.309213,0.1165,0.056621
317238,0.058072,0,0.051686,0.243439,0.178232,0.045139
317257,0.140107,0,0.149589,0.475466,0.209077,0.043215
317279,0.202425,0,0.204541,0.922082,0.513485,0.057229
317298,0.021903,0,0.009924,0.156948,0.100421,0.039796
317302,0.546288,0,0.662431,0.748462,0.7528,0.075359
317309,0.518744,1,0.634166,0.660423,0.810214,0.058881
317320,0.347089,0,0.371866,0.977828,0.713929,0.132504
317321,0.378551,0,0.433678,0.879799,0.602687,0.079044
317333,0.030872,0,0.026357,0.070967,0.157397,0.036807
317344,0.054625,0,0.037533,0.511212,0.041571,0.036544
317353,0.042985,0,0.039305,0.090079,0.149857,0.045139
317356,0.049225,1,0.0442,0.190818,0.084383,0.04149
317357,0.092246,0,0.098207,0.251908,0.135145,0.040489
317365,0.3101,0,0.355549,0.633741,0.521269,0.078436
317370,0.070472,0,0.058787,0.45207,0.241746,0.040601
317379,0.275337,0,0.291308,0.644351,0.677551,0.139039
317383,0.078432,0,0.074819,0.311708,0.165921,0.047622
317389,0.252938,0,0.261146,0.802524,0.649198,0.11322
317411,0.069784,0,0.057534,0.253557,0.110581,0.081039
317413,0.047952,0,0.045605,0.089833,0.189377,0.045139
317421,0.037827,0,0.020437,0.398305,0.076817,0.036544
317437,0.254952,0,0.270303,0.897789,0.430333,0.078436
317464,0.054091,0,0.034018,0.505583,0.139678,0.045139
317468,0.050471,0,0.03765,0.395522,0.037354,0.036544
317474,0.052826,0,0.03849,0.381107,0.12294,0.045139
317502,0.081325,0,0.094156,0.020725,0.142134,0.043044
317511,0.034674,0,0.032617,0.053693,0.117056,0.036544
317521,0.077354,0,0.068519,0.278441,0.198826,0.070619
317523,0.253056,0,0.267996,0.885165,0.482743,0.078436
317525,0.087251,0,0.087069,0.265397,0.180646,0.053452
317564,0.046864,0,0.040649,0.189397,0.157392,0.041224
317574,0.278076,0,0.28603,0.922748,0.408073,0.129836
317576,0.289708,0,0.312739,0.737779,0.403294,0.121373
317607,0.033984,0,0.02421,0.182955,0.195386,0.038901
317649,0.07021,0,0.04506,0.691734,0.120653,0.050623
317669,0.036455,0,0.026831,0.201373,0.133225,0.039796
317701,0.409949,0,0.481804,0.746846,0.623536,0.078323
317704,0.090145,0,0.095138,0.240363,0.14754,0.04324
317711,0.044607,0,0.027442,0.388796,0.092981,0.045139
317723,0.073089,0,0.076609,0.065198,0.105887,0.060569
317727,0.047977,0,0.036786,0.277918,0.118847,0.046219
317752,0.082468,0,0.084423,0.226938,0.109071,0.048683
317763,0.04814,0,0.033224,0.38825,0.142344,0.039796
317772,0.068342,0,0.051311,0.406467,0.172583,0.06788
317773,0.045701,0,0.032098,0.261259,0.143344,0.054667
317787,0.026294,0,0.016935,0.106571,0.07509,0.045139
317789,0.044671,0,0.034658,0.309198,0.068903,0.033702
317798,0.047193,0,0.046364,0.098699,0.066361,0.04051
317801,0.118406,0,0.12929,0.283694,0.155999,0.047612
317810,0.047247,0,0.040035,0.25746,0.039501,0.036544
317823,0.027511,0,0.012117,0.247,0.095154,0.04324
317918,0.04693,0,0.019794,0.611919,0.084612,0.045139
317926,0.026146,0,0.022052,0.051074,0.035621,0.036544
317978,0.046602,0,0.03713,0.192538,0.09977,0.054007
317998,0.051609,0,0.042576,0.297671,0.108188,0.039409
318009,0.39293,1,0.428898,0.963911,0.841557,0.145374
318048,0.040142,0,0.035252,0.153096,0.092293,0.036544
318067,0.122256,0,0.104974,0.520303,0.325372,0.109223
318072,0.122543,0,0.096837,0.695735,0.264957,0.111043
318081,0.046109,0,0.041497,0.142679,0.201637,0.04149
318084,0.060031,0,0.0579,0.069739,0.073783,0.065781
318091,0.036609,0,0.032476,0.046836,0.126029,0.047515
318096,0.073776,1,0.067978,0.396438,0.10901,0.036544
318160,0.063017,0,0.046568,0.49782,0.096292,0.045139
318167,0.06858,0,0.047931,0.577277,0.186345,0.050623
318168,0.409578,0,0.487826,0.703784,0.732303,0.058881
318177,0.543868,0,0.655234,0.817115,0.734724,0.078323
318183,0.03768,0,0.022727,0.352214,0.043425,0.036544
318201,0.205338,0,0.210453,0.792394,0.333819,0.077921
318235,0.100329,0,0.096224,0.296323,0.323076,0.074169
318265,0.36112,0,0.397021,0.795542,0.803393,0.138392
318274,0.043543,0,0.032024,0.252028,0.174343,0.045139
318290,0.039339,0,0.026304,0.282699,0.142664,0.041078
318307,0.067399,0,0.050663,0.506496,0.266023,0.045139
318331,0.037328,0,0.030418,0.153768,0.148468,0.038901
318344,0.063678,0,0.044534,0.511049,0.142169,0.05223
318349,0.02805,0,0.016779,0.185927,0.10733,0.039226
318364,0.094618,0,0.082184,0.619074,0.333702,0.040072
318377,0.336583,0,0.387479,0.831606,0.70256,0.049801
318383,0.039099,0,0.021561,0.341031,0.11213,0.047859
318401,0.028686,0,0.022538,0.060948,0.113168,0.04324
318416,0.020093,0,0.007512,0.171174,0.117666,0.036807
318419,0.082141,0,0.05702,0.635184,0.364403,0.068128
318439,0.048988,0,0.045915,0.079271,0.170272,0.051496
318458,0.030642,0,0.021628,0.12446,0.102447,0.045139
318476,0.362234,0,0.425337,0.717556,0.63835,0.057869
318500,0.071516,0,0.066664,0.207404,0.127973,0.063558
318503,0.367411,0,0.401826,0.852868,0.511129,0.149498
318539,0.034169,0,0.020441,0.268088,0.150146,0.039796
318540,0.035646,0,0.014139,0.443904,0.11833,0.039796
318569,0.078446,0,0.076198,0.364704,0.045159,0.036544
318572,0.045637,0,0.042557,0.128804,0.103696,0.04051
318576,0.05208,0,0.035074,0.488872,0.0628,0.036544
318579,0.421671,0,0.482809,0.630066,0.680387,0.151307
318594,0.453981,0,0.541296,0.739318,0.719374,0.073001
318613,0.064231,0,0.058366,0.308404,0.151527,0.039796
318626,0.062861,0,0.053849,0.287021,0.256265,0.050623
318643,0.068779,0,0.048602,0.403841,0.215176,0.079291
318645,0.326043,0,0.356481,0.803568,0.552387,0.121898
318646,0.064192,0,0.043931,0.577118,0.143409,0.045139
318653,0.047843,0,0.039574,0.19789,0.187935,0.047612
318683,0.0492,0,0.045053,0.20649,0.044499,0.036544
318695,0.059341,0,0.06077,0.095588,0.067434,0.047359
318704,0.281141,0,0.291323,0.817758,0.646399,0.137325
318710,0.407552,0,0.44571,0.960265,0.803875,0.156652
318711,0.103931,0,0.108997,0.317749,0.237528,0.04324
318718,0.110226,0,0.097569,0.540002,0.293413,0.075004
318727,0.021898,0,0.014929,0.04002,0.079514,0.042772
318734,0.034453,0,0.019335,0.31384,0.132279,0.037603
318750,0.06067,0,0.048244,0.396321,0.112049,0.045139
318752,0.044393,0,0.02829,0.44387,0.072641,0.031695
318782,0.03952,0,0.02615,0.330145,0.054664,0.036544
318831,0.05153,0,0.035372,0.414661,0.093553,0.045139
318878,0.033102,0,0.012253,0.408252,0.107245,0.04098
318911,0.033953,0,0.032215,0.044922,0.097652,0.036608
318920,0.091185,0,0.072,0.571409,0.367171,0.068433
318936,0.15238,0,0.145067,0.575213,0.470525,0.094843
318968,0.049964,0,0.044798,0.08635,0.108004,0.0609
318990,0.058389,0,0.043486,0.393011,0.165221,0.050623
319013,0.179898,0,0.190337,0.567328,0.37846,0.0665
319022,0.116995,0,0.108777,0.580621,0.268861,0.060213
319057,0.066635,0,0.059126,0.394335,0.040922,0.036544
319061,0.056591,0,0.052807,0.161217,0.164219,0.048831
319065,0.057959,0,0.055075,0.182592,0.177679,0.042957
319069,0.076489,0,0.078569,0.074666,0.133117,0.06753
319071,0.266191,0,0.294325,0.785634,0.384276,0.066127
319146,0.032514,0,0.026513,0.135326,0.106017,0.03423
319166,0.07612,0,0.066174,0.418749,0.180585,0.048683
319201,0.061966,0,0.042703,0.512238,0.212797,0.048394
319225,0.273061,0,0.312012,0.613145,0.434816,0.063859
319253,0.069756,0,0.069174,0.220496,0.130932,0.04324
319279,0.031207,0,0.022978,0.112818,0.083719,0.045533
319289,0.055759,0,0.057793,0.116906,0.077006,0.036721
319290,0.053907,0,0.055226,0.020456,0.119359,0.053159
319316,0.040473,0,0.033334,0.173546,0.12728,0.040606
319404,0.067194,0,0.060835,0.341115,0.16011,0.039108
319407,0.323999,0,0.367386,0.749565,0.63048,0.079044
319418,0.438965,0,0.518907,0.76676,0.78461,0.075359
319436,0.043498,0,0.027276,0.429575,0.140324,0.031695
319486,0.042601,0,0.039406,0.139494,0.061807,0.036544
319504,0.349453,0,0.380523,0.886673,0.738004,0.127721
319518,0.080679,0,0.075506,0.236626,0.23459,0.067568
319537,0.031379,0,0.01556,0.297867,0.116027,0.039796
319547,0.041925,0,0.039933,0.089508,0.101052,0.039108
319550,0.271305,0,0.293675,0.600584,0.575892,0.121232
319552,0.032538,0,0.023334,0.19879,0.042554,0.036544
319573,0.104034,0,0.099251,0.476538,0.283322,0.050072
319594,0.040122,0,0.039328,0.067964,0.094486,0.036544
319637,0.362407,1,0.399332,0.865593,0.741347,0.125402
319656,0.126279,0,0.127193,0.417763,0.297506,0.065982
319692,0.257932,0,0.286133,0.591478,0.612368,0.084152
319694,0.434881,0,0.523228,0.622551,0.615707,0.069931
319712,0.028836,0,0.018521,0.141381,0.050298,0.046219
319753,0.044396,0,0.026394,0.417749,0.103931,0.042493
319781,0.065164,0,0.073737,0.033953,0.154716,0.036544
319825,0.095569,0,0.095237,0.417201,0.18475,0.036807
319839,0.411076,0,0.479231,0.824194,0.640537,0.079044
319849,0.03939,0,0.033054,0.185068,0.047141,0.036544
319865,0.2716,0,0.307868,0.539835,0.648985,0.079044
319923,0.034798,0,0.02972,0.088676,0.09891,0.042112
320000,0.215187,0,0.223177,0.780678,0.589682,0.074043
320015,0.028652,0,0.022344,0.060279,0.069619,0.045139
320022,0.045241,0,0.034681,0.242791,0.145482,0.046112
320038,0.119865,0,0.139521,0.153493,0.213306,0.038615
320040,0.049454,0,0.034622,0.42264,0.085242,0.036544
320070,0.066892,1,0.067019,0.115163,0.131129,0.055982
320101,0.112432,0,0.119393,0.384675,0.166779,0.036544
320159,0.078759,0,0.066189,0.403984,0.184153,0.064095
320161,0.040207,0,0.028973,0.262545,0.114361,0.039875
320212,0.032881,0,0.028008,0.111579,0.036274,0.036721
320286,0.344884,1,0.38758,0.896816,0.681784,0.079044
320324,0.049031,0,0.039166,0.260452,0.101089,0.046219
320346,0.047181,0,0.04205,0.120719,0.100138,0.051496
320374,0.039977,0,0.034747,0.11259,0.081749,0.045139
320378,0.377088,1,0.444242,0.651261,0.56628,0.074721
320386,0.041321,0,0.028843,0.324129,0.046894,0.036721
320401,0.033192,0,0.023049,0.188435,0.114909,0.040606
320438,0.05348,0,0.052674,0.068259,0.135487,0.051496
320482,0.341327,0,0.389124,0.79561,0.524628,0.078436
320516,0.038426,0,0.035061,0.115929,0.054757,0.036544
320531,0.196797,0,0.225854,0.221825,0.42897,0.078436
320579,0.39158,0,0.432551,0.938117,0.810759,0.130749
320605,0.030248,0,0.024472,0.086999,0.088469,0.039796
320666,0.045287,0,0.031812,0.34175,0.066302,0.04149
320678,0.040281,0,0.030698,0.18488,0.119011,0.047612
320704,0.039407,1,0.029403,0.231124,0.190135,0.037838
320732,0.037672,0,0.028915,0.216615,0.090721,0.036544
320738,0.047586,0,0.04005,0.253885,0.118768,0.036544
320748,0.069961,1,0.063562,0.389538,0.068199,0.036544
320767,0.104357,0,0.114481,0.25559,0.123168,0.039409
320774,0.074864,0,0.078586,0.087384,0.114093,0.057772
320790,0.317794,0,0.341723,0.770487,0.687517,0.138072
320791,0.043459,0,0.034931,0.260622,0.029654,0.036544
320806,0.258717,0,0.284018,0.846365,0.582548,0.051111
320810,0.167721,0,0.176655,0.593244,0.285096,0.055372
320834,0.085696,0,0.082708,0.339807,0.271818,0.046066
320837,0.035163,0,0.031598,0.03389,0.077528,0.047359
320847,0.090986,0,0.085327,0.475402,0.16084,0.041224
320852,0.080488,0,0.076672,0.336219,0.215217,0.04508
320893,0.349397,1,0.389741,0.998,0.54223,0.079044
320920,0.308379,0,0.349388,0.798776,0.50047,0.063859
320931,0.069345,0,0.072613,0.175516,0.131581,0.036544
320946,0.069602,0,0.05292,0.439105,0.272447,0.059456
320953,0.251243,0,0.285683,0.61256,0.593604,0.049801
320959,0.051425,0,0.051762,0.054185,0.0699,0.049166
320960,0.032987,0,0.023315,0.179007,0.153004,0.039226
320966,0.289471,0,0.318316,0.825757,0.57474,0.079044
320971,0.298167,0,0.332114,0.769497,0.63496,0.079044
320995,0.104617,0,0.111151,0.254186,0.171145,0.05188
321025,0.048315,0,0.034767,0.334719,0.160304,0.044011
321037,0.030892,0,0.025743,0.07488,0.110661,0.039796
321041,0.02572,0,0.022063,0.031634,0.083168,0.036544
321057,0.033352,0,0.028942,0.054187,0.060923,0.045139
321067,0.045615,0,0.030923,0.382772,0.154944,0.036544
321087,0.111471,0,0.124827,0.239056,0.161276,0.037934
321106,0.092563,0,0.077471,0.642474,0.292776,0.044388
321121,0.073352,0,0.072108,0.25878,0.127725,0.043278
321131,0.041271,0,0.027562,0.331572,0.074058,0.039108
321150,0.044213,0,0.042894,0.045301,0.176902,0.045139
321152,0.596383,0,0.735923,0.609036,0.738462,0.074721
321165,0.303333,1,0.355109,0.536291,0.537343,0.063859
321181,0.025083,0,0.011675,0.219783,0.131586,0.036807
321189,0.057019,0,0.043043,0.405366,0.10152,0.045139
321226,0.051309,0,0.044129,0.137874,0.144754,0.059718
321311,0.08335,0,0.067024,0.612806,0.151632,0.047119
321316,0.497809,0,0.606133,0.57163,0.717271,0.078323
321321,0.077147,0,0.067278,0.452298,0.127642,0.045139
321357,0.288115,1,0.31147,0.930344,0.573041,0.079044
321365,0.048653,0,0.044608,0.12269,0.145703,0.047622
321371,0.188308,0,0.189457,0.677213,0.63852,0.083977
321394,0.033266,0,0.014084,0.396151,0.120514,0.036807
321428,0.046179,0,0.042672,0.11023,0.13624,0.045139
321458,0.042223,0,0.030748,0.280361,0.139443,0.039307
321465,0.339851,1,0.358544,0.959451,0.789782,0.147376
321484,0.151969,0,0.159919,0.362071,0.421275,0.077451
321488,0.547456,0,0.671981,0.559671,0.795896,0.078323
321496,0.036621,0,0.027427,0.132948,0.096812,0.051666
321503,0.041579,0,0.030753,0.278151,0.129573,0.036807
321511,0.555114,0,0.6781,0.671811,0.615237,0.078323
321538,0.065125,0,0.066382,0.174213,0.131723,0.039108
321542,0.335449,0,0.360171,0.788376,0.726397,0.152157
321546,0.397777,1,0.454553,0.718207,0.675909,0.122959
321552,0.038709,0,0.035093,0.084243,0.124937,0.04149
321585,0.031589,0,0.025967,0.065081,0.075155,0.045139
321587,0.033445,0,0.028138,0.095167,0.086796,0.04051
321590,0.058471,0,0.037004,0.568136,0.1135,0.045139
321591,0.040678,0,0.03657,0.110083,0.110032,0.04149
321623,0.042448,0,0.038403,0.092134,0.068202,0.047782
321629,0.02807,0,0.016562,0.167789,0.111813,0.04324
321631,0.054631,0,0.055217,0.09055,0.152532,0.043278
321640,0.108272,0,0.113101,0.326818,0.104382,0.051496
321659,0.078961,0,0.073172,0.344181,0.161318,0.050623
321664,0.039525,0,0.032646,0.099673,0.151512,0.051017
321761,0.053659,0,0.037399,0.463961,0.180847,0.036807
321770,0.043761,0,0.045022,0.038123,0.079236,0.039108
321771,0.034703,0,0.030667,0.079188,0.07195,0.040606
321797,0.022333,0,0.009897,0.124978,0.095432,0.047859
321826,0.409796,0,0.484541,0.683145,0.642015,0.078323
321827,0.364225,0,0.397901,0.770199,0.800848,0.154958
321843,0.047714,0,0.039641,0.217155,0.142708,0.04457
321850,0.048311,0,0.025143,0.617,0.068632,0.031695
321854,0.040646,0,0.033874,0.141888,0.126499,0.045139
321881,0.130539,0,0.146219,0.308604,0.190648,0.039108
321921,0.289094,0,0.327967,0.770091,0.588458,0.051111
321925,0.071792,0,0.062338,0.346312,0.220555,0.053452
321959,0.048787,0,0.034759,0.352449,0.091341,0.045139
321961,0.209405,0,0.23242,0.609732,0.474722,0.045366
322026,0.100442,0,0.087155,0.45321,0.177508,0.084307
322108,0.222067,0,0.251942,0.507899,0.605742,0.049801
322114,0.322576,0,0.360274,0.903748,0.547644,0.073136
322153,0.046494,0,0.035938,0.311909,0.099988,0.036544
322157,0.040127,0,0.032574,0.219259,0.021486,0.036544
322173,0.312782,0,0.334526,0.857399,0.741281,0.123041
322199,0.378357,1,0.419385,0.775042,0.682178,0.14735
322263,0.077548,0,0.064611,0.415967,0.217642,0.0609
322281,0.258246,0,0.285885,0.790156,0.590854,0.051714
322301,0.023045,0,0.018233,0.075008,0.034036,0.031221
322328,0.25097,0,0.254829,0.898975,0.640756,0.109909
322332,0.078669,0,0.068995,0.461914,0.173597,0.04324
322334,0.058963,0,0.045448,0.407806,0.108839,0.045139
322409,0.279794,1,0.308779,0.886965,0.642598,0.053992
322422,0.109429,0,0.105099,0.312723,0.220755,0.085947
322541,0.372515,0,0.453087,0.405006,0.734579,0.058881
322576,0.027351,0,0.024597,0.029566,0.047946,0.036544
322580,0.274432,0,0.314777,0.634511,0.689859,0.049334
322610,0.063087,0,0.041961,0.561995,0.110763,0.050623
322618,0.04488,0,0.038434,0.217078,0.09357,0.036544
322621,0.044332,0,0.036593,0.183892,0.106634,0.046219
322645,0.056447,0,0.03688,0.514775,0.116014,0.045139
322655,0.069235,0,0.072272,0.173819,0.158453,0.036807
322660,0.11674,0,0.099732,0.533786,0.295579,0.099984
322679,0.103887,0,0.099752,0.487784,0.284493,0.045458
322704,0.512596,0,0.586796,0.948238,0.805041,0.152432
322708,0.066649,0,0.05487,0.434574,0.19522,0.040777
322719,0.031371,0,0.026465,0.095737,0.082468,0.036544
322734,0.065612,0,0.060628,0.261423,0.203335,0.045139
322735,0.390569,0,0.462958,0.689303,0.777575,0.058881
322750,0.02661,0,0.015368,0.122764,0.139383,0.047763
322762,0.076643,0,0.079118,0.106039,0.167729,0.059675
322827,0.042681,0,0.031318,0.231224,0.120017,0.048776
322841,0.197477,0,0.214202,0.481771,0.404798,0.079044
322850,0.0396,0,0.031591,0.158414,0.206266,0.04324
322857,0.055898,0,0.041493,0.403682,0.187424,0.04324
322907,0.347975,0,0.420443,0.407686,0.728802,0.058881
322921,0.349118,0,0.409952,0.655998,0.552127,0.063859
322932,0.016425,0,0.005863,0.114814,0.053517,0.036807
322962,0.050332,0,0.045118,0.178784,0.103401,0.045139
322963,0.101027,0,0.114339,0.110634,0.121885,0.049552
323022,0.284925,0,0.312548,0.834418,0.485631,0.079044
323042,0.065316,0,0.069821,0.084767,0.13617,0.043196
323084,0.242384,0,0.271768,0.604571,0.600488,0.059013
323096,0.216668,0,0.23145,0.625819,0.567584,0.079044
323117,0.264695,0,0.294011,0.752459,0.66778,0.057869
323124,0.080882,0,0.079678,0.281406,0.147663,0.047612
323133,0.256981,0,0.281899,0.715692,0.43613,0.077921
323135,0.043002,0,0.026947,0.412155,0.035867,0.036544
323140,0.30038,0,0.333298,0.793873,0.709793,0.079044
323155,0.171699,0,0.180852,0.446529,0.461024,0.080604
323252,0.173251,0,0.183164,0.529308,0.497194,0.063859
323255,0.043802,0,0.043481,0.079406,0.108192,0.036807
323301,0.366666,0,0.395893,0.928098,0.374796,0.158175
323304,0.05759,0,0.046165,0.3122,0.187377,0.050623
323314,0.221852,0,0.239893,0.710578,0.576414,0.057869
323334,0.063906,0,0.064639,0.193761,0.115343,0.036544
323356,0.570775,0,0.694819,0.732782,0.760125,0.078323
323377,0.04889,0,0.037971,0.265638,0.203733,0.046112
323393,0.058521,0,0.052402,0.227483,0.110017,0.049475
323439,0.016136,0,0.006105,0.092616,0.072279,0.037934
323453,0.525074,0,0.642215,0.650195,0.529808,0.069931
323459,0.073875,0,0.079927,0.150806,0.117434,0.036544
323467,0.022097,0,0.014695,0.048809,0.143631,0.041224
323474,0.271998,0,0.290121,0.81726,0.473428,0.101939
323497,0.42918,0,0.489687,0.752189,0.745162,0.13905
323527,0.032744,1,0.028537,0.05428,0.136789,0.04149
323535,0.064504,0,0.045697,0.406556,0.130234,0.070993
323616,0.045909,0,0.039092,0.184567,0.087402,0.045139
323622,0.106253,0,0.097712,0.39005,0.240057,0.083308
323665,0.042174,0,0.034313,0.206649,0.053935,0.04149
323676,0.055457,0,0.05591,0.086362,0.165866,0.045139
323687,0.179878,1,0.191542,0.605755,0.431814,0.053579
323732,0.507476,0,0.61576,0.747248,0.712969,0.058881
323739,0.063455,0,0.036664,0.672636,0.28195,0.047383
323763,0.047768,0,0.04044,0.114082,0.121481,0.0609
323765,0.054542,0,0.037383,0.455566,0.094283,0.045139
323784,0.089367,0,0.080601,0.49685,0.13593,0.047622
323800,0.357404,0,0.426973,0.529873,0.737754,0.058881
323809,0.030519,0,0.013956,0.307173,0.134947,0.039307
323846,0.108702,0,0.116334,0.203875,0.20097,0.0609
323859,0.045,0,0.036326,0.271358,0.04669,0.036544
323863,0.052732,0,0.047749,0.153324,0.074935,0.052533
323900,0.030369,1,0.026269,0.056794,0.089915,0.039108
323940,0.034488,0,0.015715,0.375493,0.093522,0.041224
323950,0.037389,0,0.035422,0.046569,0.175409,0.039108
323968,0.039424,0,0.034905,0.140832,0.09071,0.036544
323983,0.057303,0,0.041141,0.44702,0.135937,0.045139
324037,0.090454,0,0.088735,0.30047,0.11135,0.058689
324095,0.053956,0,0.037379,0.296452,0.285083,0.065316
324145,0.034257,0,0.015605,0.364409,0.074722,0.043013
324164,0.028443,0,0.024726,0.074204,0.069418,0.032836
324170,0.032005,0,0.025578,0.080399,0.101258,0.045139
324188,0.291876,0,0.304249,0.849007,0.760875,0.133365
324198,0.041486,0,0.026313,0.374497,0.093861,0.036544
324242,0.072707,0,0.052221,0.564083,0.326257,0.053404
324339,0.046337,0,0.029359,0.413401,0.12534,0.041224
324363,0.079874,0,0.070806,0.34637,0.157347,0.063558
324373,0.048482,0,0.036172,0.26774,0.099431,0.053333
324392,0.402277,0,0.475845,0.68572,0.571847,0.075118
324398,0.319461,0,0.371314,0.680901,0.731413,0.051714
324422,0.0407,0,0.035663,0.061074,0.099376,0.054007
324443,0.060443,0,0.062251,0.13518,0.10658,0.039108
324445,0.066543,0,0.052748,0.430528,0.21382,0.048291
324448,0.056413,0,0.055223,0.134555,0.116707,0.045139
324464,0.066304,0,0.053822,0.366236,0.097078,0.057943
324469,0.195988,0,0.202695,0.707983,0.462293,0.072203
324470,0.054543,0,0.048329,0.220006,0.153277,0.045139
324472,0.062059,0,0.045372,0.510799,0.14305,0.041224
324501,0.046674,0,0.039004,0.233957,0.108287,0.039796
324508,0.05534,0,0.054203,0.182722,0.063616,0.036544
324550,0.094783,0,0.087255,0.516044,0.162575,0.045399
324595,0.094168,0,0.09909,0.242175,0.162206,0.047622
324646,0.103416,0,0.10784,0.337892,0.172056,0.04324
324650,0.046842,0,0.038515,0.205995,0.120585,0.047076
324651,0.265829,0,0.285816,0.85283,0.551653,0.079044
324665,0.069335,0,0.04643,0.589449,0.151142,0.058689
324670,0.038691,0,0.036817,0.048831,0.120438,0.04149
324694,0.033871,0,0.026667,0.159064,0.089322,0.036544
324695,0.050523,0,0.043484,0.185002,0.116671,0.050623
324720,0.051271,0,0.040512,0.294013,0.13959,0.045139
324752,0.263776,0,0.293425,0.641535,0.558521,0.078436
324781,0.028667,0,0.019678,0.146074,0.133095,0.037934
324889,0.105875,0,0.106894,0.431533,0.130059,0.04324
324938,0.042563,0,0.042579,0.076967,0.035954,0.036544
324960,0.050823,0,0.039135,0.304745,0.174046,0.045139
325001,0.236254,0,0.281224,0.268446,0.488202,0.057283
325008,0.073824,0,0.057059,0.313387,0.171617,0.090176
325061,0.044799,0,0.030163,0.339891,0.079827,0.045139
325081,0.101036,0,0.116936,0.092082,0.123337,0.043278
325115,0.085903,0,0.085007,0.262906,0.201935,0.054304
325121,0.051741,0,0.040611,0.355252,0.144536,0.035995
325147,0.06875,0,0.069507,0.189747,0.107391,0.04324
325176,0.100327,0,0.086156,0.508858,0.242704,0.075645
325184,0.312719,0,0.357436,0.734268,0.785045,0.058881
325203,0.049194,0,0.033115,0.426592,0.141665,0.038533
325204,0.029799,0,0.023719,0.092647,0.073309,0.039796
325214,0.052821,0,0.048884,0.117053,0.10866,0.054304
325220,0.310973,0,0.343918,0.882687,0.597217,0.079044
325222,0.080527,0,0.069859,0.332796,0.150669,0.072869
325230,0.080325,0,0.068839,0.455651,0.159354,0.053452
325235,0.049135,0,0.042224,0.261171,0.057344,0.036544
325243,0.077668,0,0.061341,0.447297,0.215197,0.068039
325245,0.055059,0,0.048521,0.261246,0.145931,0.039796
325257,0.060403,0,0.043175,0.405902,0.109913,0.0609
325279,0.027567,0,0.017398,0.170182,0.113727,0.037206
325280,0.036489,0,0.032728,0.057317,0.090236,0.045139
325283,0.038825,0,0.029213,0.145512,0.072732,0.054304
325310,0.085848,0,0.087927,0.176833,0.199779,0.058689
325363,0.063712,0,0.049906,0.495767,0.09769,0.036544
325366,0.08137,0,0.072627,0.506167,0.124346,0.036544
325377,0.064196,0,0.053968,0.326159,0.224896,0.050623
325403,0.070628,0,0.06302,0.362439,0.121937,0.045139
325404,0.036081,0,0.025197,0.25204,0.076672,0.036544
325441,0.05906,0,0.065744,0.031652,0.149109,0.036721
325491,0.266939,0,0.285993,0.88907,0.513293,0.078436
325506,0.100673,0,0.098357,0.340012,0.194719,0.063804
325515,0.06067,0,0.050337,0.354907,0.175712,0.043007
325571,0.057566,0,0.056382,0.201282,0.047631,0.036544
325576,0.429656,0,0.476935,0.987226,0.777973,0.145558
325577,0.031892,0,0.024863,0.113756,0.093362,0.04149
325578,0.041465,0,0.039467,0.056818,0.204602,0.04149
325581,0.039656,0,0.030422,0.186812,0.121983,0.045139
325592,0.066009,0,0.044263,0.656483,0.220729,0.036446
325594,0.021036,0,0.013694,0.07501,0.081214,0.036807
325615,0.031958,0,0.022255,0.188615,0.092142,0.038103
325640,0.097519,0,0.099223,0.301825,0.142342,0.053452
325642,0.310583,1,0.358237,0.617718,0.598774,0.071549
325665,0.034429,0,0.01926,0.322114,0.113816,0.036807
325691,0.057509,0,0.054597,0.196512,0.125981,0.04149
325704,0.038332,0,0.021428,0.335879,0.12534,0.045139
325728,0.204755,0,0.2253,0.530254,0.658885,0.057869
325771,0.054029,0,0.053315,0.109625,0.239408,0.04149
325774,0.130629,0,0.096385,0.93682,0.25901,0.10943
325805,0.041228,0,0.03604,0.119671,0.084927,0.045139
325847,0.053046,0,0.046022,0.162108,0.175072,0.056052
325865,0.058015,0,0.044056,0.468188,0.048874,0.036544
325950,0.039443,0,0.027073,0.2564,0.082911,0.045139
325974,0.509591,0,0.613682,0.725484,0.800895,0.078323
326012,0.248367,0,0.269493,0.722597,0.501958,0.078436
326026,0.038986,0,0.034012,0.11238,0.091056,0.042772
326041,0.084881,0,0.084118,0.221447,0.16963,0.0609
326085,0.042452,0,0.039902,0.103206,0.115272,0.038957
326099,0.06062,0,0.056292,0.277253,0.207695,0.033737
326101,0.041249,0,0.03393,0.219612,0.03661,0.036544
326127,0.033657,0,0.022384,0.229761,0.155535,0.036807
326156,0.105173,0,0.096232,0.4208,0.237607,0.078058
326176,0.022482,0,0.012227,0.127352,0.087023,0.039796
326192,0.06704,0,0.059655,0.33837,0.237174,0.041026
326198,0.054238,0,0.056773,0.074851,0.127875,0.039108
326225,0.035381,0,0.030036,0.138143,0.043094,0.036544
326227,0.411422,0,0.452949,0.989148,0.724553,0.145962
326229,0.032173,0,0.024494,0.113635,0.122541,0.043425
326243,0.042139,0,0.027342,0.379478,0.041152,0.036544
326244,0.324532,0,0.364163,0.837296,0.610995,0.078436
326247,0.037001,0,0.029344,0.16888,0.125059,0.039226
326285,0.046721,0,0.034441,0.316082,0.11163,0.042112
326288,0.069051,0,0.056404,0.461847,0.151832,0.04324
326289,0.246009,0,0.268635,0.648823,0.64996,0.079044
326295,0.055634,0,0.060681,0.054713,0.077419,0.036544
326296,0.035005,0,0.033648,0.054564,0.034266,0.036544
326329,0.056084,0,0.038906,0.445062,0.228933,0.045139
326330,0.049895,0,0.040821,0.170349,0.104,0.060356
326332,0.070731,0,0.063614,0.356373,0.10045,0.045139
326347,0.061018,0,0.063374,0.073816,0.171086,0.046916
326350,0.052662,0,0.053279,0.103624,0.079828,0.04051
326375,0.366278,0,0.425891,0.722998,0.613896,0.075359
326398,0.378823,0,0.452402,0.495492,0.632394,0.079044
326438,0.0568,0,0.045681,0.333254,0.166499,0.04537
326511,0.067819,0,0.07309,0.065554,0.117118,0.047359
326525,0.04175,0,0.029565,0.339095,0.08619,0.032368
326537,0.049932,0,0.040757,0.272229,0.075852,0.043365
326549,0.028829,0,0.015865,0.218202,0.157884,0.039226
326556,0.392231,0,0.426838,0.958663,0.773084,0.152432
326625,0.375724,1,0.425282,0.964615,0.673451,0.079044
326632,0.095995,0,0.108006,0.11283,0.131825,0.047612
326684,0.034651,0,0.03295,0.042734,0.136434,0.036608
326700,0.416247,0,0.491287,0.717944,0.658883,0.078323
326734,0.077426,0,0.084047,0.146902,0.128712,0.039108
326751,0.351176,0,0.390692,0.76356,0.533857,0.126375
326757,0.033806,0,0.025957,0.16981,0.093495,0.036807
326778,0.032878,0,0.02145,0.24709,0.042396,0.036544
326779,0.042103,0,0.025211,0.364921,0.101391,0.045139
326791,0.057494,0,0.056851,0.13436,0.111536,0.044608
326854,0.061779,0,0.051954,0.39955,0.103206,0.036544
326914,0.074752,0,0.070943,0.276253,0.152326,0.050623
326921,0.408607,1,0.471113,0.635344,0.546199,0.133341
326946,0.08306,0,0.06703,0.397313,0.304751,0.079845
326953,0.043925,0,0.03148,0.286442,0.09405,0.045139
326964,0.057576,0,0.050936,0.263547,0.063285,0.045139
326972,0.086511,0,0.06659,0.44162,0.213759,0.093042
326997,0.062484,0,0.062122,0.09118,0.095035,0.057772
327011,0.267671,0,0.312366,0.449677,0.699236,0.057869
327030,0.239824,0,0.258382,0.8144,0.687049,0.055969
327032,0.035019,0,0.024923,0.230303,0.065922,0.036544
327067,0.031207,0,0.020793,0.214781,0.042753,0.036544
327084,0.050155,0,0.046589,0.175968,0.058684,0.040606
327090,0.107661,0,0.09097,0.711719,0.379814,0.053682
327094,0.053234,0,0.055829,0.067287,0.125079,0.039108
327107,0.028604,0,0.01851,0.155475,0.089629,0.04149
327126,0.032851,0,0.017726,0.303895,0.155929,0.036807
327189,0.099068,0,0.103376,0.293722,0.280781,0.04324
327202,0.37304,0,0.464573,0.282936,0.447862,0.048951
327219,0.057914,0,0.036536,0.557529,0.145082,0.045139
327233,0.054531,0,0.049058,0.248205,0.108408,0.038615
327249,0.025488,0,0.018857,0.056999,0.064663,0.04324
327273,0.033567,0,0.029112,0.099585,0.071776,0.037147
327372,0.505015,0,0.610674,0.676488,0.71039,0.078323
327375,0.077614,0,0.083151,0.158201,0.202655,0.039226
327389,0.024986,0,0.013527,0.18139,0.11545,0.036807
327436,0.103365,0,0.096136,0.587867,0.219858,0.0402
327439,0.208731,0,0.231989,0.535321,0.660012,0.051714
327453,0.066558,0,0.058601,0.167532,0.119174,0.076419
327491,0.036164,0,0.028013,0.200756,0.047415,0.036544
327544,0.051239,0,0.048248,0.143617,0.14114,0.04324
327563,0.050297,0,0.036704,0.356484,0.073529,0.045139
327574,0.090109,0,0.072455,0.47684,0.17456,0.083826
327599,0.121663,0,0.129939,0.351689,0.192844,0.047983
327618,0.023,0,0.016667,0.049637,0.087926,0.039796
327652,0.115247,0,0.107023,0.19105,0.335134,0.12586
327695,0.364002,0,0.421949,0.765811,0.513096,0.073966
327705,0.040574,0,0.032907,0.151887,0.177178,0.045139
327719,0.054261,0,0.04157,0.371514,0.168342,0.041224
327726,0.029955,0,0.019662,0.190779,0.115916,0.036807
327760,0.063887,0,0.036504,0.583433,0.178515,0.068954
327774,0.042159,0,0.036514,0.187296,0.060937,0.036544
327799,0.058672,0,0.050768,0.343836,0.107694,0.035527
327819,0.056684,0,0.043973,0.377807,0.163307,0.04324
327827,0.077721,0,0.080849,0.133481,0.1555,0.054007
327835,0.216587,0,0.226682,0.789494,0.51533,0.068486
327836,0.04525,0,0.032489,0.349269,0.09897,0.036544
327844,0.044045,0,0.030502,0.3115,0.124256,0.044011
327848,0.047461,0,0.028427,0.47781,0.10564,0.039226
327901,0.197379,0,0.215204,0.642122,0.565582,0.041666
327916,0.049651,0,0.036807,0.346035,0.076829,0.043365
327917,0.061161,0,0.046275,0.250437,0.310227,0.07528
327941,0.294285,0,0.334099,0.75615,0.75375,0.051714
327984,0.034971,0,0.034566,0.02989,0.064388,0.036544
328000,0.087007,0,0.07063,0.567524,0.197138,0.058524
328015,0.06377,0,0.034673,0.687457,0.240809,0.054796
328047,0.059045,0,0.053341,0.3046,0.084153,0.035527
328115,0.045932,0,0.030864,0.40014,0.112164,0.036424
328116,0.341353,0,0.399833,0.651058,0.73527,0.058881
328161,0.069863,0,0.065899,0.198348,0.17094,0.058689
328171,0.251046,0,0.2797,0.695723,0.530108,0.057869
328252,0.053309,0,0.050147,0.116669,0.129984,0.051496
328268,0.324918,0,0.345882,0.868646,0.632703,0.141634
328276,0.057296,0,0.050048,0.216693,0.151606,0.052917
328290,0.337678,0,0.384942,0.802327,0.639717,0.071549
328350,0.210703,0,0.242541,0.437756,0.178444,0.053452
328365,0.033649,0,0.028807,0.092473,0.076936,0.039796
328389,0.03652,0,0.025341,0.227292,0.124918,0.041224
328406,0.051558,0,0.036161,0.40573,0.134822,0.042787
328460,0.032551,0,0.027317,0.114897,0.054663,0.036544
328465,0.247601,0,0.263647,0.668964,0.573339,0.103834
328479,0.071301,0,0.063526,0.329297,0.15099,0.051666
328488,0.044931,0,0.030479,0.374697,0.136126,0.036807
328499,0.122466,0,0.130833,0.389316,0.145146,0.04324
328520,0.075485,0,0.077232,0.18148,0.172209,0.047359
328565,0.051889,0,0.032301,0.485838,0.107124,0.045139
328570,0.039485,0,0.031377,0.22302,0.042811,0.036544
328621,0.043263,0,0.039911,0.119573,0.061552,0.04149
328622,0.051357,0,0.044733,0.075352,0.223758,0.066659
328646,0.03148,0,0.023611,0.14516,0.078545,0.038901
328651,0.332229,0,0.370064,0.913633,0.670296,0.079044
328770,0.063942,0,0.064526,0.151239,0.154141,0.043636
328776,0.017444,0,0.009773,0.055665,0.093168,0.036807
328810,0.045681,0,0.041144,0.184536,0.084038,0.036544
328829,0.098479,0,0.114934,0.072785,0.292512,0.036807
328929,0.361992,0,0.421946,0.823243,0.641343,0.05024
328934,0.068413,0,0.06129,0.346072,0.214989,0.040965
328943,0.065384,0,0.066999,0.122327,0.132061,0.047359
329005,0.057193,0,0.039687,0.481178,0.091051,0.045139
329027,0.048376,0,0.042419,0.233379,0.075933,0.036544
329036,0.05089,0,0.039635,0.229949,0.097572,0.059148
329075,0.177769,0,0.17367,0.780671,0.420449,0.078323
329081,0.044596,0,0.025904,0.406948,0.124353,0.046632
329083,0.037045,0,0.022062,0.309775,0.113496,0.04149
329084,0.061623,0,0.054947,0.209932,0.132582,0.057772
329092,0.04671,0,0.032551,0.323361,0.203641,0.045139
329095,0.057425,0,0.055679,0.133673,0.150666,0.047612
329116,0.086351,0,0.091507,0.12229,0.163997,0.058689
329172,0.043407,0,0.037212,0.158012,0.086015,0.044608
329175,0.062551,0,0.055556,0.283747,0.156125,0.046219
329244,0.275465,1,0.278135,0.882843,0.565146,0.148887
329246,0.136748,0,0.13933,0.495611,0.623207,0.049334
329253,0.038169,0,0.035559,0.070645,0.087748,0.040606
329256,0.047476,0,0.039934,0.265485,0.041603,0.036544
329269,0.054548,0,0.04346,0.384464,0.054891,0.036544
329313,0.460073,0,0.51726,0.950714,0.769828,0.152432
329319,0.027269,0,0.019309,0.134774,0.089387,0.035702
329332,0.114821,0,0.104812,0.63877,0.236881,0.05472
329350,0.072331,0,0.073797,0.212234,0.21318,0.037934
329354,0.113778,0,0.105501,0.605807,0.189197,0.054304
329356,0.02502,0,0.017008,0.116356,0.077606,0.036807
329389,0.081881,0,0.064908,0.555445,0.222238,0.055988
329440,0.033871,0,0.021013,0.24485,0.174023,0.0397
329482,0.076327,0,0.06897,0.377471,0.149502,0.047622
329493,0.084893,0,0.080141,0.303748,0.145622,0.061621
329524,0.0277,0,0.022345,0.081583,0.071645,0.036608
329532,0.033969,0,0.023727,0.202377,0.041694,0.04149
329596,0.024106,0,0.012947,0.167228,0.128151,0.036807
329598,0.094689,0,0.108749,0.077835,0.19115,0.043044
329600,0.037759,0,0.024042,0.312997,0.088853,0.0378
329641,0.053014,0,0.036638,0.42998,0.088473,0.045139
329692,0.07689,0,0.06971,0.425356,0.233272,0.036721
329693,0.170681,0,0.175714,0.645919,0.52052,0.057283
329708,0.105322,0,0.088985,0.580749,0.282523,0.075702
329725,0.054661,0,0.046748,0.230749,0.104468,0.051017
329728,0.076117,0,0.05944,0.557254,0.18861,0.048562
329734,0.104114,0,0.114599,0.211465,0.194969,0.043636
329757,0.033139,0,0.027646,0.071973,0.076299,0.045267
329786,0.045012,0,0.033828,0.322908,0.049286,0.036544
329852,0.28101,0,0.318364,0.578996,0.66145,0.079044
329877,0.041924,0,0.03863,0.102199,0.106734,0.04149
329913,0.159209,0,0.160206,0.650747,0.227061,0.065781
329926,0.152328,0,0.144926,0.806538,0.312439,0.05825
329964,0.470438,0,0.557199,0.831028,0.726384,0.078323
329972,0.328421,0,0.370252,0.815052,0.608695,0.079044
330004,0.027293,0,0.018417,0.141682,0.08748,0.037934
330051,0.049586,0,0.048372,0.084256,0.102749,0.046372
330052,0.368796,0,0.431492,0.756391,0.690465,0.058881
330066,0.198312,0,0.211839,0.637297,0.624166,0.057869
330142,0.107171,0,0.088772,0.779138,0.303576,0.049507
330163,0.279265,1,0.307101,0.824868,0.456079,0.073966
330168,0.064584,0,0.06732,0.095479,0.121202,0.047359
330175,0.121882,1,0.098344,0.640883,0.33357,0.110099
330253,0.093791,0,0.099528,0.248581,0.15271,0.043278
330288,0.031051,0,0.022661,0.09164,0.095172,0.0494
330325,0.051461,0,0.032692,0.435204,0.141701,0.049664
330328,0.014978,0,0.004482,0.0706,0.082954,0.041883
330354,0.091269,0,0.079679,0.485956,0.22449,0.059789
330365,0.099574,0,0.088458,0.471245,0.25671,0.069775
330388,0.094365,0,0.084826,0.487007,0.174645,0.057173
330408,0.057416,0,0.048248,0.336362,0.115357,0.039796
330439,0.044664,0,0.03753,0.159536,0.146279,0.047612
330484,0.051913,0,0.043868,0.242969,0.112406,0.04578
330491,0.057594,0,0.041149,0.461631,0.09302,0.045139
330511,0.271912,1,0.297379,0.78078,0.572119,0.078436
330549,0.060012,0,0.05232,0.262841,0.224922,0.047515
330599,0.055671,0,0.051283,0.232905,0.175989,0.036807
330614,0.067473,0,0.068816,0.134291,0.108914,0.0494
330685,0.214936,0,0.234934,0.557603,0.373706,0.075359
330689,0.027308,0,0.017082,0.143727,0.150578,0.040788
330699,0.320673,0,0.353342,0.958032,0.571308,0.079044
330779,0.409436,0,0.451807,0.894384,0.785106,0.155669
330803,0.358596,0,0.40541,0.877646,0.779063,0.081058
330846,0.338163,0,0.378514,0.908107,0.629807,0.079044
330860,0.272937,0,0.302691,0.845985,0.656686,0.049801
330866,0.037268,0,0.02487,0.299268,0.026728,0.036544
330890,0.024605,0,0.018472,0.081921,0.041354,0.036544
330903,0.071537,0,0.056042,0.543444,0.222816,0.040169
330927,0.39866,0,0.450695,0.837943,0.634951,0.121301
330977,0.043507,0,0.029796,0.35164,0.12429,0.036807
331088,0.063442,0,0.063597,0.184258,0.116095,0.039796
331093,0.031196,0,0.027968,0.062455,0.066137,0.036544
331135,0.272836,1,0.298164,0.880835,0.6891,0.058881
331183,0.098396,0,0.081357,0.639194,0.324564,0.058307
331241,0.350004,1,0.395587,0.888926,0.573144,0.079044
331281,0.037103,0,0.027022,0.249235,0.0332,0.036544
331349,0.087617,0,0.063998,0.652219,0.288314,0.068294
331439,0.053661,0,0.036957,0.444022,0.070211,0.045139
331460,0.438953,0,0.525339,0.737281,0.711396,0.058881
331461,0.069836,0,0.058985,0.3735,0.117722,0.054304
331500,0.051972,0,0.042886,0.265105,0.096401,0.046191
331584,0.047041,0,0.0399,0.248564,0.077623,0.036544
331612,0.036078,0,0.02599,0.237885,0.062071,0.036544
331666,0.093107,0,0.086789,0.464984,0.136943,0.048759
331709,0.268825,0,0.278911,0.854173,0.667069,0.115721
331792,0.067614,0,0.046966,0.615269,0.098962,0.045139
331821,0.034326,0,0.022547,0.263022,0.04939,0.036544
331865,0.257833,0,0.275675,0.854322,0.596547,0.075778
331889,0.265002,0,0.271536,0.783646,0.472195,0.14234
331928,0.033042,0,0.023802,0.201447,0.052043,0.036544
331930,0.075322,0,0.071554,0.321112,0.149012,0.04324
331933,0.04219,0,0.027553,0.317586,0.109651,0.045139
332035,0.084974,0,0.075325,0.556072,0.081239,0.036544
332039,0.063792,0,0.058221,0.277707,0.099365,0.045139
332066,0.07956,0,0.07247,0.403511,0.176023,0.045139
332104,0.090993,1,0.09416,0.242689,0.207531,0.048893
332124,0.05558,0,0.05222,0.202246,0.120345,0.039952
332136,0.049236,0,0.050672,0.042649,0.177262,0.04149
332145,0.330585,0,0.366554,0.956506,0.612703,0.077921
332148,0.076996,0,0.065738,0.372646,0.111437,0.064777
332154,0.038251,0,0.02881,0.256214,0.125941,0.031695
332183,0.036558,0,0.024717,0.234115,0.10466,0.043065
332199,0.061597,0,0.046735,0.454197,0.143963,0.044011
332203,0.046081,0,0.025426,0.536114,0.156256,0.031695
332294,0.066733,0,0.061411,0.238559,0.214906,0.051497
332309,0.038614,0,0.031335,0.143214,0.097597,0.045139
332326,0.050004,0,0.052099,0.071297,0.117897,0.036544
332381,0.0997,0,0.088369,0.499728,0.179547,0.067817
332398,0.190144,0,0.195128,0.778927,0.517269,0.057283
332443,0.251971,0,0.280097,0.69089,0.633215,0.058881
332444,0.038966,0,0.02475,0.325165,0.0904,0.038882
332451,0.095585,0,0.071154,0.772205,0.095213,0.064935
332463,0.398519,0,0.460998,0.856412,0.663901,0.078436
332541,0.356389,0,0.400638,0.947807,0.647778,0.079044
332572,0.054286,0,0.046857,0.148873,0.212004,0.060365
332580,0.271961,0,0.313145,0.506195,0.521971,0.070929
332589,0.027096,0,0.019787,0.125321,0.027018,0.036544
332622,0.039584,0,0.036126,0.129298,0.031863,0.036544
332764,0.04653,0,0.024419,0.481036,0.14201,0.047859
332801,0.0493,0,0.042277,0.244214,0.141679,0.0378
332872,0.026695,0,0.020345,0.099425,0.048225,0.036544
332907,0.071557,0,0.06569,0.36311,0.198303,0.037547
332911,0.283942,0,0.320878,0.626472,0.541126,0.079044
332912,0.076207,0,0.067782,0.322322,0.253355,0.058342
332913,0.07936,0,0.064668,0.621988,0.083855,0.036544
332925,0.343261,0,0.371852,0.835777,0.612286,0.142053
332926,0.080498,0,0.060657,0.726536,0.144318,0.036544
332956,0.048041,0,0.036945,0.291188,0.063665,0.045139
333022,0.212149,0,0.230668,0.653529,0.480996,0.057283
333055,0.034464,0,0.029186,0.095038,0.092563,0.04149
333077,0.093517,0,0.099042,0.231733,0.121917,0.047612
333181,0.047199,0,0.038365,0.232689,0.101769,0.045139
333182,0.06129,0,0.04534,0.439743,0.130554,0.050623
333203,0.035802,0,0.032719,0.089042,0.075854,0.036544
333257,0.035914,0,0.029542,0.132167,0.126171,0.0397
333270,0.02872,0,0.022442,0.07531,0.11221,0.041224
333280,0.091708,0,0.092124,0.268261,0.210377,0.05527
333322,0.346554,0,0.377196,0.823991,0.682507,0.138572
333339,0.085715,0,0.089154,0.273272,0.19022,0.036544
333345,0.052852,0,0.049536,0.206657,0.090784,0.036544
333349,0.074906,0,0.061124,0.574362,0.075749,0.036544
333495,0.026418,0,0.018292,0.124885,0.10752,0.036544
333531,0.100811,0,0.087414,0.533027,0.226915,0.069501
333549,0.04852,0,0.041231,0.262815,0.070125,0.036544
333555,0.089878,0,0.07331,0.473243,0.29949,0.076642
333628,0.029228,0,0.018985,0.171323,0.035657,0.04149
333651,0.06263,1,0.051203,0.433545,0.134036,0.036544
333673,0.516467,0,0.63345,0.576616,0.456119,0.075359
333738,0.025467,0,0.019702,0.079234,0.081929,0.035557
333751,0.026296,0,0.015282,0.138116,0.087487,0.045267
333798,0.05551,0,0.031462,0.597266,0.140096,0.045139
333864,0.105745,0,0.116689,0.199829,0.227185,0.04508
333894,0.030847,0,0.025965,0.099807,0.031324,0.036544
333903,0.042233,0,0.035654,0.121468,0.104198,0.050623
333905,0.145015,0,0.168399,0.16553,0.199334,0.053444
333920,0.310862,0,0.339679,0.972191,0.566204,0.079044
333921,0.14851,0,0.175991,0.170273,0.144429,0.04324
333947,0.070447,0,0.058509,0.423732,0.204889,0.047612
333950,0.03553,0,0.019456,0.361381,0.04022,0.036544
333995,0.293873,0,0.314675,0.74635,0.512061,0.130026
333996,0.029502,0,0.01695,0.193794,0.077571,0.045149
334020,0.237908,0,0.260536,0.685941,0.606453,0.063859
334052,0.102831,0,0.088753,0.65393,0.213919,0.053216
334055,0.377946,1,0.437413,0.767462,0.648458,0.081058
334056,0.0539,0,0.043267,0.316536,0.093136,0.045139
334058,0.031724,0,0.018436,0.208681,0.174741,0.045139
334127,0.393577,0,0.432023,0.879046,0.702345,0.156104
334132,0.284823,0,0.324748,0.579739,0.483703,0.079044
334148,0.185209,0,0.175199,0.794574,0.519895,0.103834
334188,0.168895,0,0.170053,0.786159,0.328924,0.049801
334253,0.056628,0,0.048147,0.318401,0.220524,0.036544
334254,0.028705,0,0.023139,0.080959,0.101142,0.037879
334293,0.043983,0,0.03141,0.300436,0.10892,0.042762
334296,0.322645,0,0.345796,0.761008,0.65975,0.14928
334319,0.034152,0,0.028616,0.099415,0.108884,0.040822
334424,0.05012,0,0.038398,0.361338,0.094753,0.036544
334425,0.089301,0,0.06591,0.537036,0.306882,0.089541
334439,0.072013,0,0.066531,0.281469,0.09077,0.054304
334483,0.20203,0,0.222636,0.589599,0.561548,0.046507
334497,0.053128,0,0.052057,0.096016,0.137004,0.047048
334534,0.222437,0,0.236014,0.638992,0.341252,0.094505
334599,0.099959,0,0.084322,0.559599,0.22771,0.071973
334616,0.056561,0,0.056708,0.166511,0.050542,0.036544
334684,0.030334,0,0.028446,0.025116,0.09029,0.036544
334711,0.054759,0,0.041666,0.388833,0.113354,0.04177
334728,0.08481,0,0.079101,0.41459,0.216829,0.04324
334732,0.037287,0,0.033719,0.107924,0.083208,0.036544
334796,0.059414,0,0.050746,0.365315,0.067524,0.036544
334813,0.082663,0,0.065868,0.630509,0.208875,0.04324
334875,0.045131,0,0.039641,0.171237,0.094206,0.04149
334914,0.031629,0,0.020044,0.239525,0.057371,0.036544
334921,0.090124,0,0.078135,0.48598,0.16026,0.061692
335004,0.039795,0,0.034681,0.108425,0.085059,0.045139
335052,0.041604,0,0.033826,0.127185,0.067712,0.054304
335092,0.047428,0,0.03516,0.300252,0.200381,0.04324
335102,0.093064,0,0.093146,0.264543,0.136306,0.0609
335117,0.270916,0,0.302381,0.800117,0.636743,0.049801
335122,0.090718,0,0.097432,0.240883,0.107447,0.038615
335131,0.213808,1,0.236055,0.615053,0.440925,0.053522
335146,0.048398,0,0.022633,0.59662,0.0649,0.045139
335148,0.071569,0,0.070452,0.227802,0.238234,0.043065
335154,0.029268,0,0.022451,0.109553,0.155053,0.036544
335157,0.035608,0,0.024639,0.235152,0.12997,0.0378
335181,0.434621,1,0.484386,0.922631,0.742137,0.154925
335219,0.374171,0,0.423905,0.668074,0.629448,0.130749
335232,0.049897,0,0.040954,0.204494,0.115395,0.053452
335262,0.050236,0,0.052798,0.059076,0.143874,0.036544
335269,0.313707,0,0.347673,0.896832,0.491184,0.079044
335296,0.04834,0,0.037599,0.138416,0.188156,0.067963
335338,0.108977,0,0.112286,0.212599,0.289901,0.073121
335388,0.383734,0,0.45325,0.616011,0.611299,0.079044
335392,0.088487,0,0.088109,0.218932,0.200991,0.063393
335406,0.063118,0,0.059407,0.134547,0.22713,0.059423
335436,0.02789,0,0.020123,0.131279,0.083114,0.036544
335504,0.117157,0,0.092228,0.897167,0.236053,0.0665
335514,0.36564,0,0.418727,0.848244,0.538855,0.078436
335532,0.110455,0,0.105269,0.417936,0.173867,0.072878
335586,0.132938,0,0.135545,0.428438,0.237089,0.067567
335624,0.026278,0,0.012523,0.238004,0.112711,0.036807
335632,0.047741,0,0.02783,0.515181,0.090868,0.036544
335640,0.063213,0,0.037832,0.597113,0.295122,0.055003
335646,0.043384,0,0.028735,0.331931,0.071472,0.045139
335660,0.074536,0,0.072004,0.224422,0.12815,0.055591
335665,0.285093,0,0.317181,0.90317,0.625732,0.046507
335681,0.274942,0,0.299199,0.837952,0.498307,0.078436
335696,0.078149,0,0.062852,0.572727,0.118529,0.045139
335738,0.058017,0,0.046832,0.357214,0.083913,0.045139
335740,0.076553,0,0.055954,0.56242,0.312912,0.059138
335764,0.154391,0,0.146212,0.70288,0.29128,0.082724
335767,0.29576,1,0.333376,0.682378,0.629033,0.078323
335771,0.063119,0,0.054651,0.311107,0.150573,0.047612
335816,0.415959,0,0.455843,0.982227,0.833212,0.155669
335830,0.028813,0,0.019241,0.146735,0.085622,0.04149
335836,0.107604,0,0.098839,0.40375,0.22421,0.083767
335838,0.028242,0,0.022681,0.055975,0.110876,0.04149
335845,0.064235,0,0.055554,0.353098,0.115382,0.04324
335870,0.058854,0,0.040444,0.4788,0.101054,0.050623
335927,0.030361,0,0.02573,0.058575,0.063321,0.04149
335948,0.031169,0,0.015094,0.313058,0.11041,0.037934
335949,0.097537,0,0.099637,0.275247,0.25928,0.053452
335988,0.101431,0,0.094861,0.461961,0.154442,0.059782
336002,0.080646,0,0.075172,0.308162,0.238853,0.055739
336050,0.083,0,0.074157,0.369458,0.209558,0.0609
336072,0.074734,0,0.069775,0.298229,0.162967,0.050623
336090,0.085982,0,0.071536,0.607807,0.258451,0.041224
336102,0.052492,0,0.039109,0.361584,0.107515,0.045139
336105,0.030248,0,0.025479,0.093624,0.030016,0.036544
336110,0.028891,0,0.016639,0.237857,0.031815,0.036721
336128,0.099159,0,0.074905,0.804852,0.239205,0.058689
336146,0.08748,0,0.074979,0.471638,0.232852,0.0609
336179,0.102437,1,0.084155,0.647495,0.335384,0.065982
336210,0.336445,0,0.398925,0.558163,0.626174,0.057869
336211,0.052657,0,0.053701,0.109798,0.125054,0.036544
336216,0.275976,0,0.318503,0.579981,0.534277,0.057283
336273,0.034373,0,0.021692,0.24526,0.060558,0.042787
336285,0.05355,0,0.030502,0.562048,0.148451,0.045139
336293,0.335746,0,0.353803,0.968197,0.698632,0.145785
336306,0.077043,0,0.080194,0.185941,0.172697,0.04324
336330,0.376592,0,0.419745,0.768544,0.74631,0.136719
336337,0.047247,0,0.038775,0.11072,0.188553,0.063199
336374,0.095657,0,0.079349,0.422667,0.19969,0.094519
336386,0.391064,0,0.43454,0.772614,0.780193,0.151308
336421,0.295517,0,0.31853,0.995685,0.52092,0.079044
336451,0.038829,0,0.037058,0.082265,0.076522,0.036544
336463,0.193673,0,0.196361,0.889066,0.536473,0.049801
336477,0.083124,0,0.088266,0.143385,0.149166,0.051496
336483,0.388921,0,0.428653,0.918675,0.680566,0.139269
336487,0.025279,0,0.01442,0.162131,0.136101,0.0378
336506,0.041314,0,0.033564,0.177126,0.062498,0.045074
336531,0.073927,0,0.065072,0.39993,0.100836,0.047622
336532,0.051662,0,0.037555,0.374265,0.086571,0.045139
336547,0.046253,0,0.032489,0.324439,0.125705,0.045139
336553,0.053008,0,0.056362,0.067993,0.102494,0.036544
336578,0.110298,0,0.104239,0.432955,0.205209,0.07234
336637,0.302989,0,0.339437,0.755663,0.601616,0.079044
336654,0.074093,0,0.059714,0.418679,0.246514,0.060755
336669,0.107427,0,0.094363,0.249384,0.336093,0.123849
336676,0.05073,0,0.038644,0.336435,0.104994,0.042787
336687,0.333551,0,0.354601,0.845967,0.620666,0.156126
336705,0.022521,0,0.011203,0.14804,0.128457,0.038901
336715,0.074847,0,0.065683,0.407415,0.351205,0.041455
336745,0.065341,0,0.051615,0.448161,0.1917,0.044064
336750,0.049954,0,0.043238,0.159589,0.179792,0.051496
336753,0.070073,0,0.069519,0.243599,0.141075,0.039108
336761,0.062389,1,0.037253,0.670795,0.111198,0.045139
336770,0.053745,0,0.028577,0.576914,0.243522,0.047859
336773,0.061148,0,0.04554,0.455092,0.176776,0.045139
336775,0.028941,0,0.010971,0.341069,0.12565,0.036807
336777,0.388862,0,0.44702,0.887962,0.595313,0.079044
336795,0.039996,0,0.02741,0.266291,0.072218,0.045139
336900,0.044937,0,0.022912,0.489327,0.10661,0.045139
336925,0.035086,0,0.028295,0.153685,0.111784,0.036807
336961,0.337182,0,0.359463,0.844301,0.75615,0.152432
337031,0.055275,0,0.052102,0.176915,0.130568,0.043131
337047,0.047974,0,0.045601,0.102305,0.114892,0.045139
337052,0.017412,0,0.007769,0.103061,0.085739,0.035791
337088,0.055849,0,0.056799,0.112855,0.119857,0.040342
337096,0.045211,0,0.026643,0.421755,0.177706,0.042762
337104,0.070775,0,0.057017,0.44509,0.084987,0.054304
337115,0.047543,0,0.037195,0.268753,0.153531,0.04324
337123,0.037491,0,0.024993,0.236893,0.139544,0.045139
337128,0.084566,0,0.072854,0.44097,0.277336,0.058689
337146,0.042135,0,0.030789,0.269033,0.122571,0.041224
337175,0.388153,0,0.444831,0.871258,0.792634,0.081058
337232,0.099228,0,0.081058,0.681568,0.322703,0.055969
337287,0.044502,0,0.038503,0.208466,0.073412,0.036544
337299,0.040322,0,0.024674,0.327159,0.10147,0.045139
337302,0.099305,0,0.093193,0.218386,0.262203,0.095996
337305,0.101216,0,0.110564,0.202151,0.147023,0.047359
337307,0.092857,0,0.083635,0.478027,0.318711,0.051708
337310,0.070234,0,0.050682,0.572579,0.129465,0.051017
337316,0.130297,0,0.120368,0.556632,0.400823,0.083143
337353,0.057412,0,0.044486,0.435586,0.087918,0.036721
337381,0.108632,0,0.080893,0.974557,0.206931,0.053585
337459,0.077447,0,0.07536,0.292837,0.117621,0.045533
337484,0.049755,0,0.048797,0.139755,0.170494,0.033798
337487,0.334265,0,0.372009,0.934508,0.637255,0.079044
337495,0.25368,0,0.269789,0.918699,0.56809,0.066467
337500,0.068529,0,0.069785,0.127653,0.133235,0.051496
337535,0.04686,0,0.034037,0.313384,0.098542,0.045139
337556,0.063489,0,0.041193,0.61655,0.129933,0.045139
337657,0.086042,0,0.065055,0.660067,0.286282,0.055327
337682,0.059783,0,0.042855,0.532268,0.10716,0.036544
337684,0.059424,0,0.048866,0.329347,0.150671,0.047612
337761,0.065096,0,0.055208,0.369002,0.142045,0.045139
337763,0.075854,0,0.063774,0.514559,0.18881,0.038889
337774,0.023352,0,0.009488,0.220406,0.113284,0.036807
337775,0.265971,0,0.285583,0.852831,0.628044,0.078436
337791,0.299994,0,0.346176,0.630648,0.529331,0.063859
337807,0.059371,0,0.050674,0.244211,0.171266,0.055302
337819,0.295412,0,0.325781,0.85339,0.454641,0.079044
337839,0.376066,0,0.43417,0.818226,0.496828,0.079044
337842,0.051884,0,0.039524,0.338155,0.163128,0.04324
337852,0.315801,1,0.350499,0.84925,0.7144,0.081058
337880,0.056689,0,0.053383,0.104725,0.114324,0.058689
337982,0.040463,0,0.025721,0.306633,0.192019,0.043065
338002,0.075075,0,0.064796,0.398732,0.107113,0.054304
338010,0.099818,0,0.109495,0.185717,0.138983,0.047622
338012,0.095947,0,0.084727,0.522723,0.193497,0.058377
338042,0.061347,0,0.05656,0.254635,0.163631,0.041598
338053,0.359688,0,0.404346,0.968171,0.606608,0.079044
338099,0.070142,0,0.072817,0.086043,0.190803,0.054007
338225,0.054327,0,0.046504,0.289882,0.125903,0.039108
338228,0.183343,0,0.183182,0.723305,0.335586,0.083152
338235,0.387196,0,0.418642,0.975892,0.73237,0.156104
338243,0.118459,0,0.088912,0.645356,0.25434,0.129601
338251,0.049135,0,0.030378,0.498735,0.103464,0.036544
338255,0.082874,0,0.083095,0.28905,0.152913,0.04324
338293,0.061661,0,0.057146,0.23165,0.150316,0.045458
338308,0.051068,0,0.040406,0.346048,0.09343,0.036544
338314,0.111783,0,0.100298,0.535253,0.300062,0.073213
338344,0.287771,0,0.334001,0.544724,0.544249,0.063859
338434,0.510862,1,0.624201,0.601118,0.43316,0.078323
338445,0.074232,0,0.052647,0.612388,0.196696,0.054335
338457,0.344021,0,0.391519,0.810613,0.562482,0.079044
338485,0.078154,0,0.073112,0.278711,0.256018,0.055909
338548,0.090328,0,0.082516,0.39762,0.20975,0.0609
338555,0.0682,0,0.057515,0.385142,0.197701,0.04737
338596,0.062604,0,0.047256,0.459657,0.088298,0.047622
338603,0.094453,0,0.093464,0.361324,0.300297,0.044599
338615,0.092755,0,0.090902,0.294149,0.249301,0.059185
338632,0.073972,0,0.05528,0.527728,0.110484,0.0609
338640,0.057666,0,0.036801,0.455369,0.188235,0.059975
338657,0.411579,1,0.49999,0.436729,0.490061,0.078323
338678,0.050654,0,0.034933,0.343169,0.105755,0.054893
338731,0.050156,0,0.033515,0.464203,0.088909,0.036544
338734,0.041031,0,0.030302,0.217861,0.086333,0.047782
338741,0.107844,0,0.112772,0.319117,0.218584,0.048759
338777,0.047643,0,0.032784,0.347472,0.182425,0.045139
338779,0.30739,1,0.358922,0.478846,0.568388,0.079044
338780,0.080488,0,0.076429,0.231193,0.154395,0.066461
338798,0.069862,0,0.072455,0.129114,0.143592,0.047612
338800,0.065431,0,0.047573,0.539386,0.120869,0.045139
338806,0.288074,0,0.315943,0.635021,0.510088,0.11687
338902,0.054614,0,0.029046,0.684655,0.052269,0.036544
338950,0.085486,0,0.072395,0.518751,0.194805,0.053333
338962,0.279719,0,0.31619,0.614671,0.517749,0.078436
338985,0.033195,0,0.021993,0.240947,0.065143,0.036544
339001,0.258306,0,0.286197,0.799297,0.570459,0.049801
339100,0.110334,0,0.108592,0.449151,0.178468,0.054304
339102,0.042903,0,0.029455,0.349693,0.081757,0.036655
339132,0.174273,0,0.212889,0.112691,0.240569,0.040776
339177,0.043821,0,0.037931,0.139212,0.141127,0.04578
339205,0.280395,1,0.30684,0.813916,0.597161,0.078436
339218,0.060605,0,0.051424,0.305782,0.219231,0.046219
339221,0.422706,1,0.477726,0.802743,0.788492,0.141246
339297,0.479597,0,0.541306,0.961127,0.832254,0.155669
339318,0.149968,0,0.139795,0.671684,0.469462,0.085287
339320,0.40292,0,0.489654,0.418172,0.431284,0.079044
339377,0.10292,0,0.09647,0.482487,0.249559,0.054777
339432,0.261474,0,0.269595,0.69223,0.691999,0.14234
339471,0.190516,0,0.203013,0.646621,0.584785,0.051714
339485,0.033061,0,0.02943,0.088585,0.033299,0.036544
339509,0.113753,0,0.107298,0.575659,0.170697,0.053452
339579,0.107736,0,0.09704,0.276117,0.343199,0.110498
339642,0.243566,0,0.263686,0.697326,0.566477,0.079044
339672,0.328728,0,0.357645,0.823177,0.399483,0.13158
339682,0.344715,0,0.369546,0.840779,0.652278,0.155669
339683,0.354301,0,0.40843,0.77538,0.622726,0.071549
339710,0.613544,0,0.754127,0.676645,0.780067,0.078323
339724,0.059814,0,0.042211,0.317613,0.293386,0.072164
339764,0.049461,0,0.027707,0.570524,0.055237,0.036544
339777,0.06301,0,0.043425,0.538352,0.316645,0.04324
339799,0.340991,0,0.38309,0.910746,0.685117,0.073966
339840,0.078034,0,0.075549,0.325019,0.139965,0.04133
339846,0.089664,0,0.090558,0.29539,0.146985,0.047983
339851,0.090827,0,0.089514,0.347436,0.114113,0.049166
339855,0.049236,0,0.040227,0.239528,0.168394,0.045139
339882,0.298545,0,0.336561,0.703293,0.559443,0.078436
339948,0.083655,0,0.06571,0.567583,0.17442,0.0609
339962,0.056796,0,0.043816,0.347818,0.22938,0.047859
339967,0.402726,1,0.449019,0.815335,0.726101,0.148875
339970,0.049058,0,0.032115,0.466598,0.066373,0.036544
339977,0.063558,0,0.060776,0.249893,0.114214,0.039108
339991,0.080129,0,0.06274,0.590869,0.167569,0.050623
340012,0.193198,0,0.182626,0.701952,0.364064,0.136512
340026,0.104104,0,0.095318,0.558953,0.195956,0.052686
340035,0.500535,0,0.606517,0.637285,0.773531,0.07694
340090,0.341326,0,0.37308,0.759619,0.697251,0.139241
340135,0.080894,0,0.063091,0.62916,0.20628,0.045139
340168,0.344453,1,0.373211,0.814472,0.567664,0.147941
340182,0.358864,0,0.431385,0.39624,0.545956,0.079044
340238,0.045023,0,0.032499,0.347403,0.069993,0.036544
340255,0.059596,1,0.042776,0.438608,0.304763,0.047064
340293,0.06776,0,0.062091,0.339857,0.143697,0.037934
340309,0.192471,0,0.201045,0.729508,0.656778,0.051714
340335,0.305799,0,0.317462,0.848141,0.668124,0.155574
340337,0.064545,0,0.054391,0.372972,0.128226,0.045139
340348,0.064491,0,0.056796,0.354862,0.126131,0.039288
340352,0.165385,0,0.177065,0.577823,0.278099,0.045366
340374,0.055374,0,0.050511,0.180062,0.113907,0.0494
340378,0.044146,0,0.029878,0.333248,0.174881,0.04149
340394,0.051974,0,0.030584,0.350542,0.119249,0.075729
340407,0.060385,0,0.058449,0.10217,0.141533,0.057772
340435,0.258345,0,0.284426,0.666218,0.636841,0.078436
340463,0.251045,0,0.268973,0.867167,0.385973,0.070929
340490,0.057097,0,0.039969,0.521961,0.156748,0.034481
340523,0.261917,0,0.261292,0.841856,0.620139,0.150473
340584,0.042612,0,0.033136,0.252706,0.084071,0.038901
340587,0.03517,0,0.03167,0.085514,0.125552,0.036544
340610,0.0473,0,0.042535,0.155902,0.125733,0.043278
340614,0.088189,0,0.0825,0.355877,0.300287,0.055372
340622,0.299187,0,0.317617,0.883875,0.388749,0.124116
340632,0.282103,0,0.296608,0.797252,0.521959,0.129699
340640,0.036032,0,0.028086,0.131279,0.149973,0.045139
340683,0.041688,0,0.034919,0.190808,0.122827,0.037749
340689,0.053895,0,0.055487,0.102535,0.152281,0.036544
340712,0.069867,0,0.069439,0.129061,0.147021,0.058689
340772,0.287475,0,0.325755,0.643079,0.411542,0.079044
340781,0.2891,1,0.30764,0.700723,0.534461,0.140136
340822,0.328943,0,0.364488,0.970451,0.470155,0.079044
340842,0.087419,0,0.093663,0.229883,0.170779,0.036544
340880,0.061357,0,0.053054,0.294834,0.181221,0.046916
340884,0.06523,1,0.042208,0.679741,0.194526,0.036807
340941,0.366918,1,0.408027,0.766797,0.327985,0.144735
340954,0.090078,0,0.091063,0.304299,0.109555,0.047612
340981,0.066814,0,0.065043,0.26041,0.14312,0.036608
340984,0.319478,0,0.358856,0.83427,0.426063,0.079044
341020,0.039948,0,0.027354,0.228708,0.196833,0.0483
341053,0.040382,0,0.021719,0.368153,0.151193,0.047612
341086,0.072335,0,0.074801,0.105462,0.189149,0.054007
341102,0.045604,0,0.037859,0.125883,0.099581,0.058342
341143,0.379293,0,0.429212,0.631292,0.415262,0.148875
341145,0.346755,0,0.393022,0.632117,0.386199,0.12377
341155,0.395516,0,0.457145,0.907326,0.625894,0.069931
341187,0.058109,0,0.059241,0.141065,0.14649,0.036608
341206,0.086223,0,0.069112,0.623697,0.153085,0.051496
341221,0.07762,0,0.061464,0.500534,0.185122,0.058689
341225,0.046025,0,0.041071,0.13558,0.158601,0.045139
341299,0.284546,0,0.296591,0.883015,0.271203,0.133502
341310,0.075607,0,0.073406,0.331351,0.126206,0.036608
341385,0.238949,0,0.269612,0.593805,0.462467,0.055969
341428,0.062933,0,0.057329,0.293369,0.111695,0.041078
341437,0.286579,1,0.31682,0.852395,0.545437,0.066467
341444,0.081402,0,0.070892,0.470569,0.189744,0.047622
341574,0.065209,0,0.053634,0.387788,0.161005,0.047612
341576,0.067916,0,0.044358,0.721884,0.122195,0.036544
341637,0.082678,0,0.072827,0.224406,0.317456,0.087101
341645,0.067302,0,0.062465,0.267957,0.214951,0.045139
341658,0.276069,0,0.299161,0.882575,0.416696,0.078436
341726,0.333305,0,0.372871,0.924336,0.422515,0.079044
341882,0.06866,0,0.049786,0.541239,0.154833,0.051496
341954,0.095545,0,0.073405,0.737125,0.236807,0.058689
341960,0.078408,0,0.062677,0.56385,0.154766,0.047612
341961,0.241213,0,0.248623,0.974701,0.395154,0.078436
341986,0.256873,0,0.268889,0.781564,0.265635,0.118496
