pipe_id,spatiotemporal_fold,true_label,lr_prob,rf_prob,lgb_prob
237191,2,0,0.08136608967332594,0.10262168991812909,0.04321532214812582
237214,1,0,0.04624451797826807,0.11586744605939713,0.053159020008777216
237225,1,0,0.3384039254779695,0.06622252186750739,0.045138580473426344
237249,0,0,0.17631231094059732,0.09989603435133604,0.04016290517447022
237299,1,0,0.2609021390143781,0.0718363172533756,0.03654359335363746
237314,2,0,0.2211504206204706,0.14809281909537275,0.039225685339645454
237318,3,0,0.9179464453422684,0.8198289877328179,0.1526200870288886
237327,0,0,0.13048734258344902,0.1741434732239307,0.054337846747663045
237342,2,0,0.396462123511344,0.08156966500641966,0.043239762574341006
237377,1,0,0.32183823938452555,0.12448479319682482,0.0560522975467529
237401,1,0,0.3744560623121762,0.14401205079022017,0.049952408474690416
237404,1,0,0.45020972832892286,0.04992032079853041,0.03654359335363746
237427,1,1,0.1172956764329921,0.14364481927547193,0.057772283877401805
237429,1,0,0.16128735216828727,0.0766795235589525,0.03660837086997847
237431,2,0,0.2924397241009797,0.10123026189585865,0.039107986745542264
237452,2,0,0.3037827561918895,0.20175582352987895,0.039225685339645454
237465,0,0,0.23897725033068004,0.16478448737295032,0.04526173921110359
237472,2,0,0.13730700269333093,0.18977049154894332,0.039107986745542264
237533,1,0,0.12503697806124658,0.0731375565792805,0.03654359335363746
237573,2,0,0.004677703972616695,0.15923939651468758,0.042877753104119905
237575,1,0,0.26075665882203464,0.08583297495410486,0.03654359335363746
237585,1,0,0.054980349504098094,0.047719726070516305,0.03654359335363746
237621,1,0,0.5884072501220693,0.3016774147636748,0.045138580473426344
237657,1,0,0.044541717981510194,0.1299403454817442,0.05400653719607418
237659,2,0,0.13951944829834126,0.1601688065989552,0.04883118523478495
237660,3,0,0.613975724844043,0.36250977637801557,0.1157386729994712
237672,2,0,0.08591371344358326,0.15721854433310933,0.04327762942775736
237704,0,0,0.14118863856092745,0.1557297580192797,0.04336522917003451
237725,2,0,0.02650255170339454,0.10356785989593974,0.03844866272520273
237747,1,0,0.05120620931802713,0.1445417500750097,0.041489727350712116
237762,3,0,0.6496382669299504,0.7694229184938708,0.10222222004707252
237780,1,0,0.037817333908871,0.10137665480479048,0.053159020008777216
237783,2,0,0.14978357901643016,0.09381787722406136,0.03793425460871488
237794,1,0,0.18800101068039507,0.16116759940337086,0.0462190103162257
237798,2,0,0.15149718265367232,0.12605667062912176,0.039225685339645454
237813,0,0,0.18031713867963003,0.15819646447158672,0.03552713988176232
237830,1,0,0.12234819927208977,0.03855226799494332,0.03654359335363746
237843,1,0,0.15412063649193183,0.18104079207961718,0.04955193009066487
237851,1,0,0.07002632055156263,0.051156594846155035,0.03654359335363746
237858,1,0,0.13844368497270873,0.07247276334243578,0.0367863966621417
237910,1,0,0.09516837855183471,0.05330466023709445,0.036721316141216785
237918,1,0,0.09909258089476884,0.10971657271934658,0.045138580473426344
237926,2,0,0.16208931882837502,0.13994073868318302,0.039107986745542264
237942,1,0,0.30974770347841407,0.037052216804419946,0.03654359335363746
237944,1,0,0.10218718966460494,0.12295007953225619,0.0586887917069828
237957,1,0,0.14661337333792435,0.0729733803005829,0.03654359335363746
237960,1,0,0.19604961622487477,0.11567019703688838,0.041489727350712116
237961,1,0,0.17705715633633184,0.09413579892291433,0.03654359335363746
237962,1,0,0.2003942229967393,0.12579996446146302,0.041489727350712116
238016,1,0,0.1414871737227214,0.06205492885909925,0.03654359335363746
238040,2,0,0.5076079948236748,0.23573345877698046,0.03793425460871488
238047,1,0,0.2687824970774805,0.13008708188803064,0.053452256584867484
238071,1,0,0.1345308730826653,0.08206732101740698,0.036721316141216785
238077,1,0,0.08118059605094756,0.0822502791620493,0.03654359335363746
238082,1,0,0.28775522716855484,0.09036202891554067,0.045138580473426344
238091,1,0,0.20923733836029967,0.06539627674489436,0.03654359335363746
238094,2,0,0.12729103031160147,0.11486612340214018,0.03680661143378336
238095,2,0,0.08174076697945307,0.09344931623953814,0.03680661143378336
238118,1,0,0.20818812715498905,0.04067870191534539,0.03654359335363746
238119,2,0,0.06521023873197827,0.1375919219996773,0.03680661143378336
238122,1,0,0.46518476552911076,0.04352983464760052,0.03654359335363746
238123,1,0,0.04566700969788153,0.06963928849626166,0.03654359335363746
238126,1,0,0.2691701052698769,0.06148829556765548,0.045138580473426344
238132,1,0,0.19850701671588625,0.11194749594175604,0.03654359335363746
238136,1,0,0.2610748205398794,0.04183015255230921,0.03654359335363746
238144,1,0,0.11069818764855167,0.10973302279077644,0.040606377662277836
238150,2,0,0.17396122182188686,0.08753312716786935,0.041224037052829364
238156,1,0,0.4638468967320728,0.17013781013653784,0.045138580473426344
238157,1,0,0.08716091589693731,0.06052682208032143,0.03654359335363746
238180,1,0,0.4385371296797357,0.09175011844363214,0.04762177173003558
238276,2,0,0.3118859016373229,0.23381964334338604,0.04883118523478495
238294,2,0,0.724296316232448,0.8180571005139605,0.0588805586063968
238310,2,0,0.12090932024329484,0.07368523798183417,0.039225685339645454
238348,1,0,0.11124388784679713,0.11758018276492703,0.03654359335363746
238372,3,0,0.1851367379312213,0.16864113855641097,0.0708931769905597
238386,3,0,0.7235387632049712,0.2713728417487871,0.0847695381235369
238395,3,0,0.32099768077374435,0.10656950336949528,0.034007056883704874
238405,3,0,0.2312047344855272,0.23711860964081455,0.04928650335696767
238410,2,0,0.29753562147211843,0.18648270144504686,0.04327762942775736
238419,1,0,0.17996584664173124,0.060538033320970415,0.03654359335363746
238436,2,0,0.15750943716667046,0.08166599105708885,0.03979579693051722
238447,1,0,0.18303799745866386,0.07915497436245042,0.041489727350712116
238448,0,0,0.3707365908016706,0.18980247870558994,0.04759229762057528
238477,3,0,0.6132854690657644,0.3077169146709495,0.08193956250300144
238500,3,0,0.3138766222037734,0.10401192807210828,0.05912055538879845
238519,1,0,0.04923307757303595,0.07262791712466746,0.03660837086997847
238523,1,0,0.06128602102352755,0.05172548663198356,0.03654359335363746
238589,1,0,0.10325145907205197,0.03331791040671144,0.03654359335363746
238592,1,0,0.2210439053173877,0.11907240962395901,0.045138580473426344
238599,2,0,0.05236555780717588,0.20992782579472472,0.03979579693051722
238615,1,0,0.052117946521814826,0.030116000912986114,0.03654359335363746
238625,1,0,0.04970336419001419,0.09583524713022301,0.0586887917069828
238655,1,0,0.05368678473042895,0.035568970260281614,0.03654359335363746
238660,1,0,0.06267937921572636,0.07560057275579071,0.03654359335363746
238668,1,0,0.06631856895234872,0.0749813631321933,0.040606377662277836
238676,1,0,0.3588806607688812,0.18835493596898803,0.045138580473426344
238757,1,0,0.14537165207913977,0.15409833062796252,0.03654359335363746
238765,1,1,0.7342226063756552,0.5065552581229178,0.0790439086755782
238779,1,0,0.025580738646817494,0.0736851784324709,0.045138580473426344
238786,1,0,0.06914724853735146,0.12607283664980803,0.060569014443723486
238813,1,0,0.2049494813484676,0.04102567968283553,0.03654359335363746
238837,1,0,0.0975196531847236,0.09124857716856756,0.03654359335363746
238851,0,0,0.13428465379909013,0.10218767987060551,0.045267486126968695
238854,1,0,0.07457622488035158,0.0267519171704868,0.03654359335363746
238873,2,0,0.09961519710140955,0.10712068705003919,0.03680661143378336
238877,3,0,0.07399969727913122,0.07477440731956285,0.040068777788135834
238886,1,0,0.18450192074224278,0.06035970163665812,0.03654359335363746
238888,2,0,0.1688881465816932,0.07894210613492417,0.03793425460871488
238895,1,0,0.044113617741323996,0.020174368010678168,0.03654359335363746
238901,2,0,0.4711683457724491,0.10929460543267172,0.039107986745542264
238907,1,0,0.7745404069957377,0.6022473822457356,0.0790439086755782
238915,2,0,0.16665105869812283,0.17943669337170567,0.04327762942775736
238924,3,0,0.30511184184826656,0.12640511769115437,0.04337272152620785
238968,1,0,0.2646110750813565,0.0705881853302492,0.04278709843626327
238970,1,0,0.02528362545957885,0.08765820675196859,0.057772283877401805
238972,2,0,0.11706874227530377,0.08288830631419854,0.03793425460871488
238973,2,0,0.13098294493547258,0.07786434200401787,0.039107986745542264
238987,1,0,0.5244078418965767,0.643122502535941,0.0790439086755782
239059,1,0,0.10474741947008927,0.12159776346035062,0.041489727350712116
239060,1,0,0.09912944466675512,0.07775142103675284,0.041489727350712116
239069,2,0,0.32646896528772734,0.15845636192350618,0.039107986745542264
239093,2,0,0.1512219810765778,0.09935049691380722,0.03793425460871488
239095,2,0,0.14026589973554918,0.14691519139628126,0.04327762942775736
239099,2,0,0.24847562691425962,0.16712428113221556,0.04327762942775736
239116,1,1,0.18139819758100334,0.13308719462706164,0.0560522975467529
239117,1,0,0.19085956015386513,0.029789478305006858,0.045138580473426344
239118,0,0,0.07801721806531246,0.1290355666938453,0.03579088590500353
239120,1,0,0.08169679843337557,0.0711786160344499,0.045138580473426344
239121,1,0,0.1157559779294476,0.14424245704018898,0.03654359335363746
239122,0,0,0.36064842477394476,0.15300518777428215,0.04336522917003451
239132,1,0,0.07064515687184662,0.14744865810876367,0.041489727350712116
239139,1,0,0.6753052491320934,0.1446234261288856,0.045138580473426344
239148,1,0,0.11191625288676077,0.11798696673381327,0.0367863966621417
239150,1,0,0.05173363610186952,0.07705830922470457,0.03654359335363746
239155,0,0,0.3581915896084672,0.18232967259239716,0.05149654112980483
239162,2,0,0.09047709127894661,0.11197838182782444,0.044064117889810656
239163,0,0,0.11004143292110831,0.12434829636149466,0.04132965139290407
239166,2,0,0.1142589633502621,0.1391942122783315,0.039225685339645454
239180,0,0,0.14309970949066828,0.15330521134537956,0.04982135262079562
239192,2,0,0.8063384663278895,0.5891445173930283,0.0588805586063968
239220,1,0,0.13445896655146308,0.07916968964743522,0.03654359335363746
239227,2,0,0.6061317026915296,0.526413408081434,0.05786868058135989
239235,2,0,0.016750333587257728,0.12728442508896404,0.03680661143378336
239236,2,0,0.07268610950822785,0.10574698048709566,0.039225685339645454
239251,1,0,0.526661140819936,0.10971265623965501,0.041489727350712116
239252,2,0,0.16107686798783824,0.2831027154451817,0.039225685339645454
239253,1,0,0.11845080420939928,0.03249586471185829,0.03654359335363746
239311,2,0,0.1667494374400255,0.10513018995457385,0.04327762942775736
239315,2,0,0.2573500670831108,0.1926920870644607,0.041224037052829364
239324,1,0,0.02738195745640245,0.08842296806555368,0.053159020008777216
239327,2,0,0.20949478567584354,0.09145833104553379,0.044064117889810656
239329,1,0,0.13814462747517045,0.08775162326443738,0.036721316141216785
239333,1,0,0.054477247423666254,0.15666195634509042,0.0586887917069828
239352,0,0,0.1583020799046378,0.17591429604561817,0.040787904309439904
239363,2,0,0.12091659720638337,0.18284162605357207,0.04327762942775736
239365,1,0,0.04041056071938022,0.14709745406338498,0.03660837086997847
239366,1,0,0.07967645042502945,0.15432867121713037,0.06732034029303058
239377,2,0,0.1604949181872811,0.32001581018411457,0.05526959489511729
239401,1,0,0.16961016436936469,0.06214493314368763,0.03654359335363746
239407,1,0,0.042807130355741185,0.06773743438214037,0.06578065933042877
239409,1,1,0.14953948800642172,0.09534919194704879,0.03654359335363746
239413,2,0,0.09725353688241671,0.1780318286102356,0.04327762942775736
239422,2,0,0.13977940030590397,0.09325783970566469,0.03793425460871488
239425,1,0,0.24396842943643754,0.12824459348422976,0.046552731277610504
239426,1,0,0.5037068132699514,0.04926252734747915,0.03654359335363746
239439,1,0,0.707319334671751,0.47572600113846714,0.056450207592323574
239443,2,0,0.12694355528884793,0.08672030200603238,0.03793425460871488
239449,1,0,0.2795459728699543,0.054716691456957546,0.045138580473426344
239451,1,0,0.19852498544480615,0.14763896756967024,0.0536854468415646
239457,2,0,0.18196457963920887,0.18344482311322083,0.04883118523478495
239484,2,0,0.21376847877318547,0.1518864546054445,0.04050823995367436
239492,1,0,0.2608717166774048,0.21151059056997956,0.051665630257641856
239495,1,0,0.4578170794538253,0.09690174587976735,0.041489727350712116
239498,0,0,0.07733165563419797,0.07573079122836872,0.04940040891194944
239499,0,0,0.15889254616978335,0.1585538529123004,0.043065190572814514
239500,1,0,0.09010583567218367,0.06858796721882862,0.041489727350712116
239503,1,0,0.08915667365599743,0.06283368312886195,0.03654359335363746
239504,1,0,0.31642556491621815,0.07207647052153725,0.041489727350712116
239526,2,0,0.1499165826106386,0.1476425598176523,0.03680661143378336
239530,1,0,0.13963742702265272,0.025588857384181728,0.03654359335363746
239531,1,0,0.10463547063995458,0.0539939728378037,0.0462190103162257
239533,2,0,0.3107071514202582,0.1299511919564794,0.043239762574341006
239539,1,0,0.7152074923116181,0.4819794647843022,0.0790439086755782
239581,2,0,0.4360657083311614,0.0873399651976193,0.03979579693051722
239595,2,0,0.32539299062050747,0.2913045152902102,0.03979579693051722
239600,2,0,0.13715530555806119,0.13861856477965445,0.03793425460871488
239618,1,0,0.14903768892529756,0.1306090834712927,0.036721316141216785
239628,2,0,0.10546047044390847,0.13035324084298824,0.04401103510171641
239633,1,0,0.32860478781531965,0.06171628029502249,0.03654359335363746
239643,1,0,0.24805082897170683,0.1062951398980786,0.04751540753370948
239648,2,0,0.12777554426995522,0.16161877330859345,0.039107986745542264
239679,2,0,0.17392854643244174,0.16694491761872945,0.04327762942775736
239683,3,0,0.5855196947049955,0.6473437262059272,0.13857483209401458
239691,2,0,0.2780516572074469,0.21020853270720252,0.045079879229967756
239720,0,0,0.34586414019753753,0.10572011816621572,0.04366825624270881
239725,0,0,0.23040040250102287,0.13240148930922926,0.03890106100826425
239728,1,0,0.697290869598083,0.5273489785942814,0.06646679460784717
239749,1,0,0.11417529933738366,0.02651588838987764,0.03654359335363746
239757,1,0,0.06312046268896669,0.12708221954503404,0.060569014443723486
239766,1,0,0.1056398551197542,0.10402070543182086,0.03654359335363746
239768,2,0,0.25402413375355587,0.10608946068803993,0.039107986745542264
239784,1,0,0.08920022793321021,0.015235455556107922,0.03654359335363746
239804,2,0,0.2307344604604483,0.21029729974807346,0.04761226190619499
239806,1,0,0.1415165706605851,0.052129886762436295,0.04278709843626327
239820,1,0,0.5947001065445389,0.41593451494918726,0.056450207592323574
239833,0,0,0.3558537378042121,0.3078881204541188,0.0527102997398056
239848,2,0,0.16544244532021393,0.07194996793752512,0.03979579693051722
239849,2,0,0.32903479546921494,0.1166821552748936,0.044064117889810656
239861,2,0,0.40272954372212283,0.1250521558512044,0.03793425460871488
239863,1,0,0.2282894152292318,0.04929457996781367,0.03654359335363746
239881,1,0,0.13875254189279543,0.04632740141942573,0.03654359335363746
239916,1,0,0.39608053971558477,0.043488709846168414,0.03654359335363746
239941,1,0,0.12316947660343874,0.030938937256619295,0.03654359335363746
239943,2,0,0.09242518433961117,0.1832269692690627,0.03979579693051722
239959,1,0,0.5508112710860841,0.1856267222964431,0.053452256584867484
239968,1,0,0.0974155091042231,0.04673128753925924,0.0462190103162257
239970,1,0,0.23300063602266063,0.03843196302038025,0.03654359335363746
239989,0,0,0.37075012753121933,0.10947760776670908,0.0435532226510756
239993,1,0,0.37192946069382576,0.10505362169253002,0.045138580473426344
240000,2,0,0.10025719912235252,0.20009325774594783,0.03979579693051722
240019,1,0,0.04849018295513618,0.046613908275777015,0.03654359335363746
240029,1,0,0.3384979621088109,0.10039460598322623,0.041489727350712116
240030,1,0,0.19015727491151208,0.12051978616448729,0.045138580473426344
240034,1,0,0.3234228471130296,0.09711829390317271,0.03654359335363746
240085,0,0,0.31613321922448034,0.15037326668615258,0.03890106100826425
240086,0,0,0.2668267359604377,0.22229700098597235,0.043065190572814514
240095,1,0,0.21349250411776888,0.02816364648726037,0.03654359335363746
240099,2,0,0.27032925527768337,0.18740717266585782,0.039107986745542264
240102,2,0,0.15127700440316946,0.1021794416949985,0.039107986745542264
240112,2,0,0.11691733598080357,0.06162570273036188,0.039107986745542264
240129,1,0,0.19162231238044738,0.09668324262148226,0.045138580473426344
240133,1,0,0.3610709784942088,0.12834772499339242,0.045138580473426344
240145,1,0,0.3187565268269055,0.0870692379316267,0.053452256584867484
240162,2,0,0.2820434629522102,0.12772517393114474,0.03793425460871488
240177,0,0,0.07318742914397525,0.09995520704325493,0.04051001628367428
240206,1,0,0.026827343496477436,0.07994613929203491,0.0462190103162257
240220,1,0,0.3495886927503298,0.09037836179087468,0.045138580473426344
240225,0,0,0.049828242427784684,0.0930262706366332,0.042772479234137746
240229,2,0,0.14954863913506117,0.15480755119037265,0.03979579693051722
240230,1,0,0.16643989592076056,0.1483217545574274,0.0586887917069828
240252,0,0,0.3397143960272928,0.15308021687670664,0.03995232067593701
240260,0,0,0.0902611024740405,0.08732747750131935,0.047782419330315115
240265,1,0,0.2172616383868954,0.08110310135381506,0.05253282474628003
240281,1,0,0.08446654888108514,0.09767074077221509,0.06578065933042877
240285,1,0,0.06229511554553649,0.028516735966942677,0.03654359335363746
240287,3,0,0.24115400071424178,0.10973596750999627,0.04029603129780251
240311,3,0,0.3932502653585927,0.2758821438976234,0.09905271192305533
240369,2,0,0.11803231511960924,0.12673688023695845,0.03680661143378336
240395,1,0,0.0614947941832015,0.101672937179706,0.036721316141216785
240402,1,0,0.06240950720979484,0.1237796499006189,0.06007315232246997
240406,3,0,0.2653172448784926,0.18145411334759715,0.07506757797343462
240437,1,0,0.10946873126861734,0.011733780703657437,0.03654359335363746
240466,1,0,0.10003865374322032,0.14239781668655238,0.057772283877401805
240470,0,1,0.8223602060343218,0.5779258967326429,0.07535850075769517
240483,1,1,0.9232800214902178,0.7129353105995737,0.0790439086755782
240485,2,0,0.49187625805312357,0.22947080073858225,0.03979579693051722
240520,2,0,0.15048125466952658,0.12682145275544954,0.03680661143378336
240530,2,0,0.3577280169562392,0.18246991307288404,0.03680661143378336
240531,1,0,0.12272276096653985,0.06347917677546884,0.03654359335363746
240582,1,0,0.2390725377172601,0.06623987738899782,0.03654359335363746
240589,0,0,0.5190774870904383,0.2638303791393176,0.048851028497041836
240638,2,0,0.11206275761714822,0.0943505685841645,0.03979579693051722
240639,2,0,0.08520955535954321,0.10544695613941973,0.03979579693051722
240669,1,0,0.26473655850261696,0.08272520797646556,0.03654359335363746
240700,2,0,0.1939055209170668,0.13006476661190214,0.039307208021911476
240715,1,0,0.2874249001318694,0.06942311285557545,0.041489727350712116
240732,1,0,0.2569963480126157,0.09627619698856224,0.053452256584867484
240736,1,0,0.06392910945074139,0.07024623970958484,0.05253282474628003
240739,1,0,0.028557302841371264,0.07656849866628082,0.03654359335363746
240749,3,0,0.9728358055503387,0.7369473356105134,0.139446431547123
240764,1,0,0.11022825190659784,0.08744785373772647,0.036721316141216785
240765,3,0,0.4257531254980856,0.17906910454146055,0.04009658354356836
240772,1,0,0.5270916952488373,0.11570587226940314,0.053452256584867484
240786,3,0,0.40550141503031795,0.27523659099643877,0.0758692362613866
240799,2,0,0.17321168992187658,0.11866730995250181,0.03979579693051722
240822,2,0,0.19443318007008611,0.10645623214675867,0.03680661143378336
240828,2,0,0.1856050281313239,0.23733594935872193,0.05526959489511729
240840,2,0,0.09944653908303072,0.1394586068314116,0.039107986745542264
240894,1,0,0.0782755559787773,0.06637877621710059,0.03654359335363746
240930,1,0,0.6343606159955842,0.3408204409302646,0.053452256584867484
240942,1,0,0.07572791289553066,0.06502222733350167,0.03654359335363746
240962,2,0,0.0953019060630127,0.10090510732015695,0.04050823995367436
240983,1,0,0.17558088680571385,0.07893172616974825,0.04691585217692644
240990,0,0,0.10693025428366044,0.10356064135689871,0.04579907598057319
241016,0,0,0.10345621707616653,0.19971712967561867,0.043131446758103056
241033,2,0,0.0799476828047643,0.1209532852122307,0.03680661143378336
241053,0,0,0.22688368673886342,0.2710020067912671,0.044964152834023795
241055,3,0,0.20575222571858448,0.08752595883025836,0.03590019916499122
241059,0,0,0.13255285887325932,0.09364030014094192,0.047782419330315115
241071,1,0,0.04519515256912275,0.032349164143506616,0.03654359335363746
241117,1,0,0.5937624302649882,0.3318940664359964,0.04903113289619278
241143,0,0,0.17068456810468577,0.1984865383537732,0.03992228278318054
241147,2,0,0.2755443180510529,0.08591653209814795,0.039225685339645454
241149,1,0,0.15907738873004232,0.17368679046194713,0.045138580473426344
241214,1,0,0.01589066453860917,0.05447252552842558,0.03654359335363746
241218,1,0,0.07841645920210438,0.06365603211279827,0.041489727350712116
241243,3,0,0.05881941615669752,0.09191767405057885,0.038251990085526745
241247,0,0,0.06672343153734386,0.06826376220405334,0.03890106100826425
241248,2,0,0.30821598613824014,0.1574095191517668,0.03680661143378336
241273,0,0,0.1432961619873711,0.09144440662985436,0.04051001628367428
241275,0,0,0.10796129406390541,0.12947315032277903,0.05643277599493988
241276,1,0,0.235960651015336,0.09973416227741459,0.041489727350712116
241277,1,0,0.11506050942214077,0.033901164544216426,0.03654359335363746
241308,1,1,0.27462653237273077,0.06585890575129716,0.04278709843626327
241315,2,0,0.25066350441845064,0.14119847848786068,0.04327762942775736
241342,2,0,0.3047471683481959,0.15678864251235702,0.04327762942775736
241366,3,0,0.07029048237249293,0.06363012169179497,0.03326920167607622
241384,1,0,0.04240946433855944,0.0666442438557746,0.03654359335363746
241411,1,0,0.07681618780571295,0.05323323709845933,0.03654359335363746
241415,3,0,0.5835656795873885,0.393007122990744,0.08693917932239438
241417,1,0,0.16852913302058242,0.039087137285779165,0.03654359335363746
241418,0,0,0.15076098908076582,0.08456461523579123,0.04051001628367428
241445,2,0,0.2010367631684,0.08952972070992277,0.03979579693051722
241483,2,0,0.053703977828659814,0.06859534691059614,0.039107986745542264
241520,1,0,0.3511631839801271,0.09549930278083213,0.04299383033375031
241523,1,0,0.8710102429068934,0.7039605021067152,0.0790439086755782
241537,1,0,0.024492923857508373,0.11647461533875365,0.03654359335363746
241561,2,0,0.2348448378879167,0.1451269139652754,0.04785905696083482
241572,0,0,0.6292958473012277,0.5787904512551123,0.07832280308675038
241604,1,0,0.045485399289708725,0.09588603621932083,0.03654359335363746
241650,1,0,0.20708210166937088,0.02559819983452329,0.03654359335363746
241654,1,0,0.5181971927994347,0.3269567010138645,0.051016511781975526
241670,0,0,0.3951690439636852,0.18226706714634852,0.054337846747663045
241672,2,0,0.1933877467369018,0.07455316526318348,0.03793425460871488
241679,1,0,0.18413595235375677,0.029658720852130012,0.03654359335363746
241682,2,0,0.13026330428277824,0.10588856646082447,0.03680661143378336
241702,3,0,0.11939222582873488,0.10794684665809808,0.035016314492785666
241712,2,0,0.15202678911000994,0.10066467681241224,0.03979579693051722
241749,1,0,0.03605889345096492,0.08940931710733051,0.053452256584867484
241757,2,0,0.15243727347132302,0.10452333588857432,0.04327762942775736
241770,2,0,0.17835324718595863,0.10863023123183516,0.041224037052829364
241771,1,0,0.7802112843645622,0.5624695541956953,0.0790439086755782
241779,0,0,0.2431861708035213,0.09447729736260477,0.04336522917003451
241780,0,0,0.12692482985593867,0.07804146825851598,0.03992228278318054
241828,2,0,0.5813878140797267,0.5471127210461466,0.04933405919220342
241830,1,0,0.15869574664464559,0.206049958095849,0.0586887917069828
241848,1,0,0.12080725495816376,0.12194321197251737,0.03654359335363746
241855,1,0,0.35056144892979313,0.12950833678266557,0.04875860376427636
241873,1,0,0.2513323567366118,0.1513651064326128,0.060900497067004095
241882,1,0,0.32141604921692596,0.08060235572393726,0.03654359335363746
241891,2,0,0.2725509047600375,0.22004361861090038,0.04761226190619499
241906,0,0,0.1697917698993059,0.07019703865470725,0.042772479234137746
241930,0,0,0.11951164257006115,0.14443926141618088,0.04051001628367428
241941,1,0,0.14628346806766374,0.02478673978163006,0.03654359335363746
241979,0,0,0.2045297502352674,0.22531968634358523,0.03890106100826425
241990,1,0,0.2728382086726698,0.10582861590932426,0.03654359335363746
242009,0,0,0.22224563055449464,0.096460582428022,0.041390103977371924
242045,1,0,0.11034966731984143,0.07743282614603643,0.03654359335363746
242047,3,0,0.07846826960875901,0.11813766784184727,0.03890408173288538
242060,2,0,0.008207580975848264,0.13324559115072188,0.043043782468172975
242071,2,0,0.06159846926714706,0.1259069098374437,0.03793425460871488
242074,2,0,0.06530900870590595,0.09424740896781474,0.03979579693051722
242095,1,0,0.11107242255875802,0.14085416406401327,0.06578065933042877
242104,2,0,0.1161391332428906,0.1162993326564525,0.04883118523478495
242105,1,0,0.2298291384292655,0.10855714059053218,0.03654359335363746
242115,1,0,0.1431132689212072,0.046878675793297075,0.040606377662277836
242117,2,0,0.32081362716440043,0.08777356370264666,0.04050823995367436
242130,3,0,0.5819327286464228,0.16132835234365694,0.041687338480520475
242132,1,0,0.34889508618173737,0.09414174318952316,0.045138580473426344
242149,3,0,0.14620055212369779,0.09833742041284134,0.03494062947769129
242155,1,0,0.07549345951186469,0.05236733633455584,0.03654359335363746
242180,2,0,0.22338791245217046,0.2383233080286214,0.04761226190619499
242200,3,0,0.9417287048556318,0.3688951854517633,0.129482206616859
242212,1,0,0.04785714451234356,0.041703234632641806,0.03654359335363746
242233,3,0,0.20774251661753587,0.23721854826671473,0.05708587808270569
242246,1,0,0.12099111040541369,0.044077187194398786,0.03654359335363746
242286,1,0,0.258289567457077,0.05598144900376858,0.03654359335363746
242288,2,0,0.31371512246917427,0.13590386973477606,0.04761226190619499
242296,3,1,0.15363846070928402,0.13689629234064618,0.05086396353491067
242298,2,0,0.34463509737044434,0.14454754245666668,0.03793425460871488
242330,1,0,0.30613358481789626,0.4296893757043722,0.04650700230382281
242334,1,0,0.8959355683126206,0.519600284370422,0.07843589644846584
242341,2,0,0.3499870563629575,0.19284947543365827,0.041224037052829364
242367,2,0,0.20568099104440463,0.13377680675761972,0.041224037052829364
242368,0,0,0.12474204903678286,0.09202296557668682,0.043131446758103056
242396,1,0,0.41851524579446087,0.09631565152273978,0.036721316141216785
242410,1,0,0.8287305785766753,0.578528732729222,0.05352224253229474
242439,2,0,0.09396386093025823,0.08795552918767341,0.03979579693051722
242445,3,0,0.07641457262683629,0.14774436032573968,0.05841955940895178
242451,1,0,0.12138753678146223,0.05722957548448541,0.041489727350712116
242490,3,0,0.37494811322585375,0.12008642671103767,0.06307374236221602
242498,1,0,0.4616129358186009,0.1824682701573848,0.051665630257641856
242503,1,0,0.630139171906024,0.15430748221054666,0.060900497067004095
242558,0,0,0.23635087071629754,0.12863817544430137,0.03890106100826425
242573,1,0,0.1050642068240981,0.11464790012436238,0.04916595741654698
242579,1,0,0.13132671905636606,0.11980136985701223,0.06732034029303058
242581,0,0,0.33053086349029076,0.08445855263212602,0.04336522917003451
242597,0,0,0.32731059740949076,0.15184694300785306,0.03861531372685975
242614,3,0,0.5122679397821825,0.18301607202873132,0.051860867035191556
242685,3,0,0.08088778444308836,0.08474123946393904,0.03642139327475942
242687,1,0,0.3053497727365545,0.15724502342710442,0.053452256584867484
242700,0,0,0.3444623404764297,0.1514829912437664,0.040787904309439904
242706,2,0,0.09562099718645853,0.13521362924730776,0.039307208021911476
242707,3,1,0.88680373015885,0.7223103402515487,0.15817126813482218
242775,2,0,0.1011140457625852,0.1441612044499133,0.03680661143378336
242782,3,0,0.2536388922254225,0.1425431852785595,0.055446291759691055
242789,3,0,0.08249935743376359,0.09233711365762753,0.0332636631983669
242802,2,0,0.30440303980620986,0.09393206690826483,0.03979579693051722
242826,1,0,0.08748672993234459,0.030362955383426433,0.03654359335363746
242828,2,0,0.14002606799615563,0.2500517404683418,0.03680661143378336
242837,1,0,0.02152297767225415,0.06318632665870559,0.03654359335363746
242842,1,0,0.10420265261113887,0.046060769377350395,0.041489727350712116
242848,1,0,0.09866008349386278,0.07207695529712019,0.06578065933042877
242854,2,0,0.11682993502868481,0.1537419920354839,0.039107986745542264
242859,2,0,0.13735323109799627,0.13003145275047223,0.039107986745542264
242873,1,0,0.2954682813668918,0.14643127177460205,0.045138580473426344
242884,3,0,0.1051069683629528,0.08520494664890586,0.03717905845932969
242891,2,0,0.24843290601024295,0.12766712670202565,0.03680661143378336
242892,0,0,0.4330510008860016,0.2504730060285238,0.04246406519875519
242916,2,0,0.15884320305379995,0.09776317328715306,0.03680661143378336
242924,2,0,0.17185915496880708,0.15738924266378843,0.039107986745542264
242937,1,0,0.09027422189528167,0.05238836158669558,0.040606377662277836
242946,1,0,0.5368240954705475,0.1462974423596738,0.0506233382542699
242951,1,0,0.8532287756161728,0.5197827913195012,0.0790439086755782
242953,1,0,0.5142728841869252,0.15801697959203237,0.0506233382542699
242989,1,0,0.0746391336147478,0.03960802424934981,0.03654359335363746
243026,1,0,0.2936459426733743,0.0914900960403391,0.03654359335363746
243049,0,0,0.16936890388022843,0.12582074349228167,0.03890106100826425
243054,1,0,0.3855315446707773,0.20885924970625738,0.06233357304431559
243067,2,0,0.1261518919766548,0.11908802580838776,0.03979579693051722
243096,1,0,0.1568402915782212,0.10283973154760961,0.03654359335363746
243121,0,0,0.09168831939393776,0.09200144659219073,0.04144838181603294
243145,1,0,0.15670245802031632,0.11325743278128945,0.06578065933042877
243174,1,0,0.6798181911100833,0.14229273159006797,0.03654359335363746
243188,1,0,0.09839461426049073,0.07914768550475494,0.03654359335363746
243198,1,0,0.029838289953355402,0.04898037799672645,0.03654359335363746
243214,1,0,0.22868910741834972,0.059850137620334906,0.03654359335363746
243236,2,0,0.2688650209340539,0.25940203003715073,0.05526959489511729
243253,3,0,0.17180923535391876,0.19121739137099614,0.08335198387985872
243260,1,0,0.07651524740210164,0.04382642186338656,0.03654359335363746
243264,1,0,0.05891865622356883,0.06552751132268556,0.045138580473426344
243272,2,0,0.22658231179803928,0.10608459511283379,0.039307208021911476
243274,1,0,0.08981966270651509,0.028618060358778986,0.03654359335363746
243276,1,0,0.16301799343092124,0.05046466123183638,0.04278709843626327
243297,1,0,0.020765423266129557,0.11632536413988205,0.03654359335363746
243313,2,0,0.18919710455795896,0.1982879616140527,0.03793425460871488
243333,1,0,0.118697821551747,0.15012882196066424,0.045138580473426344
243358,2,0,0.22647831207237112,0.1833604644372431,0.03680661143378336
243361,2,0,0.12260228331208692,0.11009155664541208,0.03979579693051722
243385,1,0,0.1581494907174398,0.13963495074701215,0.06578065933042877
243411,1,0,0.12833437574355688,0.020026717959501273,0.03654359335363746
243428,2,0,0.4309145651277737,0.3577184471870574,0.05526959489511729
243434,2,0,0.31004687554120264,0.22510846072599514,0.03680661143378336
243444,1,0,0.3644958888491116,0.05587819067588765,0.036721316141216785
243472,1,0,0.23849145115079362,0.09045995770167052,0.041489727350712116
243481,2,0,0.07292333284907203,0.12457567653504914,0.039225685339645454
243511,3,0,0.05066749592656063,0.1246841434281448,0.03722821785892626
243513,1,0,0.10976873566772724,0.1181298708973951,0.03654359335363746
243602,2,0,0.1915861061017242,0.22539203460001872,0.05526959489511729
243611,2,0,0.12418253848227226,0.1231607282406097,0.04883118523478495
243619,1,1,0.8471747170384202,0.4585700206240192,0.0790439086755782
243653,1,0,0.26367970975695715,0.13286226077635166,0.05430418072875823
243667,1,0,0.07915396080222158,0.09525859842832675,0.0586887917069828
243679,0,0,0.24207407175778778,0.22698679869669822,0.050229595504568535
243724,2,0,0.3255738698966781,0.13572953226616408,0.039225685339645454
243734,2,0,0.2803182327706309,0.1557280025029679,0.039107986745542264
243760,1,0,0.16274902914825962,0.10411810616414259,0.03654359335363746
243774,1,0,0.14649618907840026,0.0507071786193484,0.03654359335363746
243778,2,0,0.36732841443598646,0.10293979206915496,0.044064117889810656
243802,2,0,0.18666905032515968,0.16855241052802858,0.03680661143378336
243813,1,0,0.8928208339476464,0.4243002834091245,0.07843589644846584
243828,0,0,0.20692423800814444,0.10537180106449442,0.03890106100826425
243842,1,0,0.40944060835857554,0.16344476917290762,0.060900497067004095
243843,1,0,0.36398735662786996,0.07377812999529407,0.04420824718515211
243861,0,0,0.206896368062035,0.16222355811181952,0.05190595962324104
243865,2,0,0.1987324543786252,0.1616968225862454,0.039225685339645454
243881,2,0,0.18148902976505119,0.18977419138095544,0.03680661143378336
243899,3,0,0.46782964747083994,0.1868053156771606,0.04607620229004816
243960,0,0,0.26293426325980884,0.22834567347012755,0.05149654112980483
243980,2,0,0.1771726671400506,0.15758749087763907,0.03680661143378336
243998,1,0,0.1680790269879989,0.13491529940422814,0.03654359335363746
244006,1,0,0.07680336897096526,0.20272672030263528,0.0586887917069828
244079,2,0,0.1826281348725659,0.13846866858005835,0.039225685339645454
244080,1,0,0.359811494838692,0.16663108504427585,0.060900497067004095
244117,1,0,0.1234475901585992,0.11445392361994344,0.06578065933042877
244118,2,0,0.3160738665883204,0.22948758775398262,0.03793425460871488
244149,1,0,0.2355380907861516,0.11352265670842916,0.053452256584867484
244171,1,0,0.3370977016460791,0.035941613799971066,0.03654359335363746
244195,0,0,0.5406280947511107,0.2089175177778674,0.03684819640336956
244203,1,0,0.18581083860361838,0.029314700539833646,0.03654359335363746
244210,1,0,0.234789310344424,0.1563916519686707,0.05430418072875823
244211,1,0,0.05965552864100959,0.0563456635551269,0.03654359335363746
244260,0,0,0.2792264820972338,0.20930619162662534,0.04913969558674805
244279,1,0,0.08641803132368354,0.05883134509363831,0.03654359335363746
244289,2,0,0.08421247242264572,0.0732088737609001,0.03680661143378336
244299,2,0,0.23387975141591577,0.15696058962458825,0.03979579693051722
244300,2,0,0.22870068189496406,0.1350130094070986,0.03979579693051722
244303,1,0,0.34948075963446606,0.06460450611014054,0.04278709843626327
244333,1,0,0.12181328510977638,0.07755201204975211,0.03660837086997847
244337,1,0,0.5318320087671197,0.20533196622483987,0.0506233382542699
244379,2,0,0.32592439105574644,0.25376420951060813,0.03979579693051722
244404,1,0,0.5970987167628188,0.08132485735568673,0.03654359335363746
244406,1,0,0.21603520092081466,0.07733751382021768,0.03654359335363746
244412,0,0,0.2672478073899538,0.23908403225089267,0.03780017119862066
244423,2,0,0.4276684043502371,0.13658874938573135,0.039107986745542264
244426,0,0,0.4990196464857693,0.6051158372527393,0.07832280308675038
244428,1,0,0.06018075927616378,0.12784447046816605,0.05149621395102403
244429,2,0,0.3326965809960393,0.18738003866656616,0.03680661143378336
244440,3,1,0.985786455182463,0.6532015968144451,0.1269403317755281
244443,2,0,0.042982499241321095,0.11269099867298149,0.03793425460871488
244445,1,0,0.49876127729311764,0.22256603018483048,0.055987794412428626
244459,1,0,0.2743618487061496,0.06307568988643052,0.03654359335363746
244463,3,0,0.12967692896204044,0.10263250659865694,0.033284051446500325
244465,1,0,0.1214879704858318,0.13625167176410014,0.04751540753370948
244473,1,0,0.05266665200660632,0.03849434474220629,0.03654359335363746
244487,1,0,0.4236613171561779,0.056121720649581555,0.03654359335363746
244524,1,0,0.07504935424790266,0.08007340584880047,0.04691585217692644
244542,0,0,0.06674299346404515,0.12969563501042947,0.03861531372685975
244548,3,0,0.8823350009975157,0.6683102560689599,0.14214418910895552
244563,1,0,0.04186190862056174,0.17844538186207612,0.04735892056685851
244580,3,0,0.03972545363867583,0.08930486176819384,0.042650584975457255
244590,0,0,0.17092006974018942,0.17193673831317244,0.043131446758103056
244598,1,0,0.2639155296601113,0.20221434456354995,0.045138580473426344
244622,1,0,0.3181241506032665,0.1286716370649239,0.049952408474690416
244624,0,0,0.3533796531132375,0.1253228203526151,0.0482384144312658
244680,0,0,0.30756364848861917,0.2385988266058739,0.03890106100826425
244681,2,0,0.1776565232302308,0.0832194262727147,0.03793425460871488
244683,1,0,0.04454789502328887,0.11784224172462815,0.03654359335363746
244709,1,0,0.17548637283575644,0.07351332003622944,0.04762177173003558
244717,3,0,0.8002259999812094,0.5661607855241046,0.11507366467521622
244778,2,0,0.32319698210207287,0.1711943432719427,0.039225685339645454
244781,2,0,0.2368178075795608,0.16843539456798026,0.03979579693051722
244782,1,0,0.040060749083262154,0.0932564490812722,0.03654359335363746
244795,0,0,0.09635314766773363,0.14458019258642157,0.045267486126968695
244871,1,0,0.09267626345688487,0.1001251282057334,0.041489727350712116
244898,1,0,0.08351846057042718,0.03838871290570518,0.04420824718515211
244901,1,0,0.3877339233705795,0.1669218069950826,0.045138580473426344
244910,3,0,0.46770711230021805,0.7709162744509679,0.15586047594504526
245007,1,0,0.18106749701666597,0.08896971122351852,0.045138580473426344
245044,1,0,0.06426203648641557,0.0955307542043025,0.045138580473426344
245119,0,0,0.3728231802927992,0.09027479300154904,0.04109512219911186
245138,1,0,0.24178421576637463,0.06206483434516917,0.03654359335363746
245177,1,0,0.8819967047847003,0.5177975559160776,0.07396643437346692
245203,3,0,0.3318656950023832,0.16144674088817776,0.049224336197200645
245210,1,0,0.13703545427931507,0.1295435842529358,0.045138580473426344
245223,1,0,0.3046376205210593,0.06389214502601889,0.03654359335363746
245225,0,0,0.1432751584652775,0.07771377406953571,0.043131446758103056
245231,1,0,0.11231107889114753,0.036724191346810084,0.03654359335363746
245252,1,0,0.31619828882727774,0.2133047969445806,0.0506233382542699
245261,2,0,0.08540044476452256,0.12560427108388125,0.03979579693051722
245284,1,0,0.20662562415908664,0.055722274610548066,0.03654359335363746
245292,1,0,0.40344131218937584,0.07737675079367491,0.03654359335363746
245300,1,1,0.5903363737224022,0.6303867210401096,0.08105812253669475
245305,1,0,0.19299651026791625,0.20118765601644942,0.0560522975467529
245323,1,0,0.06824595705231574,0.10600320498601284,0.03654359335363746
245337,2,0,0.22037677390470956,0.14335608195130212,0.04327762942775736
245357,0,0,0.14165620923743208,0.1797576180874927,0.04051001628367428
245358,2,0,0.2664961068364417,0.1446416707483246,0.03793425460871488
245377,1,0,0.14658751563154757,0.10428862530113754,0.03654359335363746
245379,3,0,0.3900948265688907,0.2632926196469573,0.045329001461661314
245393,3,0,0.3038524216527295,0.1106135843768746,0.05636160059355449
245395,1,0,0.37487483867771065,0.1562194966380346,0.045138580473426344
245398,2,0,0.09451267552526559,0.11444966244134612,0.03979579693051722
245400,3,0,0.06090631259795952,0.06268516158709107,0.043568973839713844
245445,0,0,0.20970517879141728,0.11238905591621634,0.04051001628367428
245446,2,0,0.05157630056942426,0.06292444676263602,0.03680661143378336
245459,3,0,0.11902132814299755,0.12001471640956758,0.04647136933812017
245516,1,0,0.0604105036508658,0.10171199722001027,0.03654359335363746
245540,1,0,0.103591296300159,0.047674549120171106,0.05253282474628003
245541,1,0,0.08475680893455087,0.07866335675874331,0.041489727350712116
245548,1,0,0.10192033326829843,0.06042797568331273,0.03654359335363746
245554,0,0,0.12842680219806646,0.10842083561426552,0.04460764711609256
245555,2,0,0.3346060763729025,0.19426041749709216,0.04761226190619499
245559,1,0,0.13254950670537236,0.018968543937869717,0.03654359335363746
245605,1,0,0.22558418164995622,0.08932668217227828,0.045138580473426344
245620,1,0,0.2456608857495383,0.055110928551386086,0.03654359335363746
245629,1,0,0.06572462036585262,0.03212296190016464,0.03654359335363746
245644,1,0,0.570984767034239,0.11865901929066315,0.05430418072875823
245645,1,0,0.4137559972107307,0.33191582604201836,0.07164390912330426
245655,1,0,0.02899986730454821,0.05723164049366785,0.03654359335363746
245689,2,0,0.14468511986659346,0.09806338606578585,0.039225685339645454
245713,1,1,0.7453434944260109,0.37876223726903036,0.07897091022620364
245718,1,0,0.3004476999931311,0.03806090315829269,0.03654359335363746
245733,1,0,0.18655023336076318,0.05827853624493639,0.03654359335363746
245741,3,0,0.5200002638916487,0.08594764707245998,0.035276102608800354
245759,1,0,0.08572926970203543,0.04624709117529303,0.03654359335363746
245783,3,0,0.2355883520915701,0.160024734728795,0.07171268802157713
245838,1,0,0.05691044115599977,0.05561445993208884,0.03654359335363746
245845,1,0,0.8237938992551261,0.41431966520860813,0.0732908158645075
245866,2,0,0.13764283006968459,0.12103520853843967,0.03793425460871488
245874,1,0,0.09320061633043616,0.09042977354723371,0.05400653719607418
245914,1,0,0.029730073108946525,0.040181437613463766,0.03654359335363746
245926,1,0,0.1397422530054965,0.07177213727992039,0.045138580473426344
245934,1,0,0.4025959924686519,0.1869519390902127,0.060900497067004095
245963,2,0,0.11731751777927428,0.10611377510161826,0.03979579693051722
245977,2,0,0.4956867160026652,0.12710706551218462,0.03979579693051722
245978,2,0,0.37157470307950563,0.10641394549165621,0.03979579693051722
245984,1,0,0.1004726091670174,0.04181869639662898,0.040606377662277836
245986,0,0,0.26003643681421046,0.18844104366371983,0.040787904309439904
245994,1,0,0.4360560241152692,0.09001483949453032,0.03654359335363746
246011,1,1,0.5701580692700956,0.5534376464998705,0.0498008771827325
246019,1,0,0.8693339837217489,0.44253314554553563,0.06385930171838845
246049,1,0,0.09813354629574568,0.09235893396813488,0.045138580473426344
246055,1,0,0.18315989812796354,0.04367442824707801,0.03654359335363746
246065,1,0,0.2762165341994341,0.22717800512778707,0.0506233382542699
246092,0,0,0.25738638142418785,0.20798836510974536,0.03890106100826425
246100,1,0,0.08384800666259157,0.12238912266510395,0.03654359335363746
246104,0,0,0.1090661793420068,0.12900204469468587,0.04097960668303892
246121,1,0,0.3349225311041253,0.11423473864204867,0.03654359335363746
246127,1,0,0.829490514121775,0.6754957017502892,0.08105812253669475
246134,1,0,0.18227850046998006,0.09360686555627776,0.05342618988723151
246137,3,0,0.6018244621121189,0.07477319295589427,0.031694530747468634
246139,1,0,0.071604404075477,0.08651326863287391,0.05400653719607418
246143,3,0,0.17095352287656387,0.11540048693353079,0.036268504102166386
246144,1,0,0.7843276373489984,0.38364417951154167,0.0780079922593909
246147,1,0,0.18344547473180228,0.13840887088136059,0.045138580473426344
246153,1,0,0.6941335293399826,0.44083783843630486,0.0790439086755782
246171,1,1,0.1392516934998478,0.06265692316338986,0.03654359335363746
246184,3,0,0.5844523329990111,0.6786275948313013,0.10923724654443134
246209,2,0,0.15484542740110468,0.19266235908739118,0.041224037052829364
246210,1,0,0.08217539374061782,0.108946830941852,0.03654359335363746
246223,1,0,0.1453323509044426,0.049289807835132864,0.03654359335363746
246255,0,0,0.07373859370347972,0.13629846547067717,0.04051001628367428
246275,1,0,0.18276658790018732,0.08395695456928857,0.03654359335363746
246284,1,0,0.07574244934422315,0.04494339765834627,0.03654359335363746
246309,1,0,0.05368989870664807,0.06199333468939229,0.03654359335363746
246325,2,0,0.08203173027100748,0.11315438645032037,0.039107986745542264
246333,1,0,0.10362487815742744,0.16450093391133574,0.03654359335363746
246356,3,0,0.8092367244738949,0.7326374455179966,0.1548076174390031
246382,1,0,0.2704288960438553,0.05603295481108208,0.03654359335363746
246461,3,0,0.4011212796058275,0.12876034989171092,0.06655135143300178
246467,2,0,0.08160448547158142,0.10514777434492348,0.039107986745542264
246490,0,0,0.4860744316940096,0.5306160122734862,0.07472112279401351
246493,1,0,0.7816523524586864,0.16363389180847207,0.03654359335363746
246516,2,1,0.754965499364191,0.7397450574936125,0.0588805586063968
246530,1,0,0.16138697220568454,0.13691831276935607,0.03654359335363746
246577,1,0,0.23593741332322574,0.09735603085993932,0.03654359335363746
246599,1,0,0.04840942103398767,0.11035394872867892,0.03654359335363746
246609,1,0,0.03162954065917422,0.03835734279112826,0.03654359335363746
246618,1,0,0.39860057274225463,0.0813218646806173,0.03654359335363746
246623,3,0,0.1952640164030189,0.08685486576939183,0.03876106694427895
246645,3,1,0.830888345744545,0.6557572619249271,0.12496799353645587
246654,2,0,0.2724750640582323,0.12858228012182843,0.03979579693051722
246665,1,0,0.28112424172320005,0.09750842972250641,0.045138580473426344
246677,1,0,0.09549693544682335,0.07738200899431905,0.05400653719607418
246723,0,0,0.20902372035208952,0.1338200718837625,0.03861531372685975
246728,1,0,0.2858419674149942,0.21627192207166324,0.045138580473426344
246785,1,0,0.03606952482113036,0.05372768668605445,0.03654359335363746
246797,1,0,0.11486894190251415,0.07398948094114705,0.05149621395102403
246810,1,0,0.3264564932895656,0.15522309562994968,0.060900497067004095
246836,2,0,0.23613112753164225,0.21106907672789135,0.05526959489511729
246841,2,0,0.24705921607546655,0.16629682878504237,0.039107986745542264
246842,2,0,0.16848279643924993,0.2538275537578678,0.039107986745542264
246911,2,0,0.21198093996883058,0.11980109514167606,0.039107986745542264
246921,1,0,0.2765696587404019,0.07819986132867449,0.040606377662277836
246933,2,0,0.10240058159111026,0.208214524171863,0.04761226190619499
246935,1,0,0.757211641118059,0.574955625978882,0.0572831245447108
246948,2,0,0.128752053042016,0.20617201323323353,0.04327762942775736
246972,2,1,0.435669613052346,0.0893438987867158,0.03979579693051722
246976,1,0,0.07430130591396371,0.07823838158947374,0.041489727350712116
246990,2,0,0.38623647182614945,0.18748905727126522,0.043239762574341006
246992,3,0,0.5182535514142081,0.10926999169149557,0.04512347466366855
247005,1,0,0.17155656767401622,0.1675457582783459,0.03654359335363746
247043,3,0,0.2659888528626392,0.3028868269448349,0.03982546751446756
247072,1,0,0.09148684096874612,0.058524954114172016,0.03654359335363746
247110,1,0,0.10901054276328243,0.06517226183202253,0.04691585217692644
247124,1,0,0.11593493973477194,0.08803679464178617,0.045138580473426344
247134,0,0,0.1763909957429595,0.1258279445146223,0.03890106100826425
247182,1,0,0.025150090803686385,0.08908859074103827,0.041489727350712116
247222,3,0,0.8039578376878511,0.3872904720663942,0.14776889281308053
247231,2,0,0.11667171535715,0.1361545028019872,0.04327762942775736
247234,1,0,0.22155511037708644,0.13323195040580965,0.04762177173003558
247268,2,0,0.40667497665171226,0.11415777301259916,0.039107986745542264
247273,2,0,0.18866920314156313,0.08989067935724634,0.04327762942775736
247276,3,0,0.8611155216027393,0.7580770337761505,0.1457392623092359
247289,2,0,0.24275423116090655,0.2183797221125636,0.045079879229967756
247293,0,0,0.17226171020502512,0.08482740733976815,0.047782419330315115
247333,1,0,0.051974703964281846,0.057160498820107104,0.040606377662277836
247334,3,0,0.1663565474448185,0.08844607583430712,0.03338700264429731
247352,1,0,0.026187635473284634,0.07230240927666258,0.057772283877401805
247374,3,0,0.3752489719817693,0.11174572566382573,0.04084658553921172
247390,2,0,0.1477263203176687,0.14650929260168102,0.041224037052829364
247411,2,0,0.10098024004936876,0.19380042132702507,0.03680661143378336
247429,2,0,0.07841606938156011,0.09852312584797777,0.041224037052829364
247462,1,0,0.02825149168795581,0.05269704908751863,0.03654359335363746
247474,1,0,0.3660969488891574,0.11712231547075701,0.060900497067004095
247492,1,0,0.7798944768739279,0.5963117105930692,0.0790439086755782
247506,1,0,0.30169388060808683,0.12111299040892326,0.045138580473426344
247510,2,0,0.4270208163047452,0.11320145717942,0.04761226190619499
247521,3,0,0.5731016217254709,0.15807024742913647,0.0651184817540788
247540,3,0,0.23458618359160777,0.1789871541414968,0.060179317939617845
247542,3,0,0.3219205516070192,0.12450498956606108,0.0408910084629719
247554,0,0,0.23074385193713712,0.12728194075262117,0.03861531372685975
247555,1,0,0.2526233962563854,0.16759843649953518,0.051016511781975526
247601,3,0,0.23025456638797978,0.13751778945806767,0.05468028311667349
247625,2,0,0.22910151207242327,0.21203222085837622,0.03680661143378336
247628,1,0,0.2166005094235091,0.11552983301105885,0.045138580473426344
247636,1,0,0.09930817565513941,0.045404934906166525,0.03654359335363746
247660,1,0,0.7783036671369691,0.04263513538741706,0.03654359335363746
247702,2,0,0.19614990617346756,0.16482911699412586,0.04761226190619499
247705,3,0,0.35391140515136704,0.34870296954590935,0.0700158546554507
247715,1,0,0.025552114694960062,0.08095447100852404,0.03654359335363746
247719,1,0,0.22855179852112226,0.11536040604429881,0.041489727350712116
247748,1,1,0.2930254239464444,0.05399745645709797,0.036721316141216785
247757,0,0,0.24946148447442132,0.08272059857047137,0.042772479234137746
247765,3,0,0.17025657700404342,0.14232257488610608,0.04594173096350241
247771,2,0,0.16482273784304344,0.14461658607419275,0.04327762942775736
247776,3,0,0.7326974606053247,0.5209618694849233,0.14042932121557855
247788,0,0,0.24902457873773765,0.0666084597331335,0.042772479234137746
247798,0,0,0.14702469729979334,0.1025511975253317,0.04553336742124675
247808,3,0,0.7437585542688064,0.3017559263698696,0.055722417466900376
247811,1,0,0.30514584194936956,0.03505654980155812,0.03654359335363746
247819,1,0,0.0440186747568481,0.1648248433219979,0.041489727350712116
247820,1,0,0.8198881732088608,0.43272098403486836,0.07843589644846584
247843,0,0,0.5110341737445483,0.4855596176088344,0.07832280308675038
247857,2,0,0.21972618664573473,0.09734141044095689,0.04050823995367436
247860,1,0,0.08701158802138426,0.06584559264417056,0.045138580473426344
247881,0,0,0.1706144522536268,0.14350473544560852,0.042772479234137746
247897,2,0,0.01823828729405744,0.11637161114485993,0.043043782468172975
247908,2,0,0.09122298999100337,0.15240751236750097,0.03962454379640861
247923,1,0,0.2548314892594339,0.1437190913295296,0.051016511781975526
247924,1,0,0.8197675762973962,0.4520076949235959,0.07404344038399556
247928,1,0,0.03911773530589955,0.14490282984859604,0.045138580473426344
247954,3,0,0.24143406279297386,0.2688538790651944,0.06206259863307515
247957,1,0,0.8719447612805308,0.7413037305475004,0.08105812253669475
248002,2,0,0.09841253589086478,0.13270977347521914,0.03979579693051722
248007,1,0,0.0816482069306536,0.13191905976905427,0.04751540753370948
248023,1,0,0.11884727158518665,0.07525629319520752,0.045138580473426344
248024,2,0,0.23102555445180856,0.09112777316221525,0.03979579693051722
248025,2,0,0.3177992951107794,0.12095829440902721,0.03979579693051722
248088,2,0,0.08883852669876212,0.11853035263457272,0.039107986745542264
248141,0,0,0.6503179538990618,0.7359869478231782,0.07832280308675038
248162,0,0,0.24772787860971743,0.05837408576877409,0.04051001628367428
248171,1,0,0.08221206525054137,0.10980130294189609,0.041489727350712116
248200,3,0,0.2556527626541199,0.11502428726562754,0.048697684490579644
248204,3,0,0.16804347249832785,0.13330699633134108,0.06728066701963663
248209,1,0,0.3392307022586322,0.1050516535471883,0.03654359335363746
248265,2,0,0.11458419098805857,0.09469514494829577,0.039107986745542264
248290,3,0,0.07970960792128141,0.18714570517615273,0.037312983118065884
248323,1,0,0.14594119857471471,0.08207129757422027,0.03654359335363746
248335,0,0,0.09604942468557642,0.07760801933071938,0.04051001628367428
248344,2,0,0.4745204301612269,0.5793604421067875,0.043239762574341006
248356,0,0,0.18524546907101982,0.09622485102181598,0.042772479234137746
248368,1,0,0.028661277010368733,0.051068737357627285,0.03654359335363746
248428,1,0,0.0643213514538585,0.28246766082387764,0.045138580473426344
248446,0,0,0.15468714716996596,0.10908545309583612,0.04579907598057319
248473,1,0,0.5900870477357336,0.5965384699754056,0.0790439086755782
248488,1,0,0.10502870173966287,0.032429932931529494,0.03654359335363746
248491,0,0,0.7531785871779899,0.6492819181118042,0.07832280308675038
248505,2,0,0.2701108867126529,0.1192791717411455,0.03979579693051722
248554,3,0,0.6824502702461526,0.6362729412842247,0.12700585730460695
248556,2,0,0.23650445149424376,0.08061152426465838,0.03680661143378336
248567,0,0,0.1559543936118913,0.12103626262897721,0.04579907598057319
248579,1,0,0.23615672435078688,0.043163160326239194,0.03654359335363746
248597,0,0,0.11494718739298417,0.08042280502418205,0.04051001628367428
248648,3,0,0.182268760669558,0.12268325765807095,0.04731137321320009
248652,1,0,0.060252942917099706,0.058194948515262725,0.03654359335363746
248672,0,0,0.056430748573159585,0.12150147493345327,0.042772479234137746
248677,2,0,0.15062811643789056,0.1362438539032752,0.039225685339645454
248689,1,0,0.26764196127778384,0.04273372531421269,0.03654359335363746
248692,2,0,0.21510117140803567,0.17438886394455413,0.03793425460871488
248693,1,0,0.4907027208514573,0.25619406350050933,0.0506233382542699
248697,1,0,0.45214977596251055,0.2217125045461057,0.045138580473426344
248706,1,0,0.09814418557361469,0.15665075132782905,0.036721316141216785
248717,1,0,0.4886258030118598,0.18990784164719313,0.053452256584867484
248745,1,0,0.3004793517095919,0.09880481356484863,0.045138580473426344
248779,1,0,0.44482952445758644,0.04533217785401335,0.03654359335363746
248783,1,0,0.11236215715190978,0.04049732658321396,0.03654359335363746
248786,1,0,0.11903951931856974,0.13219229768118523,0.051016511781975526
248821,0,0,0.09136647667835769,0.08967033041980897,0.04051001628367428
248853,3,0,0.9687528501006843,0.5493019909650169,0.09770263470098667
248872,2,0,0.0900468814682678,0.12764167285353437,0.04401103510171641
248879,2,0,0.41971264511967243,0.23478164238275098,0.04761226190619499
248897,2,0,0.19698482173431311,0.13927551651645462,0.039225685339645454
248913,1,0,0.14498418077860023,0.0575331451412335,0.03654359335363746
248917,1,0,0.0530709686481875,0.04021343689180022,0.036721316141216785
248918,2,0,0.20271479548148133,0.08516674847167233,0.039225685339645454
248924,2,0,0.296662173939707,0.14031785390725302,0.039225685339645454
248937,1,1,0.7671255648522325,0.5286116948614845,0.07843589644846584
248962,1,0,0.23855612175412827,0.11444837609559119,0.04278709843626327
248980,1,0,0.30488565223749325,0.18009585324172364,0.05149621395102403
248983,0,0,0.16595189071560093,0.15150018627888628,0.04051001628367428
248991,1,0,0.07363064351562026,0.08852484372963097,0.041489727350712116
249013,2,0,0.21189267094776487,0.1855167835978503,0.039107986745542264
249038,1,0,0.1655528388922991,0.10075006379197926,0.045138580473426344
249045,2,0,0.21213261697323027,0.1648240046316084,0.04761226190619499
249046,0,0,0.28407513916203647,0.2026618352671026,0.0394085652058255
249052,2,0,0.596058243524993,0.6375553468639065,0.0588805586063968
249075,1,0,0.09102073715750474,0.16991972717434214,0.045138580473426344
249080,2,0,0.6802043529032626,0.5901357937994738,0.04933405919220342
249082,2,0,0.18782095298059012,0.214528726242596,0.04188348433127233
249101,1,0,0.5399160073889162,0.5386349024597181,0.0790439086755782
249113,3,0,0.6507820796170397,0.242839195026307,0.047869312497682254
249131,1,0,0.023585270465360582,0.02555689528759657,0.03654359335363746
249134,2,0,0.6329025143007082,0.7082813503071622,0.0588805586063968
249149,2,0,0.15842213852401438,0.12775150798238102,0.039225685339645454
249152,2,0,0.11644055889927936,0.10991276241989244,0.03895652060433919
249164,1,0,0.2222290568675163,0.056171783632058235,0.03654359335363746
249179,1,0,0.1021770230732424,0.20878702233039254,0.045138580473426344
249180,2,0,0.26720851802270473,0.3416108776171551,0.04785905696083482
249184,1,0,0.02889063392267858,0.08522327325528063,0.03654359335363746
249225,1,0,0.10943008601846342,0.04497052569358688,0.03654359335363746
249231,1,0,0.2211233397107367,0.05590833605863956,0.045138580473426344
249246,2,0,0.5220426312527999,0.11520764212764437,0.03680661143378336
249257,0,0,0.19087354935905046,0.0813543557460239,0.04051001628367428
249291,3,1,0.47012911805953833,0.4608122668876194,0.10195839935030794
249295,1,0,0.3179360117815032,0.0524055094717415,0.03654359335363746
249296,2,0,0.09681549083851834,0.17810283151953968,0.043239762574341006
249322,1,0,0.12241272350082423,0.0479492056656464,0.03654359335363746
249339,1,0,0.1980323611609174,0.19312532204878252,0.03654359335363746
249342,1,0,0.08302851363460809,0.13038967368290555,0.04735892056685851
249371,2,0,0.0752754113149678,0.13495919788709887,0.04327762942775736
249396,3,0,0.29284551692107397,0.19482323585350542,0.05841757337775961
249420,0,0,0.1941901760887928,0.1151881591575112,0.04107751169898964
249421,0,0,0.0688373261371055,0.07629456127139424,0.04051001628367428
249423,1,0,0.33977712848785235,0.06872510455059494,0.03654359335363746
249428,1,0,0.6676780521334711,0.2143719848593754,0.06233357304431559
249435,0,0,0.43302223918096566,0.12847045244059185,0.05097171071061552
249447,1,0,0.20595333029713353,0.0689690045828641,0.03654359335363746
249453,1,0,0.07205446894984616,0.08234185485914497,0.041489727350712116
249494,2,0,0.47943475105042554,0.19034836792444332,0.04761226190619499
249495,2,0,0.2787783611912442,0.10683530475511105,0.04761226190619499
249536,1,0,0.08917093212903951,0.10334833526235813,0.0586887917069828
249546,1,0,0.06559915256742203,0.09587261579578531,0.040606377662277836
249549,0,0,0.18079592515808662,0.14356003094786515,0.04214354426958145
249566,3,0,0.7372630704292843,0.7526829110886873,0.1457392623092359
249604,1,0,0.06727202087577216,0.21277782919560273,0.045138580473426344
249610,0,0,0.12889627409128684,0.08717595025963039,0.0394085652058255
249636,1,0,0.17840117821208773,0.05648755801529354,0.03654359335363746
249667,1,0,0.3737946469398753,0.12517037160580005,0.045138580473426344
249671,1,0,0.2533658124694477,0.13597831404649893,0.03654359335363746
249679,3,0,0.6022662800887852,0.11778176711939946,0.0463681628700104
249684,3,0,0.7843669170197755,0.6297789429090512,0.1433995045514811
249685,1,0,0.1806654894995314,0.17349483857418346,0.05272041709239291
249699,1,0,0.06008299754729618,0.07847748922012887,0.03654359335363746
249709,2,0,0.05887599989416239,0.1564230660757141,0.04327762942775736
249718,1,0,0.7614350690229473,0.515883278267951,0.0498008771827325
249720,1,0,0.7537543265132269,0.5247364063800937,0.06646679460784717
249727,0,0,0.05126795843037246,0.0855518467646308,0.038690371627893454
249729,0,0,0.4509694786917515,0.31969031262918135,0.045779545930920554
249730,3,0,0.38192886785525654,0.16073297797389194,0.044483828455802975
249733,2,0,0.15105495409004258,0.12407459218336371,0.04327762942775736
249790,1,0,0.10106714504575362,0.1823664795662333,0.0462190103162257
249804,1,0,0.17754393284276151,0.08004903194807249,0.045138580473426344
249809,1,0,0.3488873634997939,0.17436594111797632,0.0506233382542699
249816,1,0,0.08966336426073841,0.06610790273530995,0.03654359335363746
249821,1,0,0.41220128908613596,0.20452438922918703,0.04762177173003558
249828,1,0,0.13076259440960222,0.07581424059685192,0.03654359335363746
249837,3,0,0.5265685034683912,0.30130770140613605,0.048252158016709214
249854,1,0,0.4927536945440021,0.07800043000583312,0.03654359335363746
249856,3,0,0.8023018696876043,0.7261978668688898,0.1500134066147718
249863,3,0,0.6153186503033042,0.1833197233471678,0.05999783478647123
249871,1,0,0.8764717029500436,0.45052226656463673,0.07897091022620364
249874,2,0,0.2040689844362341,0.1691978577356622,0.04327762942775736
249875,2,0,0.13520560267428722,0.13688932048983474,0.04327762942775736
249901,1,0,0.8030027620466098,0.6351723440344579,0.0790439086755782
249915,3,0,0.19670701814969885,0.17886673211253046,0.05194332368974221
249921,1,0,0.15670379603481915,0.08040175309772646,0.041489727350712116
249951,1,0,0.12505755548170674,0.053885464258684006,0.03654359335363746
249960,2,0,0.20925231427484797,0.14090773742322957,0.03979579693051722
249962,1,0,0.08788116717496741,0.06369530195017123,0.03654359335363746
249966,1,0,0.13981641440369802,0.0991693801398165,0.03654359335363746
249981,2,0,0.10727231039734084,0.07116238880340306,0.03979579693051722
249982,1,0,0.23170196907123794,0.04296111797425708,0.03654359335363746
250053,0,0,0.31731048189873745,0.15333520747953494,0.03579088590500353
250071,2,0,0.3671720123808413,0.24405537942538136,0.041224037052829364
250080,1,0,0.47757346449900995,0.15283220902717135,0.0506233382542699
250081,1,0,0.2754600940304139,0.037922572421367325,0.03654359335363746
250086,2,0,0.13277477820246705,0.11285384318047004,0.039107986745542264
250092,3,1,0.7026117322206101,0.6680475522596727,0.14606089115453993
250094,2,0,0.1894521677850563,0.13618376975962496,0.03979579693051722
250127,0,0,0.14612768590132247,0.0765764352035247,0.042772479234137746
250130,1,0,0.052678253747691424,0.07641450532305556,0.03654359335363746
250136,1,0,0.1422676023876953,0.039396828761602026,0.045138580473426344
250145,1,0,0.0928502155656224,0.05715146849939062,0.03654359335363746
250163,3,0,0.24025493001964204,0.1238106562282674,0.03231102195440752
250182,1,0,0.4161184196146896,0.19788463562175704,0.05430418072875823
250185,2,0,0.8769621964547925,0.7352523584210866,0.0588805586063968
250204,1,0,0.49487022700229694,0.6570268037410407,0.07792073518949832
250219,1,0,0.07545672320867286,0.06383068967660693,0.03654359335363746
250252,3,0,0.8581492263141822,0.6942394063303904,0.13303691095328996
250268,0,0,0.038443623286519193,0.07937101453025559,0.04268025051662792
250276,1,0,0.05927843899085264,0.09269240138036214,0.03654359335363746
250285,1,0,0.3187701551781457,0.033338898084819525,0.03654359335363746
250292,3,0,0.3360966586999997,0.2206503764649773,0.0596898890592371
250298,0,0,0.1298894582986263,0.10921671653146406,0.03992228278318054
250300,3,1,0.40087134143172326,0.19363871739167227,0.0538735334758819
250318,1,0,0.11814974149026633,0.037981102384488485,0.03654359335363746
250319,0,0,0.11536282905971657,0.08014748383841554,0.043131446758103056
250320,2,0,0.20756614676749402,0.12544899519242134,0.04761226190619499
250327,1,0,0.23945876137708252,0.14894445064800513,0.03654359335363746
250333,0,0,0.1566095483044943,0.07938820387709686,0.04940040891194944
250350,1,0,0.5232651316519596,0.2230212700944248,0.045138580473426344
250356,3,0,0.05296173356144089,0.1398122199615317,0.03382436329364568
250357,1,0,0.05636712660885111,0.07462358565150176,0.03654359335363746
250362,2,0,0.4335824472140908,0.19987054364621012,0.04761226190619499
250366,1,0,0.050591794445316474,0.142902573717706,0.041489727350712116
250379,0,0,0.04538711938604343,0.1589154279445205,0.04077645560779726
250381,0,0,0.0824464877627613,0.08580269730676654,0.04460764711609256
250388,2,0,0.042922483626946915,0.10124638534033574,0.03680661143378336
250409,1,0,0.29158999758466553,0.14314835070384516,0.03654359335363746
250412,1,0,0.031026344593144174,0.10387298676682802,0.053159020008777216
250421,1,0,0.2533845941083066,0.1692084838924042,0.0506233382542699
250432,1,0,0.23285003175630714,0.02866990664433976,0.03654359335363746
250440,1,0,0.06518912865811245,0.04910058609721084,0.03654359335363746
250472,3,0,0.44287438919237937,0.3010339956249131,0.0630315389309616
250474,0,0,0.21890429078453613,0.12521506958876757,0.03861531372685975
250494,1,0,0.15066255102838072,0.11493154131403083,0.045138580473426344
250502,3,0,0.7014288615418616,0.5612025137713165,0.13689047990425401
250510,3,0,0.2010739446654456,0.12701916285250417,0.04660947939925309
250513,0,0,0.32527214551264305,0.10416955653212011,0.045779545930920554
250532,1,0,0.08601083358167202,0.0395058921636799,0.03654359335363746
250548,1,0,0.08462739022953117,0.1315942488984197,0.051016511781975526
250563,1,0,0.4491616599203487,0.04945502934671757,0.03654359335363746
250585,1,0,0.21383075021434297,0.049861553383361804,0.036721316141216785
250635,3,0,0.0631946946127044,0.08670811003242253,0.03829084721982404
250636,1,0,0.17299235422115453,0.09718357548624415,0.03654359335363746
250689,2,0,0.2169434439834066,0.16732208106599294,0.045079879229967756
250702,1,0,0.331291034523305,0.09059388193583942,0.03654359335363746
250733,2,0,0.0661878436468665,0.07908843422023631,0.03793425460871488
250736,2,0,0.39487841413980435,0.7319710603544931,0.0588805586063968
250740,3,0,0.23853818158188697,0.2157368084320059,0.0829969514805658
250747,2,0,0.30081664444103534,0.16306614493466826,0.04761226190619499
250752,1,0,0.10842113091062364,0.10232963228539772,0.06578065933042877
250768,0,0,0.13456476994202676,0.1803547604218384,0.054337846747663045
250771,3,0,0.4721170253244869,0.19454879837924952,0.07628665915621095
250784,0,1,0.5907600719941498,0.3655573051010223,0.050239907160278464
250785,3,0,0.023689688393425733,0.08149022373299732,0.03889099143956933
250792,1,0,0.0861240213564286,0.04028742899183848,0.040606377662277836
250793,0,0,0.29786439086925903,0.1412286671078791,0.03969994002774194
250798,1,0,0.08713926305214606,0.06387183337551779,0.06303254136008107
250875,1,0,0.6658025979799662,0.1661487229588874,0.045138580473426344
250890,1,0,0.04888508137772434,0.08554328078424617,0.041489727350712116
250892,0,0,0.09532018721071311,0.11245578264059337,0.04579907598057319
250893,1,0,0.05687710141829521,0.04562080143754552,0.03654359335363746
250926,2,0,0.7817393992067031,0.47286039814889086,0.05340375515755404
250933,1,0,0.0994853892626236,0.09201761089510839,0.05400653719607418
250941,2,0,0.11759406801594044,0.11102677878371102,0.03979579693051722
250956,3,0,0.8315264374950755,0.5653044678308252,0.12337265717949539
250962,1,0,0.15321810042303596,0.1983918774959474,0.045138580473426344
250976,0,0,0.33394760842054105,0.18099699279315906,0.03861531372685975
250982,1,1,0.7374440223759068,0.5085209680331915,0.0790439086755782
250988,1,0,0.16827740110197764,0.09722119623444604,0.041489727350712116
251004,1,0,0.15815717027220075,0.2066797548440074,0.060900497067004095
251012,2,0,0.4539384299809419,0.7667535256653875,0.0588805586063968
251021,2,0,0.08906254418262698,0.08477828461265526,0.039107986745542264
251048,2,0,0.16345911635142227,0.0886074179567915,0.03979579693051722
251053,1,0,0.08118274767205111,0.10823169360255912,0.05400653719607418
251078,1,0,0.3035752285995574,0.06836095808296791,0.03654359335363746
251087,2,0,0.08060276318741193,0.08148910389570468,0.03680661143378336
251099,2,0,0.131093977386294,0.10990285697802066,0.03680661143378336
251109,1,0,0.12441478019257235,0.08430538603831073,0.03654359335363746
251120,3,0,0.04988421827884847,0.10709124633504354,0.06760383653668404
251123,2,0,0.11224076363063794,0.1215991370017958,0.039107986745542264
251131,2,0,0.11180489192410066,0.23216416345442054,0.04761226190619499
251142,0,0,0.26937291171851463,0.14508141207642744,0.045458359474605074
251153,1,0,0.06832406827621712,0.04438292227485868,0.03654359335363746
251173,3,0,0.9079826081375513,0.7205019034300204,0.14228311201310512
251186,0,0,0.4717737153015962,0.5682062095571159,0.07472112279401351
251187,3,0,0.7160223495043938,0.6617810950458874,0.1338653930319806
251215,0,0,0.2716695759054228,0.2269193868662704,0.05720352024939196
251223,2,0,0.09346089256306382,0.13814085780422167,0.039225685339645454
251241,1,0,0.0960537109317818,0.09983943240984068,0.03654359335363746
251261,2,0,0.07252798879352634,0.10057759642344016,0.039107986745542264
251276,3,0,0.07089792696890938,0.12708377335717605,0.04017682969102924
251308,2,0,0.33380888629493743,0.13375785312263935,0.03793425460871488
251321,0,0,0.17699285387857727,0.09960930824271816,0.03890106100826425
251352,1,0,0.176183243694995,0.19747605658396344,0.053452256584867484
251400,2,0,0.1364333203897455,0.15659382739134275,0.043239762574341006
251402,1,0,0.06364443031298855,0.1114659286521383,0.03654359335363746
251406,0,0,0.26061596685154714,0.1735308903304443,0.043065190572814514
251420,3,0,0.11608817133809797,0.10052576151470688,0.06776647231688912
251440,2,0,0.17609275127074853,0.07662332390195846,0.039107986745542264
251463,1,0,0.26090907137810593,0.05427847366661175,0.03654359335363746
251477,2,0,0.07428204375280295,0.10138942043119722,0.039107986745542264
251480,1,0,0.21665408161085825,0.08044614210150662,0.03654359335363746
251488,1,0,0.28550364327847394,0.1411343307401533,0.051665630257641856
251494,3,0,0.7005462039534365,0.715627581538122,0.1458115470741582
251531,3,0,0.6969838641700246,0.6418374122142047,0.1450529021478656
251533,2,0,0.2299247407803677,0.15011000870841124,0.043239762574341006
251547,0,0,0.20248437754495663,0.21679488376956219,0.03836688355744181
251564,0,0,0.24503805201597206,0.18003713890580722,0.04798336410037973
251568,1,0,0.09364005181270348,0.021622408874887426,0.03654359335363746
251604,2,0,0.058769871102566894,0.14953166515270816,0.043043782468172975
251617,0,0,0.15626221620218864,0.11203971464933739,0.04398968362446854
251619,2,0,0.47006499111714906,0.1329896052282894,0.03680661143378336
251629,1,0,0.08861206418284404,0.06882423713934915,0.03654359335363746
251633,1,0,0.17304236505705675,0.155609823018623,0.045138580473426344
251635,1,0,0.04985952271035246,0.12968390858677642,0.03654359335363746
251649,3,0,0.7776619779271563,0.6868444337258413,0.13401119243118037
251655,1,0,0.1476038365541622,0.1562152781833939,0.045138580473426344
251664,3,0,0.3466738083494621,0.24381322185364115,0.07580452124997393
251713,0,0,0.34017924447813164,0.146183269426961,0.03552713988176232
251722,0,0,0.2153736897246756,0.1526685125037323,0.040787904309439904
251732,1,0,0.056374934123376144,0.0760219477382451,0.04916595741654698
251739,3,0,0.16408124870044732,0.0958009660588584,0.05655732792275022
251766,3,0,0.21476387401916275,0.30848104131537835,0.052629682880794046
251774,3,0,0.4349218257200846,0.14180840707682274,0.04184062217387533
251779,3,0,0.42728676728098464,0.1393715300566138,0.05499627546510839
251791,1,0,0.033243228673563455,0.06274398456230737,0.03660837086997847
251797,2,0,0.6573731756222791,0.5169980635266433,0.05340375515755404
251814,1,0,0.022200204897204465,0.05566064668533706,0.03654359335363746
251832,3,0,0.6492616854908061,0.39681540416897076,0.056489276521368155
251845,3,0,0.19803830082369162,0.23131851751162774,0.07381331802994182
251877,1,0,0.806634906384795,0.5478932754842164,0.0790439086755782
251897,1,0,0.2974669781756968,0.13195603555646726,0.045138580473426344
251916,1,0,0.42077917167579354,0.13873085176282765,0.05717272851726729
251922,3,0,0.6002209841524219,0.6913692220878838,0.15586047594504526
251926,1,0,0.03405771748676652,0.09347325176237778,0.04691585217692644
251927,1,0,0.22898055571679424,0.4009554685226819,0.05777727167607224
251938,1,0,0.2155533058315376,0.13297365457864296,0.045138580473426344
251944,2,0,0.12542373365937787,0.124681326239446,0.03680661143378336
251946,0,0,0.35643918341448033,0.09076606501473007,0.04051001628367428
251947,1,0,0.2973281001622945,0.2835392613638054,0.05430418072875823
251955,1,0,0.08555798340773167,0.09863140907291068,0.053159020008777216
251960,1,0,0.3887244716953536,0.017718286026204292,0.03654359335363746
251970,1,0,0.05081614686070228,0.06746814215510354,0.03654359335363746
251981,1,0,0.2507782640618186,0.11331978741641174,0.045138580473426344
252006,3,0,0.1919760898447237,0.17749464015967564,0.0469434400286944
252025,0,0,0.05417563079831656,0.11850814481308665,0.042772479234137746
252026,2,0,0.05046850106208266,0.10411933488801944,0.041224037052829364
252034,1,0,0.06625294329590749,0.09182586207125043,0.041489727350712116
252040,1,0,0.05269560669734636,0.10802635722107777,0.04735892056685851
252061,1,0,0.2583651785433503,0.046887949058416784,0.03654359335363746
252078,1,0,0.32021308021581263,0.4076964386119632,0.043701072706580586
252114,3,0,0.19120449809662676,0.07482279296741084,0.034669588947687166
252131,2,0,0.33957061740764605,0.12342132778872751,0.04761226190619499
252145,1,0,0.20055664140976728,0.06154793377923801,0.04278709843626327
252160,1,0,0.28678566222119006,0.06545806541452032,0.03654359335363746
252161,1,0,0.028816165179097887,0.1237527032064,0.04420824718515211
252192,1,0,0.12964600479856622,0.06654093190832676,0.03654359335363746
252195,2,0,0.32592366519128907,0.16004438174169594,0.03979579693051722
252201,1,0,0.09420155821669249,0.040913022735254795,0.03654359335363746
252226,1,0,0.24675065262110207,0.07639704603047537,0.041770438271605204
252239,0,0,0.16405301070678058,0.08296295224467994,0.04940040891194944
252241,2,0,0.08649122596775446,0.12192715894683187,0.039107986745542264
252250,3,0,0.7146679795825067,0.4914793594423282,0.08002789298847404
252255,0,0,0.33029419115635705,0.11549301564712298,0.04077645560779726
252257,0,0,0.1261248116639669,0.09281247078550957,0.04051001628367428
252259,3,0,0.20582916121021147,0.16157980441502612,0.05659798365376528
252278,2,0,0.03736061298581235,0.1170985602804862,0.039107986745542264
252311,1,0,0.0434207206301008,0.13403367914294212,0.041696921955545474
252314,1,0,0.19741293578893473,0.10906072315382509,0.045138580473426344
252326,2,0,0.053092909657630846,0.13716135028331208,0.04327762942775736
252332,2,0,0.28068945384732086,0.13112913548867536,0.03979579693051722
252342,3,0,0.5977532073165934,0.29125375100980067,0.07739350138899331
252359,1,0,0.15073350657938978,0.05639418155039408,0.036721316141216785
252375,3,0,0.40831427766587347,0.09698483344459312,0.035124025382253364
252377,0,0,0.23971612847967885,0.10633131538499453,0.04553336742124675
252386,0,0,0.130060565086971,0.16565528145312622,0.043818931252049165
252411,1,0,0.09281131594638146,0.0562342100911804,0.041489727350712116
252433,3,0,0.46418606361847387,0.128477975883816,0.050211910797280664
252470,0,0,0.06288750791838131,0.05795069054180425,0.04051001628367428
252499,2,0,0.11289994681252392,0.15691108817190838,0.04327762942775736
252505,1,0,0.3558252352898917,0.20072823567507883,0.0506233382542699
252508,1,0,0.03897199768359886,0.07378849412326366,0.03654359335363746
252530,3,0,0.8197301578746307,0.26437374743376757,0.06006320230968836
252550,2,0,0.24367774073849136,0.15019004413835157,0.03793425460871488
252555,1,0,0.8334468966158425,0.3924685454332959,0.0572831245447108
252562,0,0,0.3543569059570119,0.1202890100369979,0.03890106100826425
252565,1,0,0.11698745954042879,0.11259300435405142,0.045138580473426344
252575,2,0,0.16811535895688354,0.10855595902011363,0.043239762574341006
252578,3,0,0.25991823328389624,0.216959419646019,0.07060090121623074
252595,2,0,0.3632051152105985,0.24192278352015606,0.03793425460871488
252640,0,0,0.10434249881561117,0.12220468372185385,0.04513821689395815
252667,3,0,0.4199948746562101,0.20453670736335547,0.046277892460061414
252679,1,0,0.360352388418143,0.10943236697690835,0.04762177173003558
252685,1,0,0.08100772853140809,0.07138060964487702,0.053159020008777216
252691,1,0,0.07603431502521779,0.06411023010130362,0.03654359335363746
252701,1,0,0.4225377494859214,0.17087145622788177,0.06578065933042877
252706,3,0,0.10436459253895293,0.09938059736469487,0.041887370065195315
252708,0,0,0.06166036187316611,0.08417624232258497,0.039019841591742876
252727,1,0,0.06437694132242945,0.040040884369293345,0.03654359335363746
252740,1,0,0.6629750527419553,0.7384867788710494,0.0790439086755782
252761,2,0,0.15065152328828793,0.1081224401862322,0.03680661143378336
252780,0,0,0.14760910765953728,0.07807093591307435,0.042772479234137746
252784,3,1,0.7692780289167895,0.8016255428667882,0.15265067380565603
252823,1,0,0.27713891630694315,0.15835502742776492,0.05717272851726729
252835,0,0,0.3714014009118627,0.29031172631781094,0.04077645560779726
252838,3,0,0.356195206171184,0.3223190530518756,0.0837264611783929
252846,1,0,0.09577890944562548,0.07354274405809173,0.04762177173003558
252861,3,0,0.8588064384894358,0.5758844722436325,0.13748555069684412
252863,1,0,0.3856079350153332,0.18968600774370575,0.045138580473426344
252873,1,0,0.0828371502659049,0.057285712543976484,0.03654359335363746
252881,2,0,0.4996719934398631,0.4722185166996445,0.05786868058135989
252886,1,0,0.16210475547328287,0.1791861551803972,0.0506233382542699
252903,1,0,0.24944999379614485,0.1183481115626737,0.045138580473426344
252912,2,0,0.06890896190679516,0.12779936722410068,0.04188348433127233
252924,1,0,0.24622681766549914,0.07886686266753501,0.045138580473426344
252929,0,0,0.3558396786323356,0.12835647640636363,0.045458359474605074
252941,2,0,0.30118018669621627,0.18064505654522128,0.04761226190619499
252942,3,0,0.8434904989897463,0.5955475604565911,0.09176548163615218
252964,2,0,0.29846121928659536,0.10470784254551692,0.03979579693051722
252969,3,0,0.6064599611928868,0.10863386021204569,0.0335803664642047
253028,1,0,0.13486130568591784,0.0898764245409057,0.041489727350712116
253041,1,1,0.7375001889563331,0.6255348464965116,0.0790439086755782
253049,2,0,0.12306076935880116,0.11307604168571536,0.03680661143378336
253060,2,0,0.16636803159983465,0.0703141268069049,0.039107986745542264
253066,1,0,0.06461963292335174,0.11004412534427224,0.03654359335363746
253068,1,0,0.1875378082549114,0.11744714689926594,0.045138580473426344
253080,2,0,0.5974590611574132,0.7363221888849613,0.05596883800974349
253097,0,0,0.05057868901119836,0.16964709989043864,0.045267486126968695
253102,1,0,0.3666052153291199,0.23557603214304884,0.03654359335363746
253105,1,0,0.38565658251407425,0.23664944705204888,0.0506233382542699
253128,1,0,0.053592138298371374,0.08135259079199818,0.041489727350712116
253159,1,0,0.23793144707251476,0.07494844666530058,0.041489727350712116
253174,0,0,0.02926816452682685,0.11248893551717469,0.037809018134447814
253183,1,0,0.3400479533729762,0.042891666767454054,0.03654359335363746
253203,1,0,0.09773444998763292,0.10905950036479918,0.03654359335363746
253220,1,0,0.9472636862139803,0.5270240026096338,0.07792073518949832
253316,1,0,0.09917102091428756,0.08914510107387018,0.03654359335363746
253328,2,0,0.2883550259297919,0.17739464965091323,0.039107986745542264
253330,1,0,0.22061982849311593,0.2485387134724622,0.05149621395102403
253337,0,0,0.8086362877096878,0.6273378196080085,0.07472112279401351
253343,0,0,0.17992758710901993,0.10406864714052315,0.04077645560779726
253352,1,0,0.5406869035845387,0.4623005419187354,0.0498008771827325
253373,1,1,0.776985523495333,0.5482423022132512,0.0790439086755782
253390,3,0,0.3793662846124121,0.14106640151660493,0.051313518750734866
253397,1,0,0.9117005402735168,0.46087334225618826,0.0479880706762283
253414,1,0,0.26502203285646786,0.11263881331987781,0.045138580473426344
253417,0,0,0.5620797438796651,0.34254919581012866,0.04198640535615658
253421,0,0,0.25515574787018236,0.13276872046760205,0.04218500603357394
253431,1,0,0.3384392954914705,0.0646259933341501,0.041489727350712116
253453,1,0,0.08167719820005687,0.030091270654759635,0.041489727350712116
253466,2,0,0.1014409560671466,0.0766041983690177,0.03979579693051722
253505,3,0,0.22069086543094554,0.1609636390562545,0.03982546751446756
253511,3,0,0.649590708334203,0.17700131929198662,0.03849576556211079
253528,0,0,0.7076915480131035,0.6242034955405394,0.07472112279401351
253530,2,0,0.21584859894898573,0.1828432215640302,0.04761226190619499
253535,3,0,0.9400614501679219,0.5671137315933659,0.11475271366414923
253541,2,0,0.08488741492345646,0.10732127219829547,0.039107986745542264
253550,1,0,0.4850382298504321,0.10956574834979785,0.045138580473426344
253558,0,0,0.09347991241571812,0.11292978699367713,0.04940040891194944
253559,3,0,0.29219724677603254,0.11883428074359131,0.031694530747468634
253576,1,0,0.07275302476236144,0.05012098835427433,0.03654359335363746
253586,1,0,0.17558824704134934,0.07348794824639505,0.036721316141216785
253593,2,0,0.17375095505423516,0.10131321761812784,0.03979579693051722
253606,1,0,0.8294017612260702,0.5534709659058743,0.07396643437346692
253615,1,0,0.0780276772273658,0.10258145101756048,0.04691585217692644
253659,0,0,0.5719728771024544,0.7965922403049989,0.07832280308675038
253668,2,0,0.018193919699937472,0.183944852412457,0.043043782468172975
253673,1,0,0.048436909659442966,0.15611969332157916,0.045138580473426344
253719,1,0,0.24497767585432356,0.06811206040924912,0.03654359335363746
253729,1,0,0.1723482482965089,0.24677130193772162,0.0506233382542699
253779,3,1,0.5343984341989002,0.5021811608962035,0.0972321744231938
253804,3,0,0.29613658884231087,0.22688197622013334,0.053380559606989376
253810,0,0,0.3344905398570174,0.09666930852482761,0.04336522917003451
253812,0,0,0.10565386655837015,0.23724450594095303,0.045267486126968695
253815,1,0,0.2658669312450676,0.05833465182849399,0.04762177173003558
253851,2,0,0.30324914005996023,0.14589156335741818,0.04327762942775736
253863,1,0,0.09742680564983194,0.10646209402264459,0.041489727350712116
253869,0,0,0.2291361083050146,0.23526359157518836,0.04398968362446854
253874,1,0,0.15123204461702364,0.10613808962151802,0.045138580473426344
253891,1,0,0.11077976370367848,0.09537380852392768,0.041489727350712116
253899,1,0,0.042991726894741795,0.08041512733270353,0.041489727350712116
253904,2,0,0.6698573338557828,0.6769240851032969,0.0588805586063968
253911,1,0,0.13917079135139646,0.14820568405608225,0.053452256584867484
253917,1,0,0.3848415417671023,0.08997715466874238,0.045138580473426344
253929,2,0,0.369999567937305,0.19118386544076355,0.04761226190619499
253940,3,0,0.13531990234289548,0.06505034096888683,0.027468426593387642
253948,3,0,0.3158019081235599,0.3598873991678831,0.10300051764300246
253954,2,0,0.10563600420542099,0.06907451891160006,0.03979579693051722
253957,0,0,0.23697334022777286,0.10520202637160915,0.04019287878791693
253987,2,0,0.3983199072433072,0.3692466430126937,0.03979579693051722
253989,1,0,0.05130581379292464,0.04954958251736153,0.036721316141216785
254002,3,0,0.48794114294521784,0.17950159257198142,0.04606643775018945
254011,2,0,0.1878227128830502,0.10348330182039449,0.041224037052829364
254012,1,0,0.48341377214218584,0.08233943582732957,0.045138580473426344
254017,1,0,0.05327862490366941,0.08115997677575837,0.03654359335363746
254029,0,0,0.295407797689572,0.14320399102130374,0.03890106100826425
254035,1,0,0.06646960939992932,0.05655893333112141,0.03654359335363746
254044,0,0,0.22831971922521657,0.14959188891645672,0.0560854909618796
254057,2,0,0.1439792341645081,0.08965892361333375,0.03979579693051722
254076,3,1,0.3426368715852649,0.41568623757115253,0.13276580915573985
254089,0,0,0.291470020690593,0.12334362433768131,0.040787904309439904
254106,1,0,0.1309931769013222,0.11284648669894592,0.03654359335363746
254107,0,0,0.29176927583943774,0.2525073360817853,0.04077645560779726
254131,3,0,0.4333396880669601,0.18230312320320968,0.03775196759080772
254148,2,0,0.10400317052898649,0.1477639759721886,0.04327762942775736
254157,0,0,0.2323392692049932,0.10017018149549378,0.03421372594711029
254159,0,0,0.15271123806259834,0.08688525640679226,0.04051001628367428
254189,0,0,0.23484522228666166,0.17440044174485714,0.03890106100826425
254198,1,0,0.039254644722942024,0.12985880653095946,0.04278709843626327
254200,1,0,0.07487043746043508,0.15325830525872408,0.03654359335363746
254225,1,0,0.32196005467901784,0.07852042450162193,0.045138580473426344
254247,1,0,0.8197144561397831,0.6027575937743989,0.0790439086755782
254253,2,0,0.2940948606816518,0.22486693392601023,0.03680661143378336
254276,3,1,0.8322650026613024,0.6135378343331672,0.13459206024677495
254279,1,0,0.10358174700458521,0.03674464072522392,0.041489727350712116
254286,0,0,0.16088277070077925,0.0923274420167237,0.042772479234137746
254295,1,0,0.5594757534093915,0.18748190886998972,0.045138580473426344
254298,2,1,0.11432780329435298,0.13326559956842643,0.03979579693051722
254315,2,0,0.12263005894716407,0.1378630341102342,0.039107986745542264
254342,1,0,0.2377863054400336,0.04824358632787407,0.03654359335363746
254357,0,0,0.2571828839594295,0.20384496808560876,0.03890106100826425
254362,1,0,0.04538593085303374,0.040340784090406805,0.036721316141216785
254373,1,0,0.12919784177815027,0.047993312813826156,0.03654359335363746
254374,1,0,0.05485657738429739,0.1314536739556285,0.03654359335363746
254377,1,0,0.8634754686096181,0.4930532213830345,0.0477350783570872
254383,0,0,0.6166591704948368,0.7509109453623843,0.07832280308675038
254388,1,0,0.3965083337362235,0.21607696247386549,0.049952408474690416
254398,2,0,0.15453579176121698,0.13079865547906921,0.03680661143378336
254407,1,0,0.13994024316911438,0.10060641741480106,0.0591363839221065
254409,2,0,0.20237008145976834,0.16984835196038237,0.03979579693051722
254441,3,0,0.9134488668135038,0.6944069864480639,0.1488592233442669
254447,1,0,0.15017686151745938,0.09569686233080438,0.03654359335363746
254483,1,0,0.1233252541778889,0.11508920379863627,0.036721316141216785
254485,1,0,0.043170260186153865,0.11075341584453663,0.03660837086997847
254493,3,0,0.1968885191223814,0.17411355399657188,0.061004569292779295
254497,1,1,0.7280130132440614,0.5286268624280153,0.0572831245447108
254516,0,0,0.26655408511162343,0.12413373165717352,0.03890106100826425
254526,0,0,0.11851097681597361,0.10396436598910555,0.045267486126968695
254529,2,0,0.09788878598326564,0.1277254226849644,0.039225685339645454
254571,1,0,0.02620625019765658,0.09491686254319735,0.04278709843626327
254586,1,0,0.03575764941671906,0.11823904756893538,0.041489727350712116
254587,0,0,0.1669317546108727,0.13842152290257972,0.04913969558674805
254595,1,0,0.33276112137785385,0.3259425178767367,0.04536641338717081
254598,0,0,0.14676568328608774,0.07444718571866651,0.039019841591742876
254606,1,0,0.191769832760527,0.17231469732236804,0.045138580473426344
254615,1,0,0.07242003307147346,0.02967089707698943,0.03654359335363746
254623,1,0,0.35567110296605914,0.13718689935635633,0.045138580473426344
254624,1,0,0.21946283969196712,0.12778486605064493,0.036721316141216785
254625,0,0,0.29368102106754584,0.18445579981076185,0.04077645560779726
254631,0,0,0.25437779595400617,0.15871765823634396,0.04398968362446854
254636,1,0,0.5668564294671002,0.2402870063857605,0.045138580473426344
254671,3,0,0.12265228093842606,0.17377746246685866,0.04974632505594183
254675,1,0,0.15311187772842869,0.2043276695443382,0.0506233382542699
254678,0,0,0.6798672170493762,0.35105661018991513,0.07472112279401351
254681,1,0,0.2961245799904795,0.17498096834179133,0.04278709843626327
254686,1,0,0.06032869388707808,0.03742375104879949,0.03654359335363746
254687,3,0,0.8554860183881225,0.6643504728094076,0.15586047594504526
254693,1,0,0.8227615444611642,0.45633661131370495,0.06385930171838845
254697,0,0,0.18731517257465305,0.19131991498742199,0.05720352024939196
254713,0,0,0.11312693637528426,0.12325331721165282,0.03861531372685975
254721,1,0,0.0785637445156772,0.05180587034544477,0.045138580473426344
254733,1,0,0.6785547134989813,0.12905440699493234,0.045138580473426344
254748,1,0,0.05603756991070774,0.11821643754706797,0.03654359335363746
254757,1,0,0.32654851004003793,0.04167709560337532,0.03654359335363746
254761,3,0,0.4257613794776268,0.17338210683765137,0.08221844280982803
254775,2,0,0.2664288988631766,0.10395933518569558,0.03680661143378336
254788,1,0,0.12040389089487225,0.14512714857762096,0.041489727350712116
254814,1,0,0.2818057875407363,0.23351975780637432,0.045138580473426344
254822,2,0,0.5676152511170868,0.17751793139999986,0.041224037052829364
254824,0,0,0.11509119619298232,0.2293288397700156,0.04336522917003451
254844,0,0,0.1864662664591014,0.1514617876453505,0.04107751169898964
254860,1,0,0.31871883286942326,0.10125453303562852,0.060900497067004095
254870,1,0,0.11483365510006167,0.024184587017758222,0.03654359335363746
254876,1,0,0.09502502105395781,0.1742007294759427,0.0586887917069828
254906,0,0,0.1464301718516594,0.18571759068055832,0.03890106100826425
254918,1,0,0.04895598693553637,0.13792603621989377,0.041489727350712116
254939,3,0,0.17551806574513454,0.1224669430023593,0.03720607660144302
254943,3,0,0.11858237323323721,0.12169588796940171,0.035310110532852546
254949,3,0,0.5744707372832163,0.15817234333288518,0.05439658330182298
254960,3,0,0.12484657400523816,0.11177358481636533,0.03760256005918013
254980,3,0,0.3010705738217328,0.22083143469094893,0.045329001461661314
254998,1,0,0.23754822838407227,0.13292809206200593,0.041489727350712116
255004,0,0,0.2711667151752587,0.1655093151074487,0.045458359474605074
255027,0,0,0.2898208453553674,0.20353149145579347,0.04398968362446854
255094,2,0,0.15937360633184036,0.10957841423285145,0.03680661143378336
255095,2,0,0.14042737622504234,0.16363003158594425,0.04327762942775736
255098,0,0,0.3845297502308766,0.1350701843910548,0.04867897172436741
255133,1,0,0.08396582874587818,0.04302054695249376,0.045138580473426344
255134,2,0,0.32889327117604367,0.1779911026334344,0.039107986745542264
255135,0,0,0.14578062815212947,0.17317366436371007,0.042153363215403465
255140,1,0,0.10767803002986746,0.15296542773470134,0.06225997351978175
255173,1,0,0.06717572122755547,0.08932201040498496,0.041489727350712116
255214,2,0,0.3831883503945535,0.1608811037273073,0.04761226190619499
255215,2,0,0.29559855838097526,0.15718815797345229,0.04761226190619499
255219,3,0,0.05715716727434277,0.20156168255306486,0.0361808297634774
255223,1,0,0.29557351778537083,0.06522831028897072,0.03654359335363746
255243,1,0,0.2848309984964896,0.06195540254625012,0.03660837086997847
255244,1,0,0.4267286542330338,0.10157485857808933,0.045138580473426344
255287,1,0,0.07842078804529967,0.014333847936348168,0.03654359335363746
255288,1,0,0.06290508449251543,0.03552826469577084,0.03654359335363746
255342,3,0,0.12742081890791074,0.10357342508237398,0.03665537677901284
255355,1,0,0.07027384840978244,0.0481189513826063,0.03654359335363746
255360,1,0,0.2984441962346549,0.04596826338678252,0.03654359335363746
255373,3,0,0.11034643994489203,0.06563852153358078,0.033523611460234984
255396,1,0,0.044008893590753544,0.07435060046549236,0.03654359335363746
255398,1,0,0.22155518384012426,0.09929243402298898,0.054720277446040244
255455,1,0,0.23520066148080931,0.036770612537793713,0.03654359335363746
255461,0,0,0.12518382466954817,0.17669855284946498,0.054337846747663045
255463,1,0,0.2073164377540332,0.04885971028970106,0.03654359335363746
255464,1,0,0.28368895782130454,0.07119846467038533,0.03654359335363746
255465,1,0,0.430339116431036,0.12902609042972554,0.060900497067004095
255471,1,0,0.09879569502595252,0.09984640227421064,0.03654359335363746
255478,1,0,0.15514307615654507,0.03488351302502572,0.03654359335363746
255489,1,0,0.2681050639056524,0.11305133072004862,0.045138580473426344
255516,2,0,0.3306467657626426,0.13663830741070349,0.03680661143378336
255526,1,0,0.019945116413712327,0.19376972766527067,0.041489727350712116
255549,3,0,0.1745719754876141,0.10994748742584676,0.04682156063883516
255550,3,0,0.24963018142780757,0.1001760627382885,0.03861101814646987
255563,3,0,0.273390173958451,0.28189346640395746,0.03888886549386674
255596,1,0,0.02784169459556498,0.12508076841558138,0.05149621395102403
255597,1,0,0.27558459993141005,0.05197891820462061,0.03654359335363746
255685,1,0,0.32244847781111186,0.26755128133356665,0.060900497067004095
255703,1,0,0.09502509050433391,0.034232659991534506,0.041489727350712116
255756,2,0,0.43852285028067267,0.17296870164671752,0.039307208021911476
255774,1,0,0.2505014641677864,0.15165659905544382,0.060900497067004095
255819,3,0,0.09187918595293455,0.05143431814464414,0.03792728028650698
255825,1,0,0.14283828166270107,0.051415436554446116,0.03654359335363746
255844,2,0,0.19699399262528183,0.2044987142498971,0.05526959489511729
255858,0,0,0.12921670724264353,0.08601740710601509,0.045267486126968695
255866,0,0,0.22512273835477709,0.12996939010365893,0.04332897963879774
255883,1,0,0.4536502752578019,0.06401955050605532,0.03654359335363746
255888,2,0,0.2533851275609088,0.16025166194704268,0.04761226190619499
255890,2,0,0.12559309656176398,0.1458889163671994,0.04401103510171641
255901,1,0,0.08866672252120053,0.030429414977844398,0.03654359335363746
255905,1,0,0.13441964721540842,0.07075704016152566,0.041489727350712116
255908,3,0,0.4143149161605075,0.24630971073837973,0.08200370872582549
255921,1,0,0.2301701020508295,0.028049913226670165,0.03654359335363746
255928,2,0,0.34024078264786467,0.21927467549355686,0.04761226190619499
255972,0,0,0.09997428162135434,0.10443239852413233,0.043131446758103056
255978,1,0,0.475819452387752,0.16140297991397085,0.051665630257641856
255983,0,0,0.39158678172766337,0.21577884026794097,0.044964152834023795
256012,3,0,0.10623249265003698,0.23767883145540714,0.10031943404076096
256023,0,0,0.6896323959320823,0.60016344915367,0.05928105862892932
256024,1,0,0.09889486027576332,0.14956996962525168,0.0586887917069828
256072,1,0,0.07235282492204015,0.11834672443895732,0.041489727350712116
256082,2,0,0.08321291303880642,0.1466236591640824,0.041224037052829364
256092,3,0,0.1810121321759952,0.09602420530247198,0.05379442574221489
256097,1,0,0.05600054443602812,0.046404556253051704,0.03654359335363746
256114,3,0,0.3362770016354899,0.10662879524753674,0.04546694087621824
256117,0,0,0.18112401918667576,0.10214165799638325,0.03632861176040458
256130,1,0,0.28727428833645896,0.19118242334502233,0.04278709843626327
256133,3,0,0.6745311404615798,0.29038017665564547,0.05270066670276409
256149,1,0,0.24463585522504763,0.032103500905754874,0.03654359335363746
256152,3,0,0.23713995965189127,0.12750708483786644,0.07213224073412712
256171,1,0,0.3256341754594257,0.1695364255708774,0.045138580473426344
256196,1,0,0.24760799339179979,0.07441900936728589,0.04278709843626327
256214,0,0,0.09753347803105857,0.13136311783688548,0.03861531372685975
256260,3,0,0.4502822466390359,0.11882951414858857,0.04352943906264832
256282,3,0,0.3782116898187117,0.13253991754536126,0.0840501549192723
256283,0,0,0.26467768010424475,0.1353932942981275,0.04398968362446854
256285,0,0,0.08893872666578578,0.10993082445511088,0.043131446758103056
256294,1,0,0.06090373908615614,0.07152354958117997,0.03654359335363746
256305,1,0,0.8088459471985072,0.5255009498143298,0.0790439086755782
256324,1,0,0.11284866080393442,0.05144209191845597,0.03654359335363746
256340,1,1,0.1484839380389209,0.14356743588679519,0.04420824718515211
256341,3,0,0.39856650947496475,0.27491031926960213,0.07391119691678669
256345,0,0,0.11545301972190591,0.20112504350137597,0.03707670048784062
256358,0,0,0.1865388111883807,0.08290988330485961,0.03579088590500353
256364,1,0,0.15593854694552986,0.07518987794518942,0.03654359335363746
256366,1,0,0.020747543560731965,0.06169693513724121,0.04420824718515211
256384,2,0,0.08123817019990023,0.09270318573231019,0.04321532214812582
256389,1,0,0.7921014444734215,0.4860395378342034,0.0790439086755782
256395,1,0,0.09535387237401118,0.0996903629568845,0.04735892056685851
256411,1,0,0.07155858586563894,0.11464674618076262,0.041489727350712116
256425,0,0,0.5783376355851771,0.25153711360777886,0.045458359474605074
256433,3,0,0.24513015251221942,0.10648183394258956,0.055946883820514534
256437,2,0,0.12911875296163458,0.11577436851598909,0.03979579693051722
256466,1,0,0.13463670673675104,0.040467796766006474,0.03654359335363746
256477,2,0,0.8131876635231609,0.4661722544592128,0.05596883800974349
256484,1,0,0.24881560995767288,0.33003497623479255,0.04079332388806812
256490,2,0,0.37577212567958146,0.13848089424451338,0.04761226190619499
256507,2,0,0.16558586147947213,0.1675787066683456,0.04327762942775736
256509,1,0,0.4068362684954902,0.09975906680186428,0.045138580473426344
256510,1,0,0.19186465597335933,0.09092406765046727,0.045138580473426344
256519,2,0,0.1513346998013636,0.11538706199665599,0.039107986745542264
256531,2,0,0.13816526338758106,0.10258778648371028,0.04327762942775736
256538,1,0,0.05157398051988664,0.18609359172277692,0.051665630257641856
256553,3,0,0.1057712765519437,0.14603526769040542,0.08272139023481606
256566,1,0,0.607250610007345,0.5832907364279631,0.07092867403083175
256583,1,0,0.10574511862549468,0.046642998581115175,0.041489727350712116
256587,2,0,0.4330517757955589,0.31077221745981637,0.039225685339645454
256591,1,0,0.26360386324467355,0.1280386606202823,0.03654359335363746
256601,1,0,0.11830750975650323,0.10253087183688893,0.040606377662277836
256622,3,0,0.7616494917165595,0.699181109622918,0.12763083934437375
256627,0,0,0.2958158924767638,0.23801035982778682,0.03890106100826425
256645,1,0,0.7753555153346027,0.20115177914947752,0.0506233382542699
256647,1,0,0.0423318585127046,0.13648877688900143,0.0462190103162257
256649,1,0,0.2633649981493827,0.13849305428150813,0.053452256584867484
256667,1,1,0.567985415445113,0.5346628141254642,0.06578629026214594
256669,0,0,0.36008452754432846,0.1869893896709628,0.037121372203890446
256684,1,0,0.19061373614333213,0.19134159881177468,0.054720277446040244
256687,3,0,0.2834468058482404,0.32340661397458126,0.05252472604252365
256727,1,0,0.01859329224260991,0.0865120530335317,0.03654359335363746
256732,1,0,0.12425872230140082,0.06459993771842978,0.03654359335363746
256758,1,0,0.2986292623503798,0.08212530308098262,0.03654359335363746
256762,1,0,0.57472708246821,0.195599806842902,0.051016511781975526
256788,1,0,0.35654920487413044,0.052658242220965386,0.03654359335363746
256798,0,0,0.42691744657999403,0.2874606166852646,0.0400464342338486
256853,1,0,0.16363583425940526,0.10319003947309194,0.060569014443723486
256856,0,0,0.2362048824462006,0.1416381290430902,0.03780017119862066
256866,1,0,0.730513728030038,0.5856371329128568,0.0498008771827325
256868,1,0,0.21996886322142523,0.051542409062850784,0.03654359335363746
256875,0,1,0.4827381155846555,0.6052543820569954,0.05227200185427879
256885,0,0,0.18984728491442662,0.09585654720248099,0.03890106100826425
256898,3,0,0.2844660208618957,0.4607349840338559,0.14095539608052116
256899,2,0,0.14925169062196722,0.1560675680723952,0.03680661143378336
256913,2,0,0.3066562648273747,0.07699482344898163,0.03979579693051722
256943,2,0,0.24879252053092965,0.1502247768067015,0.04761226190619499
256953,1,0,0.4268954835956311,0.1139597689272472,0.045138580473426344
256971,0,0,0.24414617704265948,0.1184965266127265,0.045458359474605074
256998,3,0,0.0699067572388938,0.07176400063940074,0.03399624202469864
257055,1,0,0.3508385949988301,0.11840995662770182,0.053452256584867484
257072,2,0,0.22905238109979545,0.08987174774782249,0.03680661143378336
257083,1,0,0.7932995672745428,0.5252386428996988,0.07897091022620364
257084,1,0,0.048990943570386074,0.11927545475320901,0.03654359335363746
257087,1,0,0.12472560829291378,0.10537019455014235,0.036721316141216785
257100,1,0,0.059997375948657755,0.04253809453863695,0.03654359335363746
257131,1,0,0.32198472831124003,0.05649812910542572,0.04762177173003558
257152,3,0,0.11935488364195755,0.21827806460140858,0.04479819982242813
257155,0,0,0.11487064292987119,0.14001279825995586,0.03861531372685975
257174,1,0,0.20945253162229135,0.07104939621486545,0.036721316141216785
257193,3,0,0.1723816908673278,0.13194915877196312,0.03829084721982404
257199,2,0,0.037218285157009395,0.11172538882934002,0.039107986745542264
257213,1,0,0.2390316484140513,0.08016690952121339,0.03654359335363746
257241,0,0,0.19464769250991007,0.09957384177994286,0.04051001628367428
257251,1,0,0.16814636233887387,0.25961346530735546,0.060900497067004095
257263,0,0,0.157620602241938,0.10183929765443173,0.04748111637158799
257269,3,0,0.8429573181659495,0.6460086393573173,0.11207268959020285
257276,2,0,0.1250441917065956,0.13537423916419813,0.04883118523478495
257303,0,0,0.25616335428273324,0.14343274483483234,0.04951771303103658
257310,3,1,0.9059509620903091,0.6937193923370752,0.13139797781337773
257327,1,0,0.2172907313686529,0.15255485293866747,0.05430418072875823
257349,1,0,0.2787055698856876,0.11815844411788025,0.045138580473426344
257372,1,0,0.13468045394687614,0.20603153092427284,0.053452256584867484
257374,1,0,0.8918267618679675,0.6424085542910835,0.0790439086755782
257398,1,0,0.21903552431007764,0.050499325085095276,0.03654359335363746
257402,1,0,0.09581454737045501,0.037757518148987985,0.03654359335363746
257406,1,0,0.2785034589412413,0.11116577742207939,0.045138580473426344
257408,1,0,0.1950966653355654,0.07004453711889692,0.045138580473426344
257409,1,0,0.2906153941536581,0.13672327140802823,0.0586887917069828
257422,3,0,0.6184638201593659,0.23295141981726863,0.10660371419130338
257452,1,1,0.08295518473318746,0.034567150325548635,0.03654359335363746
257461,2,0,0.08427041052302023,0.14026220691259664,0.04327762942775736
257470,2,0,0.09459412161488467,0.2237197656691795,0.05526959489511729
257514,0,0,0.1831292010059055,0.11927327862554081,0.04336522917003451
257525,1,0,0.6980519612077315,0.4011787231189187,0.07404344038399556
257569,1,0,0.2763852107036083,0.11888728614967604,0.03654359335363746
257580,1,0,0.141719484719842,0.031101869241926927,0.03654359335363746
257611,0,0,0.12146269014494655,0.12589975700955938,0.04051001628367428
257631,2,0,0.07392246028094528,0.14104539187528362,0.04761226190619499
257635,0,0,0.08010973743111516,0.10508935176828212,0.04051001628367428
257644,3,0,0.2761372830990265,0.19687477213586596,0.05328381868370531
257650,3,0,0.4725674377273579,0.09842678416699613,0.05070076655731236
257657,1,0,0.5421244697252565,0.5103206726616256,0.07843589644846584
257669,0,0,0.10251699871848749,0.1994191641706876,0.04051001628367428
257678,1,0,0.38438038887656956,0.06554040426220464,0.045138580473426344
257690,0,0,0.39287467922905545,0.26661123364871264,0.05149654112980483
257699,2,0,0.10805312748206568,0.09047483598023336,0.039107986745542264
257708,2,0,0.31652284896443167,0.20732700473638313,0.04761226190619499
257731,2,0,0.12269384892995112,0.10626841647399672,0.03793425460871488
257735,1,0,0.03864291033528135,0.12719249001708563,0.06007315232246997
257777,1,0,0.0716289233281608,0.12546888658519303,0.053452256584867484
257793,2,0,0.2760175337128292,0.18396602261257533,0.039107986745542264
257802,1,0,0.13371838178769557,0.04291431391156805,0.03654359335363746
257807,3,0,0.33435035670396396,0.09600355317522395,0.050163397233234513
257813,0,0,0.13318721937693187,0.07964096607720117,0.04109512219911186
257839,0,0,0.22647575475154794,0.181236600232677,0.04051001628367428
257868,1,0,0.19166178387860394,0.0796594179373685,0.045138580473426344
257881,1,0,0.13835537236288759,0.05170373336804951,0.03654359335363746
257896,0,0,0.8101849167073809,0.8074591671860205,0.07535850075769517
257937,1,0,0.22978732561718115,0.107266188076467,0.03654359335363746
257993,1,0,0.5595285305774693,0.1561343440704797,0.045138580473426344
257994,1,0,0.1376587455741534,0.06947438855491532,0.03654359335363746
258006,1,0,0.034204938049087245,0.09755194060184717,0.06578065933042877
258016,2,0,0.7339498374470811,0.602748891536458,0.0588805586063968
258019,1,0,0.7467979213055481,0.5577024825283053,0.07843589644846584
258042,2,0,0.3157987020106945,0.19370172720963183,0.039107986745542264
258049,2,0,0.3008690133299439,0.12481642651876854,0.04785905696083482
258055,2,0,0.5661968910166575,0.7476802145330274,0.05596883800974349
258062,1,0,0.1602475341055318,0.1451247090319957,0.045138580473426344
258070,1,0,0.12046828943321901,0.04227577502514685,0.03654359335363746
258072,0,0,0.19765704504223952,0.10485464998579416,0.03579088590500353
258074,1,0,0.07105307744154338,0.11561742960390507,0.05400653719607418
258096,2,0,0.27374166358710933,0.118136827675496,0.039107986745542264
258097,1,0,0.2979479416368602,0.11768178415358153,0.045138580473426344
258120,1,0,0.23034109335024286,0.15703586649154042,0.05430418072875823
258126,1,0,0.05010654815552041,0.07906040014781653,0.03654359335363746
258144,1,0,0.3425886757293723,0.08870123184301894,0.03654359335363746
258149,1,0,0.47874849524368107,0.7018947412622955,0.0790439086755782
258150,1,0,0.1902471886993241,0.03222522097947566,0.03654359335363746
258158,0,0,0.47413579198146405,0.7875955370365169,0.07535850075769517
258162,1,0,0.09739138504915823,0.03371703529256337,0.03654359335363746
258193,1,0,0.4568111562396217,0.11271985735435308,0.045138580473426344
258196,1,0,0.7849918662181253,0.5145205586688149,0.0790439086755782
258214,1,0,0.8679652469500735,0.5040639180351152,0.0732908158645075
258216,1,0,0.5041911947338918,0.0922982458715943,0.0506233382542699
258268,3,0,0.48521866098427535,0.11421013219323983,0.04267606681768557
258275,1,0,0.35993227143131934,0.14447796867938428,0.0462190103162257
258276,1,0,0.28147123395056345,0.03759805340505837,0.03654359335363746
258299,3,0,0.36379800357530606,0.2340769181587289,0.06308399804539744
258307,1,0,0.07494887480674603,0.07501930060309747,0.045138580473426344
258314,0,0,0.15334862441748057,0.156763940220909,0.053488123239009526
258323,3,0,0.8744098025865212,0.6877640759252883,0.10438817905597514
258329,1,0,0.6176759403262789,0.5897559142088832,0.0790439086755782
258345,2,0,0.16556252140388025,0.11107791383897885,0.03979579693051722
258371,2,0,0.6229180761556171,0.37561425955928074,0.05340375515755404
258378,2,0,0.0655121607088366,0.11971483419568406,0.03680661143378336
258379,1,0,0.03707155889831888,0.06297618129871252,0.03654359335363746
258385,1,0,0.7969326495190391,0.5495454420388489,0.0498008771827325
258390,1,0,0.1214612164763255,0.11774038692508412,0.03654359335363746
258419,1,0,0.19054916626836954,0.04774878074745874,0.03654359335363746
258438,0,1,0.45893459149071253,0.16118631453935692,0.04162385372883917
258439,3,0,0.33281996935042213,0.26811768030056016,0.05451948118209915
258449,1,0,0.4446173271058058,0.5339633195931844,0.04596944827872752
258453,1,0,0.1470743321719754,0.16610223467199547,0.045138580473426344
258458,0,0,0.18341203618636007,0.1952377254782671,0.06033967531248347
258490,1,0,0.18498605893014886,0.06598107877192566,0.03654359335363746
258504,1,0,0.13338495165168485,0.04940841321161235,0.03654359335363746
258509,0,0,0.14864630797278355,0.09052476792483183,0.04553336742124675
258551,2,0,0.054218099383405625,0.11030426820493404,0.03979579693051722
258573,2,0,0.25310401972284813,0.1573558502916196,0.04761226190619499
258600,3,0,0.27311483095396355,0.1838297577259385,0.03729268332012162
258628,1,0,0.31751019105434236,0.16626889931614855,0.060900497067004095
258638,3,0,0.32614496611310617,0.12519411179112444,0.03982546751446756
258666,2,0,0.07092874986908729,0.1268942065740787,0.03979579693051722
258687,3,0,0.5049818598866521,0.23540933148995458,0.06161572773161022
258695,2,0,0.6782244122268127,0.7540788633875802,0.0588805586063968
258713,0,0,0.2990549255852948,0.13959909938784282,0.04748111637158799
258715,1,0,0.04363979995564147,0.11364749456590856,0.0462190103162257
258732,1,0,0.9085400443943615,0.5520758558162592,0.056450207592323574
258736,1,0,0.11475144912023122,0.09945779212436692,0.04299383033375031
258737,2,0,0.31706073220043257,0.17602609973796596,0.039107986745542264
258738,1,0,0.19623281885078048,0.04925966478150934,0.03654359335363746
258765,1,0,0.09165453853902707,0.09624309647994225,0.0462190103162257
258768,1,0,0.12304184732113407,0.08601003786466167,0.036721316141216785
258772,1,0,0.1548180515800367,0.08246539387161125,0.060569014443723486
258773,1,0,0.6160068083906621,0.27758777400960943,0.04536641338717081
258811,2,0,0.10440227578247943,0.13473480825639553,0.03680661143378336
258813,1,0,0.11956551366907103,0.029458748526783082,0.03654359335363746
258824,1,0,0.08288185160038589,0.13243412916602812,0.049952408474690416
258825,0,0,0.1929343814625483,0.1433695612375631,0.04484970593940127
258846,2,0,0.14410207776061776,0.10101059309189114,0.039107986745542264
258866,0,0,0.15371517661374687,0.2327867447531858,0.049960739871257494
258868,1,0,0.12587386145399568,0.11097152713817096,0.045138580473426344
258898,0,0,0.13064699332426238,0.07388653321545652,0.045267486126968695
258926,3,0,0.7734685504623223,0.3323788040080142,0.06493846711452979
258933,1,0,0.26341299078979596,0.18415672189978488,0.045138580473426344
258944,1,0,0.22263142534089186,0.039544773655989136,0.03654359335363746
258951,3,0,0.9097094701252274,0.7049921783503129,0.11093308688610308
258961,2,0,0.17407103021507467,0.08540674541460494,0.03793425460871488
258967,1,0,0.06679285278655064,0.0299599855829423,0.03654359335363746
258973,2,0,0.31915339022952316,0.0841779306459707,0.03680661143378336
258982,3,0,0.3254845330848495,0.1352701600233825,0.06376725200180161
259009,3,0,0.3483159776422548,0.06322028450615155,0.031694530747468634
259022,3,0,0.28285600543693273,0.1270050900228955,0.045063141134486874
259040,2,0,0.12501506988021555,0.09309345170833926,0.03979579693051722
259041,1,0,0.07086638541178915,0.05867177340939431,0.041489727350712116
259064,0,0,0.2790700075401432,0.3703477073860999,0.03861531372685975
259071,1,0,0.27337612902541697,0.039831701969605914,0.03654359335363746
259087,1,0,0.3300012630945131,0.14999348518189676,0.045138580473426344
259109,2,0,0.21445822975208065,0.08486830059718621,0.03979579693051722
259125,0,0,0.27409991466852424,0.09955960440565427,0.042772479234137746
259135,3,0,0.1701620605225489,0.14962085656437074,0.04995901293236589
259136,1,0,0.36700241638381637,0.2979771886987932,0.0582497608598261
259156,0,0,0.21628999250433373,0.12281952792005178,0.04460764711609256
259157,0,0,0.34802231003740675,0.12556737102509044,0.04051001628367428
259158,1,0,0.3182859341294544,0.2104237399070498,0.045138580473426344
259172,1,0,0.8726342393923139,0.5228418614340327,0.051111269717469
259180,2,0,0.45292135629875624,0.11864443074255102,0.04401103510171641
259184,3,0,0.11420658763974433,0.13701282606885287,0.03183029953110746
259198,1,0,0.821211165522627,0.5342805252192844,0.0790439086755782
259208,1,0,0.8395589000254597,0.4514864913338556,0.0416662699544284
259214,1,0,0.08782229410967635,0.1515863083717953,0.0536854468415646
259238,2,0,0.840197756154137,0.7065018989340601,0.05596883800974349
259262,1,0,0.7969586107291294,0.5599154679335077,0.0790439086755782
259263,0,0,0.04682134441009048,0.08292464123445298,0.04051001628367428
259266,2,0,0.31751417960027645,0.1569429387257727,0.03979579693051722
259288,0,0,0.1764339213385448,0.12100998665190209,0.04579907598057319
259317,1,0,0.5374254142346625,0.39007192476153013,0.043701072706580586
259324,3,0,0.8185723358360282,0.7515673461412731,0.15007483873111999
259327,1,0,0.35093455117797073,0.25792915959704,0.060900497067004095
259331,2,0,0.2747327582543161,0.15557398645453813,0.044064117889810656
259335,0,0,0.09421354537241719,0.10994890647953212,0.047782419330315115
259348,1,0,0.43912791587746725,0.04591698788881558,0.03654359335363746
259351,1,0,0.1086359974502037,0.13842365540947463,0.0462190103162257
259355,2,0,0.21570842303229906,0.19438769190848984,0.044064117889810656
259361,1,0,0.27274545974008363,0.150115454682542,0.04278709843626327
259372,1,0,0.05016158865871935,0.09405708681094917,0.03654359335363746
259386,1,0,0.5970388919022275,0.48681161369794523,0.0498008771827325
259390,2,0,0.3488145267409846,0.1327377356832724,0.03979579693051722
259399,1,0,0.19008455420237888,0.05650626780724804,0.03654359335363746
259400,3,0,0.8950730409348192,0.8125096529715612,0.153270962177592
259409,2,0,0.15981040138477678,0.11694120555970178,0.03979579693051722
259420,1,0,0.626305624377722,0.14545695878351636,0.045138580473426344
259422,1,0,0.22401055749928878,0.07024138394244153,0.03654359335363746
259426,1,0,0.3918352523063516,0.1658950725693664,0.0586887917069828
259427,1,0,0.09777048878740584,0.10440357069847167,0.03654359335363746
259429,1,0,0.17080427923074612,0.13748297008250737,0.03654359335363746
259434,1,0,0.48394750577071954,0.1771729751198426,0.0506233382542699
259446,0,1,0.7008976363554703,0.7603441563107485,0.07832280308675038
259457,0,0,0.489781831071818,0.22298629854746355,0.05549030060523825
259460,2,0,0.051505368524698905,0.14164865033322827,0.04883118523478495
259465,0,0,0.8676997036319177,0.6554635468027681,0.0699314596161306
259497,1,0,0.11109857454861544,0.06599060905194751,0.03654359335363746
259526,1,0,0.16692928020248698,0.09274912938780996,0.05342618988723151
259532,1,1,0.6921406876756158,0.46002267661327356,0.0732908158645075
259558,0,0,0.05672536251233236,0.1968108148464642,0.045267486126968695
259581,1,0,0.32101744672346355,0.13976897365009555,0.045138580473426344
259620,1,0,0.027872835756379277,0.12556788748359504,0.04278709843626327
259641,0,0,0.2655815627714268,0.13712772537080592,0.03890106100826425
259677,1,0,0.15246877705224013,0.0700337028183303,0.036721316141216785
259681,2,0,0.06176160778811084,0.11545953256872768,0.04490636473502977
259705,1,0,0.05093498763351729,0.06546389810071186,0.03654359335363746
259709,0,0,0.06917950113160166,0.07910448719538027,0.038690371627893454
259712,1,0,0.5990662702198863,0.10902564383150652,0.045138580473426344
259739,1,0,0.03398780989239903,0.17208908641390452,0.045138580473426344
259749,3,0,0.7524317600757983,0.34665219138652903,0.060559874775012984
259760,1,0,0.028920985076075774,0.08221928120059122,0.05253282474628003
259779,1,0,0.7271688663361288,0.39036123536733586,0.07792073518949832
259791,2,0,0.40548861288406135,0.14075603953148325,0.03680661143378336
259803,2,0,0.10134956519940759,0.11996980167721615,0.043239762574341006
259804,1,0,0.20631123884768698,0.05736444280453257,0.03654359335363746
259806,1,0,0.32121132124552637,0.14844654559066967,0.053452256584867484
259807,0,0,0.5678790832266708,0.23919032507653099,0.06112587854601988
259811,1,0,0.4413221216700858,0.09628095125873937,0.045138580473426344
259829,1,0,0.10603303312788726,0.21259011450357077,0.058341580311069355
259838,3,0,0.16957195328254884,0.11331028086673361,0.03903845555646795
259839,3,0,0.7403182186712862,0.7678150282580479,0.12921934253953032
259861,1,0,0.49789417981666684,0.13824827673896678,0.053452256584867484
259863,1,0,0.04957403281039777,0.1801866796599376,0.045138580473426344
259871,2,0,0.07698427256381814,0.0814525265049296,0.03793425460871488
259882,2,0,0.17366517726943198,0.17050726044339012,0.03979579693051722
259901,3,0,0.6545145074804978,0.21766792485708136,0.08965352309404657
259902,1,0,0.1517602483790807,0.10314834221343057,0.05430418072875823
259904,2,0,0.2643112471146859,0.23269337141228041,0.04761226190619499
259928,0,0,0.46457212555012906,0.13861384954904904,0.05030499837860905
259940,3,0,0.4505626786332277,0.2658499369625165,0.06965716269657751
259996,3,0,0.27284989023549977,0.42541251204510394,0.09918254686076107
259997,3,1,0.8609174957405066,0.504437252005755,0.14916517629436712
260002,2,0,0.31809480363524034,0.1572554643363663,0.04327762942775736
260008,2,0,0.4192661645641361,0.23201892401334287,0.03680661143378336
260014,1,0,0.9095326044327251,0.7627021063609434,0.08105812253669475
260017,2,0,0.43592222480776144,0.12891296169836378,0.03680661143378336
260018,2,0,0.14473367753207408,0.07211824808493664,0.03793425460871488
260022,2,0,0.11223099617459753,0.07930543667508656,0.039107986745542264
260033,3,0,0.8486541582613198,0.8147471560256401,0.1526200870288886
260044,2,0,0.11343446184791994,0.1533606556650513,0.04761226190619499
260049,1,0,0.1828065609309751,0.08159974514188285,0.05430418072875823
260062,1,0,0.9076278388721307,0.5358034840558076,0.056450207592323574
260073,2,0,0.27282912681861654,0.13957242754497115,0.03680661143378336
260082,1,0,0.26531850833235027,0.041460609138316576,0.03654359335363746
260099,1,0,0.17915261119934436,0.08572707440270916,0.03654359335363746
260102,3,0,0.6968040423786378,0.23141096884033735,0.0941745952279575
260107,1,0,0.16442181838820075,0.036392117995839135,0.03654359335363746
260113,0,0,0.13904416922455765,0.1430510907878921,0.03992228278318054
260122,2,0,0.06791980290809262,0.12527128772387922,0.03680661143378336
260140,2,0,0.08639476140970863,0.15124198264060582,0.039225685339645454
260154,2,0,0.3046085196475525,0.12276745695414801,0.03680661143378336
260169,2,0,0.10073164601228206,0.16531968251220086,0.04785905696083482
260180,1,0,0.22923331475347364,0.04224932762591626,0.03654359335363746
260183,1,0,0.18404614124033916,0.07459999484702433,0.036721316141216785
260200,0,0,0.4385890336213948,0.13015558615826178,0.05212459320698779
260201,2,0,0.03287820996351079,0.08126099602699499,0.039107986745542264
260217,2,0,0.136684787139331,0.07865529341679628,0.04050823995367436
260221,1,0,0.06995601155328024,0.15274969101914584,0.03654359335363746
260222,0,0,0.20020187473013454,0.13475781720297003,0.04107751169898964
260231,1,0,0.6664541008004695,0.34235864029805285,0.03654359335363746
260244,1,0,0.2644301079117067,0.05198434125735747,0.045138580473426344
260245,0,0,0.48607246157808204,0.1918153490404237,0.044964152834023795
260248,1,0,0.20706897084557926,0.059091656774735525,0.036721316141216785
260318,3,0,0.833963108782183,0.7367852562207234,0.15586047594504526
260322,1,0,0.07302930217482563,0.05721731557918822,0.03654359335363746
260347,3,0,0.5590664444040636,0.20723172043762417,0.06358876608259582
260359,1,0,0.029803738923110966,0.12482731141685703,0.052229939073612716
260366,2,0,0.0986667495033837,0.09707604114536172,0.03979579693051722
260382,1,0,0.14530150360141666,0.0798842094340799,0.03654359335363746
260394,1,0,0.3454167663906479,0.06652351236828138,0.045138580473426344
260414,2,0,0.05338524406494788,0.1880977815034115,0.03895652060433919
260445,2,0,0.7436823547302632,0.5508618295368226,0.05340375515755404
260465,2,0,0.18447212559382697,0.12278028094841531,0.03680661143378336
260466,2,0,0.27211723272744964,0.1754082949960166,0.039225685339645454
260472,1,0,0.6499233221417593,0.13271691945414554,0.03654359335363746
260473,1,0,0.06006990919218339,0.04827202593899898,0.03654359335363746
260477,3,0,0.581790181103987,0.23736119071674125,0.06645819274221514
260499,1,0,0.1769895993055557,0.2145104838389156,0.036721316141216785
260507,1,0,0.04312324968554304,0.1609886348449992,0.0536854468415646
260509,1,0,0.0369387441192869,0.10394587405240192,0.041489727350712116
260510,1,0,0.06049937817460994,0.10706141563901844,0.041489727350712116
260546,3,0,0.5105368694656018,0.051546572244486846,0.031694530747468634
260574,2,0,0.19731529034723394,0.08720539987737723,0.03793425460871488
260575,2,0,0.12933090293177257,0.13340481777078406,0.03979579693051722
260587,1,0,0.11244192819412091,0.03961775117873599,0.03654359335363746
260588,3,0,0.6124295186757702,0.5965597441610496,0.12637465048518887
260603,1,0,0.186090811265817,0.05220683187540911,0.03654359335363746
260605,3,0,0.09904421576064612,0.1016211076427254,0.04605993205925174
260617,3,0,0.37342000253685287,0.15814840610284342,0.04118455991495661
260622,3,0,0.8397443917598323,0.2803757283565425,0.04877784324334405
260639,0,0,0.12237378459603715,0.10004633151630563,0.04553336742124675
260641,1,0,0.07148538483270034,0.030417417452478775,0.03654359335363746
260675,2,0,0.06546308260699389,0.20305527809883578,0.039225685339645454
260681,1,0,0.03938553074502437,0.20165166021811787,0.045138580473426344
260702,1,0,0.11234442558008295,0.19016650883659364,0.051016511781975526
260728,1,0,0.2214632522723181,0.09757831293176877,0.03660837086997847
260734,0,0,0.22786642500715165,0.11905838867972932,0.03552713988176232
260746,1,0,0.45270352763250404,0.07190080638909224,0.03654359335363746
260763,1,0,0.0996465558206939,0.16505510263033588,0.041696921955545474
260781,3,0,0.658983608633883,0.21236408589166467,0.04125851061997194
260785,2,0,0.13108304870981202,0.10283781281438382,0.03979579693051722
260801,1,0,0.4736669783778165,0.04539970804769915,0.03654359335363746
260803,1,0,0.04531939769228147,0.08757467646137154,0.041489727350712116
260820,2,0,0.39228292162989803,0.44979012070062585,0.041224037052829364
260850,1,0,0.09766833539050046,0.0778468612750675,0.045138580473426344
260856,1,1,0.2074260728287244,0.14671022809334608,0.054720277446040244
260879,1,0,0.09073757463256092,0.07973623695434022,0.045138580473426344
260882,1,0,0.09765838222504264,0.08103862712651796,0.03654359335363746
260884,1,0,0.036498303052709936,0.10424475880149098,0.03654359335363746
260904,0,0,0.3521261459529008,0.2382293678503463,0.040787904309439904
260935,3,0,0.7664022616000233,0.784452322466454,0.1526200870288886
260945,2,0,0.07946005227694125,0.15023152577548599,0.043043782468172975
260950,3,0,0.7486403014006809,0.2885848974869409,0.12445152702678197
261006,0,0,0.21264158078921017,0.274337816758091,0.04987881976836023
261008,0,0,0.35844027952735674,0.1928535814464897,0.0471306569122175
261025,2,0,0.20819913220283642,0.13201276949382731,0.04327762942775736
261038,3,0,0.31685238067463645,0.2767601606031481,0.08753972023913847
261040,1,0,0.2397789583477924,0.13643937931107017,0.045138580473426344
261070,3,0,0.48646786085271004,0.05997081728033732,0.03360116227433671
261071,1,0,0.10584231877282149,0.1270946408030028,0.045138580473426344
261081,1,0,0.8637458525429988,0.5761853016108178,0.0790439086755782
261108,2,0,0.2505276537983566,0.12488391697625723,0.03680661143378336
261119,1,0,0.23809805085569913,0.06616268035408174,0.03654359335363746
261121,2,0,0.060456511703528566,0.11776042915029716,0.039307208021911476
261125,2,0,0.15291764515400277,0.08797500849302863,0.03979579693051722
261147,1,0,0.40467323073917033,0.051726228912089126,0.03654359335363746
261149,1,0,0.13336679360853018,0.20637985426073008,0.05149621395102403
261159,1,0,0.07700933381519091,0.1446476812148222,0.05400653719607418
261174,1,0,0.37985306104691136,0.279536661532961,0.060900497067004095
261192,3,0,0.367980060283652,0.10111700380857684,0.031694530747468634
261228,1,0,0.25320796376855403,0.040869929715124764,0.03654359335363746
261251,1,0,0.043208190991118764,0.09078075649244781,0.045138580473426344
261265,1,0,0.07998617262375708,0.09779360387129843,0.041489727350712116
261266,1,0,0.47765431298110533,0.0777419333263033,0.03654359335363746
261271,1,0,0.18772338455452267,0.06546114100169598,0.03654359335363746
261305,1,0,0.08427108567439558,0.11592479921874334,0.041489727350712116
261322,1,0,0.03075943135541073,0.15519019272962378,0.041489727350712116
261376,2,0,0.1904094134385143,0.07708541833518083,0.03680661143378336
261381,3,0,0.29022859534270185,0.21573578869423143,0.07425665793033327
261389,1,0,0.10841797249645618,0.08243017453126793,0.03654359335363746
261401,1,0,0.13536091005244427,0.14452118182463664,0.060900497067004095
261411,2,0,0.12974418488494116,0.21183105249854697,0.04785905696083482
261422,1,0,0.08411928432805706,0.049171904806440736,0.03654359335363746
261443,1,0,0.03247771918210736,0.09196832712303214,0.045138580473426344
261445,2,0,0.08429708913085593,0.14221140054069115,0.04327762942775736
261456,2,0,0.5423025381988056,0.576594595127481,0.05596883800974349
261463,2,1,0.4966927067173056,0.15310304562685328,0.043239762574341006
261480,3,0,0.6617214362996762,0.12884058107189328,0.04865294959847415
261543,1,0,0.24515394428812512,0.07539900218670524,0.045138580473426344
261556,1,0,0.1802805288734218,0.06706143641619079,0.03654359335363746
261566,2,0,0.2328866932982813,0.08846334346950506,0.03979579693051722
261567,2,0,0.0610410954579687,0.08855885672359198,0.03979579693051722
261585,1,0,0.5361854345699069,0.16002721640080275,0.03654359335363746
261610,1,0,0.23769078018649756,0.055926298606645074,0.036721316141216785
261611,0,0,0.34971991800681174,0.16393957258964217,0.04082211866134636
261616,0,0,0.25274454916244765,0.14501498389023673,0.041340515838398886
261617,0,0,0.24790815308506356,0.12172304541574511,0.04051001628367428
261639,1,0,0.26041468932744477,0.19373169279934946,0.049952408474690416
261674,1,0,0.3110286816508709,0.06587843002490942,0.03654359335363746
261720,1,0,0.17508589873162048,0.10906992381827253,0.03654359335363746
261727,0,0,0.7728262916354313,0.7503624888177336,0.07832280308675038
261745,0,1,0.9558593366210189,0.6761190298253028,0.07832280308675038
261753,2,0,0.28070540459952315,0.25206784878829064,0.043239762574341006
261763,1,0,0.18042988459468376,0.058319188402323995,0.03654359335363746
261779,1,0,0.33589515127534797,0.03581521856152586,0.036721316141216785
261785,1,0,0.08515496757114044,0.16107410548318632,0.041489727350712116
261824,1,0,0.045690572627545376,0.05268491963816817,0.045138580473426344
261855,2,0,0.14850412370095514,0.17784520539891766,0.03680661143378336
261857,1,0,0.1715539451966545,0.16405043694307853,0.0506233382542699
261864,1,0,0.052245679376795,0.06311106477965178,0.03654359335363746
261865,2,0,0.8129461093779916,0.5753271285579133,0.049879747382139655
261867,1,0,0.42027490453111405,0.09388039134103561,0.045138580473426344
261904,1,0,0.07781662082840403,0.09913099466072031,0.03654359335363746
261932,0,0,0.3407283869349354,0.21230798611044044,0.047737298802479435
261940,1,0,0.22667183327500953,0.09649044843874582,0.045138580473426344
261942,2,0,0.19061432040529944,0.13075691497128752,0.039307208021911476
261978,0,0,0.22854693050707586,0.26274959774464984,0.050229595504568535
261986,2,0,0.15247696219715465,0.15148696182190893,0.03793425460871488
261987,1,0,0.22951130641675255,0.06868591867956227,0.03654359335363746
262008,3,0,0.3760289923902533,0.17035006879841086,0.04596664687161928
262041,2,0,0.05532464576955252,0.08645906049920012,0.044064117889810656
262057,2,0,0.1533802884939294,0.1830817162876094,0.03979579693051722
262058,1,0,0.19695178515950099,0.07941513192929132,0.03654359335363746
262071,2,0,0.14745557679212584,0.09962788577355344,0.043239762574341006
262088,2,0,0.13287432512132408,0.16075667508973526,0.039225685339645454
262089,2,1,0.21472352035977885,0.1654180613289626,0.03680661143378336
262092,2,0,0.05037451895556212,0.05773445262873176,0.039107986745542264
262100,3,0,0.8232648081257712,0.7035341251799245,0.1424230512404067
262103,1,0,0.13517127221234468,0.07894613265372324,0.03654359335363746
262142,2,0,0.13219255691037027,0.12863068599519592,0.04883118523478495
262168,0,0,0.23955651225900387,0.11130967614258223,0.043131446758103056
262169,0,0,0.30449842650543923,0.09510280644536069,0.042772479234137746
262170,2,0,0.20287396428969123,0.08359688414610837,0.03793425460871488
262171,1,0,0.8209032611075897,0.3147860305745751,0.0780079922593909
262174,0,0,0.1801492221168371,0.12796996218658468,0.045267486126968695
262175,0,0,0.3305898362527384,0.12345556970774679,0.042772479234137746
262177,1,0,0.4803868266586417,0.12737171628032298,0.045138580473426344
262178,2,0,0.2581412673401003,0.09502838380856657,0.03793425460871488
262227,2,0,0.11553024960190363,0.09787798461048852,0.03680661143378336
262242,2,0,0.3544860729133038,0.10288914673836391,0.039225685339645454
262257,1,0,0.10750613883672636,0.0820891635497372,0.057772283877401805
262290,0,0,0.1703948849807871,0.1528603446168661,0.0453795855103577
262327,1,0,0.40305024298600595,0.06793351939707196,0.036721316141216785
262346,2,0,0.2140810861724841,0.18524249160973105,0.04327762942775736
262362,2,0,0.024234818027722347,0.14871865529976813,0.03793425460871488
262376,3,0,0.41771956644376135,0.23739758935547214,0.05763391582278676
262377,1,0,0.30159308344714786,0.12872431942141468,0.045138580473426344
262459,1,0,0.3036984682399182,0.10521652785410927,0.04762177173003558
262462,1,0,0.10974783262858775,0.03125548541198181,0.036721316141216785
262473,1,0,0.07609868995733976,0.18312632415367042,0.058341580311069355
262475,1,0,0.08037624970214954,0.08682126058805112,0.0462190103162257
262477,2,0,0.2597687709258338,0.16712508829326506,0.039225685339645454
262482,3,0,0.13151995231666766,0.1849207053713733,0.0716958901372971
262492,1,0,0.014201947450598358,0.08553248423070262,0.03654359335363746
262520,1,0,0.4757740758222532,0.07077129283520818,0.041489727350712116
262530,2,0,0.1938597950063425,0.09245467079901185,0.03793425460871488
262534,1,0,0.08298612136808448,0.1326083211049306,0.03660837086997847
262555,1,0,0.30650482858232736,0.10100866630136127,0.058341580311069355
262591,1,0,0.10147532147863485,0.09176517777936302,0.05289363628527345
262624,0,0,0.1463304258604367,0.13919387685719842,0.04940040891194944
262630,1,0,0.40838542851405807,0.11249242853584927,0.045138580473426344
262632,0,0,0.16307110781158546,0.15152169414227815,0.04051001628367428
262635,0,0,0.10169558752080952,0.06055816775539649,0.04051001628367428
262636,0,0,0.09094068853992773,0.1125672905450907,0.04051001628367428
262718,1,0,0.1324956935763371,0.11019896644776486,0.045138580473426344
262722,1,0,0.4555672030047486,0.1248363822637068,0.0462190103162257
262723,1,0,0.41095415424254395,0.15412065874969755,0.041489727350712116
262729,2,0,0.1642096521901525,0.1740748363485218,0.03680661143378336
262737,0,0,0.291598368581886,0.19426947521327712,0.045458359474605074
262740,1,0,0.5302425109667699,0.6282818990121268,0.0790439086755782
262743,0,0,0.2665557987829518,0.1260476991725451,0.045458359474605074
262770,3,0,0.4188573236294506,0.5983982012662401,0.14031161344433218
262787,1,0,0.7787351606289307,0.5818083406986966,0.0790439086755782
262791,0,0,0.10368600249941351,0.238138046800446,0.04753464094252669
262792,1,0,0.8626660760699407,0.5507025443091592,0.0790439086755782
262808,2,0,0.2194742045715459,0.1355461263623841,0.03793425460871488
262820,1,0,0.037861802483825,0.11197832130677554,0.045138580473426344
262823,1,0,0.25760407665500623,0.2702046814095246,0.04168790665041232
262838,3,0,0.30508434418265196,0.061373536512139906,0.035174363396167835
262840,1,0,0.31201798794390206,0.15445229119951023,0.045138580473426344
262847,1,0,0.4280479444502908,0.05886974401602143,0.03654359335363746
262888,1,0,0.13808340282062,0.09823762977567568,0.045138580473426344
262900,1,0,0.20913488989947646,0.09102792769937089,0.03654359335363746
262904,3,0,0.6023679568029474,0.2071267475367379,0.056224230688304115
262931,1,0,0.09934906666772195,0.14196825509404595,0.043701072706580586
262941,2,0,0.07591118517115054,0.13470867142934975,0.03680661143378336
262942,1,0,0.21897355994324785,0.16494423525885335,0.045138580473426344
262946,0,0,0.5079635779485906,0.19554108935946282,0.05149654112980483
262950,3,0,0.7533421732655335,0.8085630974481665,0.1457392623092359
262956,0,0,0.252829577234596,0.10990735631003115,0.03861531372685975
262972,1,0,0.7945338751387556,0.6390453873466184,0.0790439086755782
262973,1,0,0.1702440130887902,0.04493254316812813,0.03654359335363746
262987,1,0,0.6628988162851774,0.49471869947602604,0.0732908158645075
262989,2,0,0.31230587791472353,0.16789054663674804,0.04761226190619499
262991,1,0,0.19983317610810086,0.015160730658433626,0.03654359335363746
262996,1,0,0.15106032267711345,0.0345980452940923,0.03654359335363746
263023,1,0,0.10690970994126564,0.04419431435520743,0.03654359335363746
263027,1,0,0.21128713136329638,0.24371678296027766,0.041489727350712116
263053,0,0,0.19914827542475283,0.18056347858208135,0.040787904309439904
263055,1,0,0.3515552846994099,0.10212560028494887,0.045138580473426344
263111,3,0,0.8403612909102638,0.6861898649803598,0.14685373753868242
263115,1,0,0.09149506122812269,0.06740268636193768,0.045138580473426344
263133,1,0,0.09955234496401513,0.052648449077663244,0.041489727350712116
263146,1,0,0.15709802699770806,0.07042676448497777,0.03654359335363746
263151,1,0,0.21538829710289026,0.1609076183257533,0.05400653719607418
263192,2,0,0.6574143025968826,0.5867008375680334,0.05171434606710744
263195,3,0,0.621717315954764,0.22079392082137583,0.06359318386155222
263203,1,0,0.0880367558522391,0.029433145213388568,0.03654359335363746
263205,1,0,0.2901128182103732,0.12254956614275787,0.0536854468415646
263221,1,0,0.24506337185963964,0.22786989704646538,0.0506233382542699
263233,3,0,0.5086149536288481,0.4135250428446613,0.09474035654102796
263247,1,0,0.632689431244633,0.5793736848811141,0.0572831245447108
263294,1,0,0.04423679786613415,0.13659910924963792,0.045138580473426344
263295,1,0,0.21884102438670608,0.06720619853575227,0.03654359335363746
263297,1,0,0.032119470046397,0.052212600126956055,0.041489727350712116
263336,1,0,0.5796013878745999,0.6632174403828696,0.0572831245447108
263342,1,0,0.08695216390654975,0.05338591750945316,0.03654359335363746
263343,1,0,0.16206938410000385,0.1659513996519166,0.03654359335363746
263346,0,0,0.342863351910431,0.16117633404988807,0.03780017119862066
263348,1,0,0.919425212255807,0.6241830813444231,0.0790439086755782
263368,3,0,0.25060146254494803,0.19184304176111436,0.07588881188435478
263370,0,0,0.12312602288616199,0.08521275051970267,0.04336522917003451
263378,3,0,0.9022942068608675,0.37367621682714264,0.14143033782177464
263392,1,0,0.08536010111486954,0.13756425434280162,0.04735892056685851
263430,2,0,0.46958860073883674,0.18589561145640668,0.04761226190619499
263447,1,0,0.7046877684569449,0.46813266162847406,0.04596944827872752
263448,1,0,0.7732408875560016,0.5848623651849628,0.0790439086755782
263456,1,0,0.24046924267050832,0.08989458498535184,0.045138580473426344
263468,1,0,0.14874421530428242,0.08017424224030259,0.03660837086997847
263524,0,0,0.348960497135618,0.21283758941713327,0.05003042143052174
263534,0,0,0.104342500388827,0.09051598860065925,0.039912961876165526
263566,3,1,0.21900428884992057,0.2307912127484224,0.10291855490359282
263584,1,0,0.13154026350156586,0.10513337980125577,0.053333301135973836
263586,0,0,0.38622332496144063,0.16295062531947369,0.040489808151414564
263611,1,0,0.5385713342123247,0.122771315498937,0.045138580473426344
263614,1,0,0.4447342147407602,0.42309020037945766,0.043701072706580586
263617,0,0,0.11134202966761364,0.11333671109626123,0.03780017119862066
263630,1,0,0.39849852227676924,0.12990532946883465,0.045138580473426344
263647,2,0,0.1215232522886263,0.1343670210192713,0.039307208021911476
263662,0,0,0.5481518484385923,0.22585320936728082,0.06172382679366779
263684,2,0,0.16124696646828515,0.10614931149622878,0.03793425460871488
263740,0,0,0.7722632275924786,0.6313193090927308,0.050075388894834656
263756,3,0,0.5497442364134624,0.11474674833753654,0.03440395018048406
263758,1,0,0.3446868310240283,0.05346162889297045,0.03654359335363746
263806,1,0,0.8147597658246604,0.6482248090028364,0.07396643437346692
263810,3,0,0.1229548244714812,0.12724229208859944,0.0501045619866716
263828,1,0,0.4903053956540001,0.38587903002949053,0.07220339686583643
263845,3,0,0.0996988575168354,0.1066131520815226,0.05694019228164627
263849,2,0,0.11740645642264998,0.0948826147761155,0.03979579693051722
263854,1,0,0.06909791699836806,0.12543045296246771,0.051016511781975526
263875,1,0,0.11962390871360622,0.10338008308387403,0.05400653719607418
263895,2,0,0.6090723043960878,0.20567487243360857,0.043239762574341006
263904,2,0,0.30193137149261917,0.12166415471887274,0.039225685339645454
263921,1,0,0.06947673616411118,0.13199443442400197,0.05400653719607418
263942,1,0,0.1997319694769896,0.045206498714412596,0.03654359335363746
263948,1,0,0.5367183683194148,0.18216050958908492,0.051665630257641856
264008,0,0,0.07333023616571456,0.10471784237429517,0.04553336742124675
264039,0,0,0.36104865964830823,0.15030524734340667,0.03969994002774194
264051,1,1,0.8352301228878469,0.687433719389294,0.0790439086755782
264071,3,0,0.29847817383987757,0.13550268186152695,0.06389226674997371
264088,1,0,0.16427464357924815,0.05698934862187738,0.03654359335363746
264117,2,0,0.14770127058734012,0.1166101548516134,0.03680661143378336
264133,3,0,0.5284171489588281,0.18440986801827985,0.06195296083771328
264156,1,0,0.484916311284099,0.17847754214679984,0.045138580473426344
264194,2,0,0.10462417117081108,0.13867431477496356,0.03680661143378336
264204,1,0,0.15639754462548364,0.05583520231036504,0.03654359335363746
264217,0,0,0.7671932160841461,0.7065867378020522,0.07832280308675038
264219,2,0,0.2933100321669145,0.10455413360396787,0.03680661143378336
264234,1,0,0.053972372726328495,0.08384905475335183,0.03654359335363746
264247,1,0,0.1553342386184845,0.07258295151095412,0.03654359335363746
264254,3,0,0.6784893913835078,0.7907857776682699,0.1596001695865234
264274,0,0,0.23377131684019656,0.23440255768935617,0.05835544038622827
264277,2,0,0.3890571227727539,0.7169839395023077,0.0588805586063968
264316,1,0,0.032955104441844026,0.10107441356709825,0.03654359335363746
264321,0,0,0.47172766881112743,0.20738822077060068,0.051358901567155765
264328,0,0,0.11208748189714601,0.12351959621675895,0.04553336742124675
264338,1,0,0.37047078627049057,0.16269391885931234,0.045138580473426344
264341,1,0,0.06408317910207986,0.10997014578328593,0.045138580473426344
264361,1,0,0.3311791360242104,0.12167323647123514,0.053452256584867484
264367,1,0,0.3845619074990059,0.1768185190355213,0.045138580473426344
264371,3,0,0.45692656526110276,0.08151845541684194,0.031694530747468634
264377,1,0,0.07776607503878033,0.13488387639968383,0.041489727350712116
264387,1,0,0.0910992386530736,0.11972026183957914,0.04735892056685851
264395,2,1,0.7260071699758199,0.7659352666973395,0.0588805586063968
264400,0,0,0.15207174437960927,0.1303687504513991,0.03992228278318054
264407,3,0,0.39707616817432717,0.08468411159128708,0.03153197034992391
264425,2,0,0.24836282381536995,0.12962256994966853,0.03793425460871488
264433,3,0,0.57163957571123,0.19345463703707078,0.06899876508887184
264469,1,0,0.11900274580489013,0.11399399787375969,0.041489727350712116
264471,1,0,0.12093350141591401,0.04272620903602711,0.03654359335363746
264476,1,0,0.22271694403883427,0.040481218890022964,0.03654359335363746
264482,3,0,0.49406673330548806,0.2672690633488364,0.04091576734516822
264485,1,0,0.04611662757221375,0.05043487357846714,0.03654359335363746
264496,3,0,0.6389972225373568,0.20108689403013433,0.04150092383977245
264504,1,0,0.22161107318157108,0.17025247551055184,0.040606377662277836
264507,1,0,0.8731995752084228,0.5710285249159712,0.0790439086755782
264518,1,0,0.31751402747673874,0.16203805548229058,0.045138580473426344
264522,1,0,0.20178787924399583,0.04908324481342104,0.03654359335363746
264523,3,0,0.7004602357750431,0.816068357473187,0.1457392623092359
264526,1,0,0.1697913085321445,0.06341324174289385,0.03654359335363746
264541,1,0,0.5300999788479823,0.10841793781049916,0.04278709843626327
264543,1,0,0.11307249782540099,0.09122565456456228,0.036721316141216785
264552,2,0,0.3319188355200367,0.20717221109152686,0.03680661143378336
264571,0,0,0.23064202777301052,0.1683082791124342,0.040488881123757266
264585,1,0,0.36445064994523224,0.13364795724157105,0.045138580473426344
264598,3,0,0.533484943585769,0.3109280792365314,0.09274810695232333
264648,1,0,0.5642572213774606,0.5047823270054828,0.0572831245447108
264670,3,1,0.8633031335094785,0.599706690893868,0.15234539930212115
264686,0,0,0.5883835993978542,0.6987584786642752,0.07472112279401351
264690,1,0,0.18478502108373945,0.0786945518065149,0.045138580473426344
264698,0,0,0.0995768189639069,0.07244129508370789,0.042772479234137746
264703,3,0,0.8966084066186221,0.2722769925399156,0.06795681480146736
264719,1,0,0.0941018965514449,0.10634202983063937,0.03654359335363746
264732,2,0,0.49412086602375727,0.7791600829855057,0.0588805586063968
264752,0,0,0.745798310550484,0.6009262188216643,0.07535850075769517
264764,0,0,0.7356611025306198,0.6362353041220095,0.07188250290541333
264766,3,0,0.7459704221692285,0.251838168652419,0.11314794780122502
264769,3,0,0.6550761873368713,0.32765692056585527,0.12031577362851041
264780,1,0,0.21840454269847429,0.028445728625994135,0.03654359335363746
264792,1,0,0.34045213403447905,0.22101780066007634,0.041489727350712116
264793,3,0,0.5257556381249073,0.3086926459923549,0.06146956189227737
264794,0,0,0.19466279890134736,0.09467248150536511,0.04336522917003451
264809,1,0,0.3358567122763841,0.07927326783476243,0.03654359335363746
264829,1,0,0.12959182151205062,0.06618555811657893,0.041489727350712116
264838,1,0,0.04441881961030276,0.11446297937999017,0.03660837086997847
264858,0,0,0.42735860502375794,0.1560115655712003,0.04198640535615658
264862,1,0,0.05924694682109052,0.1056510778753868,0.03654359335363746
264870,3,1,0.6746494082147453,0.7685019702715301,0.15586047594504526
264871,2,0,0.13739897030063555,0.1105869582474077,0.03979579693051722
264902,0,1,0.3131857732009729,0.17813261175748088,0.043101229357811285
264904,1,0,0.10546940374468945,0.12638769098305624,0.0591363839221065
264951,2,0,0.22234438904637424,0.10555859914051646,0.041224037052829364
264970,3,0,0.4186528048997656,0.11508205557509918,0.03665236887291081
265002,3,0,0.515102398613207,0.22271195475002192,0.06781670304649516
265005,3,0,0.7092409194659242,0.2791405166124392,0.04040817747160821
265035,1,0,0.2324820305941516,0.1039956239198588,0.040606377662277836
265036,2,0,0.04118622779827331,0.1048591048695529,0.039107986745542264
265052,3,1,0.9398720119336431,0.671532062345252,0.12370897013705036
265056,2,0,0.6666892635830134,0.6042685916067422,0.05786868058135989
265077,2,0,0.2185199379948633,0.17578741171344558,0.03680661143378336
265080,3,0,0.1779044527546862,0.18105206869604462,0.05154185263017889
265089,3,0,0.11703992026313662,0.07202802644392861,0.033620552503612344
265097,3,1,0.7672020991702675,0.42882726683186223,0.06386027533417103
265112,0,0,0.2395866534046895,0.1083802862390424,0.042772479234137746
265114,2,0,0.19844185220956195,0.11934673198814799,0.03979579693051722
265128,3,0,0.932137917713723,0.6352901903025132,0.15149513906843104
265131,0,0,0.17966322879055388,0.07705158820533632,0.042772479234137746
265141,2,0,0.3124874170822894,0.2135528127305825,0.04761226190619499
265151,2,0,0.24652728246254518,0.16380000327715868,0.043239762574341006
265161,1,0,0.5591890976137874,0.5574985685145382,0.0498008771827325
265194,1,0,0.048492166324404846,0.0630162283742069,0.03654359335363746
265199,2,0,0.828151792291347,0.6362983377946455,0.05340375515755404
265213,2,0,0.23597315012188996,0.13699065815021608,0.04761226190619499
265221,3,0,0.13831883709616224,0.29259534637838286,0.05389246363985332
265233,2,0,0.5941488711698243,0.7370203173380819,0.0588805586063968
265241,1,0,0.1912117643215251,0.10375902845110048,0.0462190103162257
265248,1,0,0.047514188422325,0.11537417567133135,0.03654359335363746
265261,1,0,0.11146738451774313,0.07727559890236012,0.03654359335363746
265282,1,0,0.24436326666653874,0.07167332080906268,0.041489727350712116
265300,1,0,0.2086958765157926,0.11388875247012915,0.04762177173003558
265303,1,0,0.22462764040222236,0.06498551650576938,0.045138580473426344
265305,2,0,0.10330369624950837,0.14838707983923208,0.03979579693051722
265310,3,1,0.8344308815084662,0.5830348586006088,0.1434016802687388
265326,1,0,0.03892998387174865,0.09485755454854304,0.041489727350712116
265328,1,0,0.16299952604898618,0.061719141218227094,0.03654359335363746
265349,0,0,0.5859524296976029,0.718620130010284,0.07832280308675038
265365,2,1,0.6657885935640009,0.715744174968957,0.0588805586063968
265370,1,0,0.1364216980847635,0.04136914176231749,0.040606377662277836
265373,1,0,0.07306469667962005,0.10670604281108576,0.051016511781975526
265374,1,0,0.07922653812451248,0.11459177681807813,0.041489727350712116
265383,1,0,0.4027317183315272,0.3780795970415048,0.0416662699544284
265391,3,0,0.6168078533698845,0.14014150750884075,0.06199960486208201
265409,1,1,0.17996951557119029,0.2681190713832742,0.060900497067004095
265419,1,0,0.0770288683071522,0.08077505843745447,0.04420824718515211
265424,0,0,0.2785239691947786,0.1821686272461446,0.04460764711609256
265426,1,0,0.3966698020918005,0.06428847957528806,0.045138580473426344
265428,1,0,0.1544485900632729,0.07622774992892763,0.03654359335363746
265442,1,0,0.14622988126665487,0.05737824878333762,0.045138580473426344
265444,1,0,0.2231583152535083,0.0674143453112325,0.036721316141216785
265454,1,0,0.2326177425107326,0.2689115979530351,0.060900497067004095
265461,1,0,0.09427481925210286,0.0555853905549297,0.03654359335363746
265462,1,0,0.13434364525636003,0.12319597602159513,0.041489727350712116
265513,1,1,0.11225433115293859,0.11249163064110065,0.03654359335363746
265526,3,0,0.5959372509217823,0.3571511021914502,0.057125848021276945
265530,1,0,0.17887308283419617,0.07005344490116747,0.03654359335363746
265551,2,0,0.45642171220596783,0.7496487547150695,0.0588805586063968
265555,1,0,0.12428688512877724,0.15313539853662536,0.041489727350712116
265573,1,0,0.738172714925118,0.6148842530436228,0.0498008771827325
265586,1,0,0.7066520640933407,0.4888129665652176,0.0572831245447108
265587,0,0,0.10324258636911883,0.0683008254576151,0.04051001628367428
265592,1,0,0.02906073027510479,0.057009049569647426,0.03654359335363746
265608,1,0,0.2558628737986847,0.062008153659417115,0.036721316141216785
265615,1,0,0.04455922890163767,0.10729151693524358,0.03654359335363746
265645,1,0,0.04391512429576659,0.06434226292846149,0.03654359335363746
265702,1,0,0.3621835921021326,0.08535260026217198,0.03654359335363746
265707,1,0,0.3224612416185117,0.12238271302864363,0.045138580473426344
265718,1,0,0.3540147691826344,0.09954112195025544,0.045138580473426344
265742,0,0,0.0845130773768788,0.08259199460416297,0.045267486126968695
265747,0,0,0.15643747129534208,0.11624362701991908,0.03579088590500353
265748,0,0,0.09073762814781498,0.06480559033837792,0.04051001628367428
265750,1,0,0.048458761466712914,0.11047994108351787,0.041489727350712116
265772,3,0,0.19491638566750524,0.229883031958109,0.06243141549065816
265774,1,0,0.07366071549727524,0.14510349319839405,0.04995317162854139
265779,0,0,0.2921249473952986,0.171839770507501,0.053262665713215925
265797,3,0,0.3388896815708147,0.16045446643155856,0.03541143580157516
265807,1,0,0.127097763430109,0.03333020219330271,0.041489727350712116
265816,1,0,0.8546513087514,0.6583515082353935,0.06385930171838845
265817,0,0,0.11918481306443056,0.1547624387662075,0.05514195719588541
265822,3,0,0.7335829992836463,0.7119084686660616,0.12934617640554869
265828,1,0,0.5914543842159153,0.13814657221917964,0.0367863966621417
265831,2,0,0.3215428883178823,0.11910059513347653,0.03680661143378336
265832,1,0,0.22318462015061882,0.1572727296563837,0.051016511781975526
265853,1,0,0.7361725635920077,0.6314310678857074,0.0790439086755782
265882,2,0,0.35689808207773205,0.14057334863102666,0.043239762574341006
265910,2,0,0.388504489529592,0.09085938299741925,0.041224037052829364
265915,1,1,0.9045922634368988,0.6949126639588623,0.08105812253669475
265917,1,0,0.6095483154851131,0.4322946429214967,0.043701072706580586
265921,0,0,0.47246213078898536,0.1865980902911696,0.04107751169898964
265934,2,0,0.09823804033592122,0.08782909182950699,0.03895652060433919
265953,2,0,0.17661108804183545,0.09968514743949367,0.041224037052829364
265957,3,0,0.8354594646360455,0.788802137885163,0.15645285215117233
265967,1,0,0.37153304061793957,0.08306796809608588,0.03654359335363746
265969,2,0,0.4985364401297767,0.15219808580532754,0.043239762574341006
265975,1,0,0.2604988145437974,0.09642131531141626,0.045138580473426344
265983,1,0,0.1904273571343417,0.16218168443260306,0.0586887917069828
265999,1,0,0.20863802138317944,0.08439165585214094,0.0462190103162257
266010,1,0,0.12123302696714469,0.09986983778507627,0.03654359335363746
266015,1,0,0.44605733982851836,0.08501682096567392,0.045138580473426344
266020,1,0,0.07382445937002075,0.14084904800798945,0.041489727350712116
266040,2,0,0.10588083622936885,0.13314394439830915,0.039307208021911476
266043,0,0,0.4126732459519773,0.16372156635227886,0.03890106100826425
266045,1,0,0.16704132437011743,0.09367232813369648,0.03654359335363746
266057,1,0,0.12458093164157015,0.10065092313331486,0.05149621395102403
266066,1,0,0.042844585497587566,0.06292371068770002,0.041489727350712116
266069,0,0,0.07513338121812288,0.17567712548389824,0.043131446758103056
266073,3,0,0.6489359532065078,0.7437520739266019,0.14404974189929637
266076,1,0,0.11870159368726864,0.043654148615299385,0.03654359335363746
266084,0,0,0.6789432141901441,0.6775567489820382,0.07472112279401351
266132,1,0,0.13359668118503862,0.08612499963647519,0.03654359335363746
266133,2,0,0.17411283848654352,0.20918332800167672,0.04050823995367436
266136,1,0,0.8066962286380802,0.5537024084617567,0.0790439086755782
266140,0,0,0.1607078430467706,0.08974825170350394,0.04553336742124675
266153,1,0,0.07076915620915433,0.10368324177531832,0.05400653719607418
266158,2,0,0.22183504769918852,0.17892085155401985,0.04761226190619499
266160,0,0,0.3110443310898247,0.10384756228611862,0.03861531372685975
266166,0,0,0.22430491388578053,0.09922568353166078,0.042772479234137746
266168,2,0,0.30079780679789897,0.17432766439460137,0.039107986745542264
266184,1,0,0.08886736041295734,0.08229364613431697,0.06578065933042877
266187,2,0,0.6638842007129648,0.7280448389094692,0.0588805586063968
266191,3,0,0.22812593091407407,0.1858172731159118,0.03658939039135323
266195,1,0,0.685645423988621,0.5246815981204083,0.07843589644846584
266224,3,0,0.46226046943374516,0.1530286010538088,0.041025529888282765
266229,1,0,0.10728969446813529,0.1452134656851682,0.03654359335363746
266252,2,0,0.6611843940249055,0.7190200882831536,0.0588805586063968
266276,3,0,0.8191176861771455,0.5435126033647668,0.08313427830441587
266283,1,0,0.356623293464738,0.1013825197084465,0.045138580473426344
266285,1,0,0.3725146970886463,0.057418059105284885,0.03654359335363746
266294,1,1,0.7109519106240392,0.5909014452768682,0.0498008771827325
266318,3,0,0.65579977408665,0.4395304589253831,0.059677887138774366
266341,3,0,0.2909867415263424,0.16792951991950328,0.04945129951685607
266361,3,0,0.07987322016358046,0.07881569345287279,0.03343357442451925
266375,1,0,0.05607597300619596,0.11943354194263317,0.045138580473426344
266384,1,0,0.8222368937822664,0.6669267879175752,0.0498008771827325
266396,2,0,0.3750458917512131,0.13197179295546496,0.043239762574341006
266404,1,0,0.2987881853037844,0.22939857686461157,0.053452256584867484
266431,3,0,0.09257209460535872,0.14996197846964285,0.07687372173406437
266438,0,0,0.11082181503241256,0.08620803198267421,0.04211162695550778
266472,1,0,0.12447017266069896,0.046912086191325544,0.03654359335363746
266486,3,0,0.8075516593371611,0.7300429573420562,0.14703738330523186
266488,0,0,0.624690667171996,0.533088658473706,0.07472112279401351
266493,1,0,0.1270671628274306,0.1293685044360765,0.041489727350712116
266499,1,0,0.22697418066432248,0.30145795325170394,0.043701072706580586
266509,1,0,0.14408160703966302,0.15883422166788436,0.041489727350712116
266510,1,0,0.6784262771021734,0.5094052008288782,0.0790439086755782
266544,1,0,0.15227545660109237,0.06893474399799997,0.04378138947711741
266556,2,0,0.15018335415019463,0.14527514468315733,0.03793425460871488
266563,1,0,0.7724423584258246,0.6494663161238963,0.0790439086755782
266565,0,0,0.2395623683863665,0.17128718044129532,0.045779545930920554
266567,2,0,0.3281228146156442,0.18554953588466855,0.04761226190619499
266590,1,0,0.11492817353354018,0.09851408859040779,0.04278709843626327
266600,1,0,0.03587311870349354,0.05832500349280401,0.036721316141216785
266602,1,0,0.4689431264389264,0.15043115285195532,0.05430418072875823
266634,2,0,0.26256575848812974,0.18139290572555922,0.04761226190619499
266641,2,0,0.0236082007496427,0.09323444537828514,0.03895652060433919
266648,0,0,0.09336033340733257,0.08750307655897391,0.045267486126968695
266670,1,0,0.01945423633468654,0.11206634954319503,0.04691585217692644
266679,1,0,0.05107633541167867,0.13107816710793022,0.045138580473426344
266689,2,0,0.11554919697263745,0.12277935979008679,0.039307208021911476
266691,3,1,0.49975816554196517,0.6001370137172443,0.13401119243118037
266695,3,0,0.717562744751918,0.24916518067865057,0.06457579650529476
266731,1,0,0.06842412018104528,0.09590474660659302,0.041489727350712116
266755,2,0,0.4374621500221757,0.1822989589782178,0.04761226190619499
266756,0,0,0.29202967195783663,0.23690718080484005,0.04211162695550778
266764,1,0,0.26521225205748844,0.07636281709019023,0.03654359335363746
266797,1,0,0.28644065657519424,0.2508571903616521,0.060900497067004095
266811,2,0,0.6730863405847543,0.8015287837846468,0.0588805586063968
266813,0,0,0.12035542607059556,0.07412095405187742,0.04051001628367428
266833,1,0,0.5602887269015796,0.4133551602944206,0.0790439086755782
266839,1,0,0.8590487361519282,0.6889134027481751,0.0790439086755782
266843,1,0,0.2743402287249146,0.21622284703411995,0.03654359335363746
266861,2,0,0.24506905623991584,0.18859968394224638,0.04327762942775736
266867,2,0,0.12456947911028976,0.12456059473345721,0.04050823995367436
266874,2,0,0.1488397646299414,0.12187573832257653,0.03680661143378336
266896,1,0,0.2976613525119342,0.06464772326501969,0.03654359335363746
266919,1,0,0.32207748835089556,0.10348277924934138,0.045138580473426344
266933,3,0,0.11092762448542444,0.08886070327804273,0.02918678261849626
266943,0,0,0.19047810041871588,0.18404664127852388,0.04759229762057528
266966,3,0,0.36134833948937173,0.17505922704938937,0.042578934780093315
266976,3,0,0.803033497484711,0.31069337794256807,0.10828546404035838
267004,1,0,0.05956331617609727,0.07750184071648297,0.053452256584867484
267035,1,0,0.8524755693685275,0.701303278012182,0.0790439086755782
267087,1,0,0.33567162091699143,0.06822834260165961,0.045138580473426344
267088,1,0,0.03671746621962373,0.16688347859625544,0.060569014443723486
267135,1,0,0.08915970351085216,0.12938759205345896,0.060900497067004095
267143,2,0,0.09992017979695261,0.163430075305664,0.039307208021911476
267161,1,0,0.054711657465993845,0.1381113972727353,0.045138580473426344
267188,1,0,0.12957379712829645,0.09030474367800373,0.03654359335363746
267206,1,0,0.3276732400533233,0.19881109443755945,0.045138580473426344
267238,3,0,0.24295244111155465,0.17735289357738993,0.05406582769315402
267277,1,0,0.026584042666007113,0.10325395065906774,0.03654359335363746
267292,1,0,0.12062054782558947,0.09300602106643986,0.0586887917069828
267336,0,0,0.17593076356057158,0.19333507897377575,0.040787904309439904
267339,1,0,0.1348156586501463,0.08271626884953508,0.03654359335363746
267343,1,0,0.32696877682890774,0.16424674795474534,0.03660837086997847
267345,1,0,0.03148757743010554,0.11009235058304503,0.03654359335363746
267381,2,0,0.2405560087303865,0.12606465096357636,0.039107986745542264
267415,3,0,0.5440200108782075,0.17071611164965642,0.04507636543868175
267422,0,0,0.23070520997393587,0.09208409195946515,0.03421372594711029
267435,1,0,0.11458720220447283,0.14578442450308923,0.051665630257641856
267441,1,0,0.0796292011918941,0.12041150218017803,0.036721316141216785
267442,2,0,0.16465301804156182,0.24107295724598654,0.039107986745542264
267450,0,0,0.26382045287811257,0.08409642476891271,0.043131446758103056
267462,1,0,0.21533446580044704,0.07219657072582361,0.03654359335363746
267472,2,0,0.29641157550681413,0.17582955381902618,0.041224037052829364
267482,1,0,0.12431637651788398,0.1616829533857705,0.053452256584867484
267512,1,0,0.06043821862007402,0.13459957978080153,0.03654359335363746
267540,1,0,0.08315459974792558,0.07432186613331486,0.05149621395102403
267549,3,0,0.11252770043731454,0.060748072045141106,0.03758047003977501
267562,0,0,0.06991554861031798,0.18777282392923456,0.04077645560779726
267569,1,0,0.04631215394544021,0.09537759416421217,0.03654359335363746
267577,1,0,0.08867848278726548,0.09290323008823193,0.045138580473426344
267579,2,0,0.3712704688226141,0.19449376930165307,0.03680661143378336
267582,2,0,0.24186423784942368,0.17974538305704985,0.03680661143378336
267593,2,0,0.4261530303360496,0.20270033306770138,0.04985320311786903
267608,0,0,0.11609460588243879,0.12704388091454402,0.04366825624270881
267631,1,0,0.10003809938698704,0.05007074894563951,0.036721316141216785
267638,1,0,0.057657783759852366,0.06774862926859758,0.03654359335363746
267639,1,0,0.04690921458732275,0.06295101763676442,0.053159020008777216
267642,1,0,0.04717762633306098,0.11645516380633651,0.045138580473426344
267651,2,0,0.2191367370756867,0.12745754650441035,0.043239762574341006
267654,1,0,0.2303311855482372,0.13359731826703178,0.03654359335363746
267657,1,0,0.28108233937781785,0.10329634101875888,0.05400653719607418
267661,1,0,0.23269127341497695,0.04880818101450232,0.03654359335363746
267663,1,0,0.15587326502964532,0.2671418742209104,0.04955193009066487
267679,0,0,0.08306481737172722,0.32112930279574764,0.05549030060523825
267690,3,0,0.7724710845068636,0.7330185113749156,0.15264185180377685
267706,2,0,0.28554064357612546,0.1449505537382675,0.03680661143378336
267726,1,0,0.08286897440351428,0.07029959796246686,0.0462190103162257
267730,1,0,0.39225145705535835,0.2358025582975329,0.045138580473426344
267750,1,0,0.7139814339478244,0.5806333574870062,0.0790439086755782
267752,2,0,0.21819928001376532,0.09759959631045606,0.03979579693051722
267760,1,0,0.28588175475650063,0.11956830790411443,0.03654359335363746
267789,1,0,0.2550323779562887,0.06507266830362686,0.036721316141216785
267794,3,0,0.6471506389079377,0.323863862350978,0.0989842596191062
267816,1,0,0.32118587286611655,0.03978348298848209,0.03654359335363746
267841,1,0,0.11624194223381303,0.0696058751448321,0.03654359335363746
267864,3,0,0.1334501359831799,0.14651220449777227,0.048028951169648344
267865,3,0,0.33217597347318983,0.130373932145702,0.051719815796870586
267891,1,0,0.4987234377560912,0.11008936368194053,0.051016511781975526
267920,1,0,0.7397670029446154,0.22259453833475062,0.0506233382542699
267927,3,1,0.09273351650319078,0.18393907588066097,0.07568560410514014
267953,3,0,0.6221940029608282,0.24162165174961048,0.04040817747160821
267960,1,0,0.12451791482379239,0.12375774839344766,0.0536854468415646
268014,3,0,0.8255215478907074,0.7490513434263971,0.15104814157734917
268020,0,0,0.7380999392400268,0.699958829037548,0.07535850075769517
268024,2,0,0.19470322275372615,0.17658782586007263,0.04761226190619499
268026,1,0,0.8458997881467407,0.5654436609850094,0.0790439086755782
268029,0,0,0.09077055732632364,0.09548072738651468,0.04051001628367428
268043,0,0,0.2133229198766493,0.07957593171086047,0.03890106100826425
268047,2,0,0.26853592072759597,0.1709331090341991,0.04761226190619499
268057,3,0,0.9090935636536813,0.6205760611840856,0.14606089115453993
268061,1,0,0.4275024000234104,0.04851466263465268,0.03654359335363746
268062,1,0,0.21667882275322767,0.054562088304627956,0.04278709843626327
268064,1,0,0.07590109230930621,0.040698602647582155,0.03654359335363746
268078,2,0,0.1926044661290277,0.09970674617667287,0.039107986745542264
268096,1,0,0.22942394072759367,0.11378038913817289,0.045138580473426344
268116,1,0,0.10400881943564888,0.13495913417496744,0.045138580473426344
268127,2,0,0.11978486570197357,0.13371530320744943,0.041224037052829364
268128,2,0,0.6858442897358709,0.771187403679397,0.0588805586063968
268134,1,0,0.28411809041534714,0.12569378579308513,0.045138580473426344
268145,3,0,0.36089393531151576,0.31114628595651256,0.038010293959456924
268164,1,0,0.25907581677248254,0.1086105455353483,0.045138580473426344
268166,0,0,0.7582333868349526,0.6715546418983266,0.07832280308675038
268167,1,0,0.08091011947305861,0.06952653054601582,0.03654359335363746
268184,1,0,0.20732734315321968,0.148807066930195,0.045138580473426344
268190,1,0,0.19258007390010515,0.1242026111164842,0.053452256584867484
268193,1,0,0.17063647854540062,0.12815694524270063,0.045138580473426344
268204,2,0,0.7145791787091859,0.6415063926695539,0.0588805586063968
268207,1,0,0.12984910436947744,0.0634415874507399,0.051016511781975526
268219,2,0,0.18488132425773035,0.1404634911010001,0.04327762942775736
268236,1,0,0.2834799042267382,0.09812995418333205,0.041489727350712116
268241,1,0,0.2493267346979279,0.07558257194627846,0.03654359335363746
268242,1,0,0.26263767944547683,0.06667366299103474,0.03654359335363746
268250,3,0,0.14474761010033907,0.20468357494169492,0.08702453436540254
268275,1,0,0.45158897244602064,0.08545221704893709,0.045138580473426344
268291,1,0,0.5208494314247647,0.11559058628210613,0.03654359335363746
268303,1,0,0.11291617830987231,0.143409057235077,0.04735892056685851
268304,2,0,0.4905066759622812,0.6684348001882567,0.0588805586063968
268316,1,0,0.10819662072842484,0.12551074517734565,0.045138580473426344
268340,2,0,0.09185939922204434,0.13346289033513986,0.03979579693051722
268351,1,0,0.30114835695714,0.1875866515696866,0.045138580473426344
268399,2,0,0.3121680764705925,0.09743518592626066,0.04761226190619499
268400,3,0,0.4459480482447366,0.29303585987421377,0.08628837654963126
268409,2,0,0.1297890705977916,0.10998395285692374,0.03979579693051722
268410,1,0,0.14031085104341226,0.05177542777969973,0.03654359335363746
268413,1,0,0.154667885290389,0.15847750236404184,0.060900497067004095
268420,3,0,0.6264138571530381,0.21585772718714216,0.05410136031558368
268467,3,0,0.7952901219145725,0.2752152329566806,0.07323611468696523
268506,2,0,0.15753334081368597,0.10354413482064594,0.03979579693051722
268532,1,0,0.1699655420941057,0.1894318919651323,0.045138580473426344
268538,1,0,0.16163148270762293,0.1950641984858873,0.060900497067004095
268547,0,0,0.28188785655708676,0.13651604100672834,0.03969994002774194
268551,1,0,0.22025067381607566,0.17290543368977587,0.05430418072875823
268563,2,0,0.637952463216879,0.7888109980329855,0.0588805586063968
268570,2,0,0.25528489613779487,0.18534155241261435,0.03680661143378336
268571,3,0,0.705893445521347,0.704587907230064,0.1457392623092359
268573,1,0,0.31960782834554535,0.1389701645748625,0.045138580473426344
268583,2,0,0.3614688385286425,0.18153288024613293,0.043239762574341006
268586,2,0,0.237022699422975,0.2155533140409767,0.04327762942775736
268587,1,0,0.14817409124447783,0.2042738996495704,0.0586887917069828
268589,1,0,0.4131351150957942,0.15621673146168605,0.055987794412428626
268591,3,1,0.981725232206215,0.7988542513321154,0.1526200870288886
268592,0,0,0.24581484462049807,0.24510085169742488,0.05720352024939196
268603,1,0,0.2532450554585618,0.09017321991223735,0.03654359335363746
268621,3,0,0.38286496896549516,0.26250045652914233,0.06535930421827621
268622,2,0,0.23905009238690014,0.10560661393734894,0.039107986745542264
268642,1,0,0.5802870254315988,0.09236665548103459,0.045138580473426344
268643,2,0,0.17391935733485603,0.15194082251053873,0.043239762574341006
268646,1,0,0.12039778876735217,0.15423467976025285,0.0560522975467529
268652,1,0,0.06920824998529747,0.05379424717526999,0.03654359335363746
268664,1,1,0.711779808176799,0.6821794000843543,0.07396643437346692
268674,3,0,0.7731180740207771,0.38498367589749244,0.08259928843718115
268676,2,0,0.13612063594396837,0.14894144652753982,0.043239762574341006
268697,3,0,0.7987793428365578,0.5537337084980554,0.12183015540257978
268711,1,0,0.18184249420717002,0.09485086434237157,0.03654359335363746
268731,2,0,0.19105904683046657,0.18954089741936347,0.03793425460871488
268734,2,0,0.6646873037043424,0.6225934433049131,0.05171434606710744
268764,1,0,0.8886337535676015,0.6763203265205664,0.0790439086755782
268765,1,0,0.2714302670645328,0.12956014474515654,0.053452256584867484
268771,1,0,0.10618487149972795,0.08622975072824052,0.03654359335363746
268784,1,0,0.09605344855978579,0.07094153325783811,0.03654359335363746
268795,2,0,0.24155570716249503,0.14739215354554258,0.03979579693051722
268796,1,0,0.3159551663596219,0.18142132680337514,0.0586887917069828
268798,1,0,0.07050076594803023,0.057378241572383075,0.03654359335363746
268800,1,0,0.5122663861755472,0.1060562701932545,0.045138580473426344
268805,1,0,0.17614034585619698,0.2478408053014487,0.05149621395102403
268813,0,0,0.3264146416730296,0.19551234556796906,0.04107751169898964
268828,1,0,0.7586431935963939,0.5328777355090388,0.0780079922593909
268847,1,0,0.16570328433000522,0.02953211701085672,0.03654359335363746
268852,2,0,0.3975015787326126,0.16395653417815048,0.04761226190619499
268862,1,0,0.23853645865536677,0.22731960098289608,0.04371093922829079
268864,1,0,0.09340369805468055,0.062344800744468624,0.058265730710250443
268869,3,0,0.279972880478406,0.23130252326055661,0.048352978149487046
268882,1,0,0.06452074801319217,0.06771594595604478,0.03660837086997847
268888,0,0,0.07167514082490657,0.17065005648967332,0.04051001628367428
268897,1,0,0.8687568585023501,0.7507943687847688,0.0790439086755782
268905,1,0,0.07758046116162942,0.08757417660754557,0.04995317162854139
268926,1,0,0.18727964803429012,0.20391048924504487,0.045138580473426344
268928,1,0,0.23306807610833274,0.06933914817815084,0.03654359335363746
268943,1,0,0.08481225381107327,0.1219748238007777,0.041489727350712116
268961,0,0,0.2911623323858316,0.1492128456039622,0.04798336410037973
268966,1,0,0.20203898566650022,0.017741986458981493,0.03654359335363746
268977,1,0,0.4779873469464732,0.15898470033386036,0.045138580473426344
268987,3,0,0.09054509149891915,0.15635893770076403,0.07088174381338878
268993,3,0,0.16009269677832688,0.12118752356306368,0.07885832021332993
269003,1,0,0.778700583494145,0.506864611763359,0.0498008771827325
269019,0,0,0.11449481205630012,0.0875143570039739,0.04051001628367428
269048,3,0,0.5850287800425764,0.2704862487970388,0.047707425971559574
269075,2,0,0.2612615285439884,0.13442014264413527,0.03680661143378336
269107,1,0,0.3568666001324035,0.13853366289520141,0.05430418072875823
269120,0,0,0.20138971813522977,0.05987409775788581,0.04051001628367428
269130,2,0,0.16430315993553704,0.1063297304520288,0.039107986745542264
269140,3,0,0.23608954192994944,0.3661899321965173,0.07936242717447729
269195,1,0,0.047253973783391356,0.04622841891898483,0.03654359335363746
269204,3,0,0.4026186877012242,0.16348334939236653,0.08591984779948762
269221,1,0,0.2555145194561781,0.12811913844225178,0.0506233382542699
269223,3,0,0.7232984513074822,0.7976702982127896,0.15586047594504526
269224,2,0,0.7013249498947546,0.6748987763233248,0.0588805586063968
269246,2,0,0.3048724945919307,0.24538250720791846,0.045079879229967756
269259,1,0,0.22165848772877944,0.0870630268524395,0.045138580473426344
269270,3,0,0.07262425925207205,0.0684510683653878,0.029258435748854183
269297,1,0,0.1517486419322537,0.04688234537946099,0.036721316141216785
269300,1,0,0.8911955659782778,0.5462916465759431,0.07843589644846584
269309,1,0,0.2782222133942582,0.10872831281819961,0.041489727350712116
269321,1,0,0.22142666329870844,0.17645309454570385,0.060900497067004095
269323,1,0,0.12618913864046213,0.1868513194029206,0.03654359335363746
269376,2,0,0.794889686444022,0.7566943914277576,0.0588805586063968
269398,0,0,0.07272388678897951,0.21657676181152438,0.048690235945771834
269403,3,0,0.5783411016184945,0.12808999150965567,0.03541143580157516
269406,3,0,0.310952647216496,0.28772867424465726,0.08169636235879545
269415,0,0,0.06436314002792048,0.08441971197705495,0.04051001628367428
269431,3,0,0.08234380759464043,0.0699185870235414,0.029259266978967222
269465,3,0,0.5948631988105747,0.29009266762812014,0.06224526742901642
269471,3,0,0.4416411329873889,0.387019023462575,0.10658585491612238
269482,1,0,0.4947812674905262,0.109582880952909,0.045138580473426344
269484,1,0,0.06106625914608986,0.13680805154204495,0.040606377662277836
269489,0,0,0.2446058678550726,0.1669750573969725,0.04107751169898964
269491,1,0,0.16376448894526405,0.12998707207102214,0.04751540753370948
269510,2,0,0.3508331181361739,0.1390577639460001,0.03979579693051722
269525,2,0,0.042152122869922336,0.10805296829283058,0.039107986745542264
269547,3,0,0.6139632021981848,0.25458564106625275,0.0400722028487126
269563,3,0,0.3830371682193472,0.3959112014371668,0.10326251579416236
269570,2,0,0.30801416322226255,0.1104789682825344,0.03979579693051722
269610,1,0,0.1318203383514837,0.0809530078055419,0.045138580473426344
269618,1,0,0.4573602521274965,0.11953162828611155,0.045138580473426344
269625,2,0,0.1577895705001498,0.10695089861861001,0.03680661143378336
269627,2,0,0.16164171391282103,0.10965792548952912,0.039225685339645454
269651,3,0,0.930627579000327,0.5038773771378562,0.08239154345455807
269654,3,0,0.8583020723609801,0.36502103604310876,0.09852295873251482
269659,3,0,0.624209080642271,0.12106458823864537,0.046075585710095165
269671,0,0,0.2536391935911444,0.13783306515095015,0.03890106100826425
269702,2,0,0.6397213560149935,0.7821485285492804,0.0588805586063968
269706,1,0,0.21057643767822262,0.17290185298671307,0.03660837086997847
269731,1,0,0.11339721429841106,0.059684574031427656,0.041489727350712116
269733,1,0,0.2330737225670877,0.04893733428377423,0.03654359335363746
269750,3,0,0.6331507260111989,0.7505566913065452,0.14893278578309438
269757,2,0,0.6906839272069988,0.764539088447658,0.0588805586063968
269764,2,0,0.3223229698670624,0.15315604734583815,0.03793425460871488
269795,1,0,0.08295277030379762,0.037925516852770666,0.03654359335363746
269802,1,0,0.125172694480209,0.19487707538693852,0.05430418072875823
269819,1,0,0.186736321202706,0.09741895417361532,0.03654359335363746
269827,1,0,0.16983208960013177,0.10311037171720772,0.0462190103162257
269834,1,0,0.37839436945151544,0.12390228867075301,0.045138580473426344
269838,1,0,0.517257529826056,0.05986353243426988,0.04278709843626327
269848,0,0,0.30021088157905296,0.06461288398687805,0.04336522917003451
269877,1,0,0.037925311102523944,0.14316007324244076,0.041489727350712116
269896,1,0,0.41204837811522543,0.11168745625213328,0.041489727350712116
269899,1,0,0.12817742172270577,0.15786209335990442,0.045138580473426344
269909,3,0,0.904124462637551,0.7690624968717443,0.1526200870288886
269917,1,0,0.06459459370190859,0.10965224168975851,0.041489727350712116
269919,0,0,0.2995571255809357,0.12426514042481493,0.045458359474605074
269934,2,0,0.31732212000180476,0.08458987673727039,0.03979579693051722
269938,1,0,0.0593791665689205,0.029130585881960665,0.03654359335363746
269939,3,0,0.7560368384666636,0.22013853309757647,0.06259716280939398
269945,1,0,0.13075778719913558,0.1930305078197529,0.045138580473426344
269947,2,0,0.35752152586393776,0.7055096672422408,0.0588805586063968
269950,2,0,0.07058006055211874,0.08373235980683344,0.039107986745542264
269951,2,0,0.18517828155706165,0.1940611190694316,0.03680661143378336
269957,1,0,0.21483363743364503,0.048750553510984534,0.03654359335363746
269959,1,0,0.5479026577420852,0.12680998450903477,0.045138580473426344
269966,2,0,0.20733314316543264,0.12157212091637261,0.03979579693051722
269971,1,0,0.1003760143621082,0.09769621461844995,0.045138580473426344
269978,2,0,0.17686082588043636,0.10500949248545878,0.03680661143378336
269979,0,0,0.13351178414950618,0.17170282115748708,0.04752363070647624
269986,1,0,0.07055886170361012,0.19503756068143158,0.043701072706580586
269988,1,0,0.04990999865124736,0.09190885520027434,0.045138580473426344
269991,2,0,0.0705273591089966,0.09607184612072642,0.03979579693051722
269994,2,0,0.17009733370591848,0.13548085221657588,0.04761226190619499
269995,2,0,0.12215298908160915,0.0759365779412491,0.03979579693051722
270013,2,0,0.614442005609712,0.7599840325887035,0.0588805586063968
270027,1,0,0.08295781110382226,0.0892336811345909,0.045138580473426344
270044,1,0,0.4128860041965485,0.4399506953791588,0.04955193009066487
270047,1,0,0.6797773658617096,0.12828344197597205,0.04762177173003558
270053,3,0,0.5572472951762579,0.2185410196879543,0.05011135670880572
270054,1,0,0.13555894636041077,0.08299295226210804,0.057772283877401805
270058,1,0,0.8150023123490826,0.7689410649424702,0.08105812253669475
270059,1,0,0.33657190679444127,0.06277414187178021,0.045138580473426344
270067,1,0,0.2404000236194677,0.2572144401931506,0.04735892056685851
270079,3,0,0.4009178985682634,0.07648582854139713,0.029593443234306887
270080,1,0,0.10453274849328506,0.10919411601440529,0.03654359335363746
270096,3,1,0.920618479697951,0.6707270159810623,0.1426943167941885
270112,1,0,0.0901828326983009,0.0816401222540135,0.05253282474628003
270127,2,0,0.09027950067590941,0.11310168975908498,0.03979579693051722
270131,1,0,0.055955610987455516,0.06832532629440576,0.03654359335363746
270151,3,0,0.43865726229749963,0.06603541901626846,0.03388920761247334
270172,1,0,0.20984458276176435,0.2709512741255588,0.045138580473426344
270189,1,0,0.13082408172784118,0.09292493487981818,0.045138580473426344
270203,3,1,0.5211120523598677,0.7033720321793591,0.12116369852646454
270205,1,0,0.4170598046038851,0.19573946514108342,0.0638433557026762
270219,1,0,0.6768114232605772,0.4499991073091825,0.0498008771827325
270235,0,0,0.4938112705465829,0.17665655906134947,0.0394085652058255
270237,3,0,0.5624250568530865,0.19846094986931523,0.056845388624720376
270238,1,0,0.3131945437791836,0.12787896593885248,0.0462190103162257
270255,1,0,0.09813993032217559,0.14590615536584164,0.03654359335363746
270260,1,0,0.35592027272954935,0.1495871027627988,0.0506233382542699
270265,3,0,0.9078080112853797,0.5830072464791154,0.14906026787245683
270271,1,0,0.6502418117134081,0.19768750353743644,0.0506233382542699
270290,2,0,0.06538375368795332,0.13241339384347084,0.03895652060433919
270301,1,0,0.1943485256402583,0.09288492942460941,0.045138580473426344
270303,2,0,0.12222622801792941,0.13494381829096805,0.03680661143378336
270304,1,0,0.09778690324032452,0.07650179190632307,0.03654359335363746
270311,0,0,0.12023195337578989,0.12318517205775842,0.05537205210078483
270321,2,0,0.4636137417890448,0.15013890812020997,0.03680661143378336
270330,2,0,0.03930177208573787,0.15211308030070764,0.03680661143378336
270332,1,0,0.14867259072601882,0.013182568079229533,0.03654359335363746
270341,1,0,0.2938538611781558,0.06372982893574872,0.03654359335363746
270346,1,0,0.1934005369647798,0.15306699433339974,0.041489727350712116
270347,2,0,0.30494348963144596,0.17785616035085186,0.04188348433127233
270356,1,0,0.3212053954857509,0.1684918183739185,0.04278709843626327
270381,1,0,0.14006517627320533,0.14455640512572335,0.03654359335363746
270390,2,0,0.0878344364917415,0.1581980058075868,0.03680661143378336
270395,3,0,0.8710047662015203,0.7918717766893744,0.1457392623092359
270402,1,1,0.0875435057014653,0.15299854197122933,0.05400653719607418
270406,1,0,0.3924893504304387,0.20096772601109922,0.060900497067004095
270416,1,0,0.21325322724300672,0.044718653243851485,0.03654359335363746
270449,2,0,0.3968402849021482,0.22105338394824126,0.04761226190619499
270464,1,0,0.2539412522627066,0.15325263611554954,0.0586887917069828
270465,3,0,0.5583056098042107,0.3171442512893911,0.09881289339485189
270495,2,0,0.41027548744215625,0.1196699594933322,0.03680661143378336
270551,1,0,0.08422662267080898,0.13676469183686218,0.05149621395102403
270571,1,0,0.2062307703215948,0.0689615790083158,0.03654359335363746
270582,0,0,0.2429138186274635,0.09484276304007432,0.04082211866134636
270596,3,0,0.0652327769757438,0.14438467432723082,0.035434062548912924
270601,1,0,0.47817384968077176,0.17844952189715396,0.045138580473426344
270606,1,0,0.2100876709058355,0.03711637324528563,0.03654359335363746
270607,1,0,0.08189101815057281,0.061759961814106354,0.03654359335363746
270614,3,0,0.657254233980431,0.154819774483163,0.05483403989158436
270617,3,0,0.41613570236477865,0.09254427669520451,0.03673978269960664
270624,2,0,0.620946517340079,0.7452022344071776,0.0588805586063968
270626,0,0,0.11186164443222857,0.24083453035116287,0.03552713988176232
270639,0,0,0.3556058066640727,0.11933663263828972,0.045779545930920554
270646,0,0,0.1649028710562411,0.06699181036730238,0.03579088590500353
270649,2,0,0.07629896766415308,0.14855604064115593,0.03680661143378336
270656,1,0,0.2129712320118931,0.06549445605005615,0.03654359335363746
270661,0,0,0.17886949264268998,0.09569728464023818,0.04553336742124675
270689,1,0,0.048236047829062975,0.05944526932937722,0.041489727350712116
270704,2,0,0.17126482302665072,0.13707670432137137,0.03680661143378336
270708,0,0,0.40319201066466986,0.11595722668091733,0.03890106100826425
270712,1,0,0.1795256538975731,0.04932340221396515,0.03654359335363746
270732,1,0,0.32798648018350923,0.14105356714575218,0.04762177173003558
270735,1,0,0.8842062544392458,0.6482336363716145,0.0790439086755782
270743,0,0,0.13091507119820403,0.16594593546986436,0.04460764711609256
270745,1,0,0.5679989548543836,0.49972731023996725,0.0790439086755782
270746,1,0,0.3085250762372865,0.09349747340211036,0.0462190103162257
270753,2,0,0.7645320018388116,0.6080535578206173,0.05596883800974349
270759,1,0,0.11637545247637814,0.13215792797581458,0.0462190103162257
270775,3,0,0.8525860014549447,0.8014940008071434,0.1551493424593486
270781,3,0,0.1981496257150808,0.1365742933777347,0.051751207210055765
270795,1,0,0.13322615525002512,0.042658210914189414,0.03654359335363746
270812,2,0,0.2139656483085351,0.1743389922932085,0.045079879229967756
270814,3,0,0.27800574257952576,0.3179291061589358,0.062294180276843365
270820,1,0,0.060641922329707366,0.03617627324427965,0.03654359335363746
270823,1,0,0.15485244743548215,0.051066150984095025,0.03654359335363746
270829,1,1,0.5324011313934532,0.4107206079863086,0.0572831245447108
270859,2,0,0.08509393511471752,0.10693672923749181,0.03979579693051722
270899,0,0,0.0991362926489494,0.06825025864513493,0.04940040891194944
270902,0,0,0.20983964991123524,0.1494716965531163,0.04611150192918037
270911,3,0,0.5305512541164393,0.2335914409103815,0.0696671857223055
270916,1,0,0.2473507065071629,0.12757752227198194,0.06578065933042877
270926,0,0,0.2177021289554565,0.09097249832677638,0.04398968362446854
270931,2,0,0.07697239531115807,0.13846350944986183,0.03680661143378336
270932,2,0,0.12658281401187277,0.1897192548928751,0.03680661143378336
270937,2,0,0.18092210632947256,0.09318743167280788,0.03793425460871488
270947,1,0,0.09851532452041364,0.11960971018338773,0.04691585217692644
270960,1,0,0.13954691855014276,0.14880124199164366,0.060900497067004095
270981,1,0,0.03403359272808532,0.13523136344469203,0.03654359335363746
270986,2,0,0.24116318113311094,0.12677975990527235,0.03793425460871488
271000,1,0,0.08048220116060685,0.11305429599928042,0.041489727350712116
271010,0,0,0.4051105334492918,0.16409020594904714,0.04336522917003451
271024,1,0,0.3758887851301848,0.17255690227997889,0.041489727350712116
271040,1,0,0.11943817425251693,0.09181026812003663,0.05400653719607418
271060,2,0,0.2864094472126791,0.1373642506265503,0.04761226190619499
271091,1,0,0.16008335080644762,0.07837331495296755,0.045138580473426344
271095,0,0,0.6174819881639615,0.2366142601830516,0.054337846747663045
271099,3,0,0.09388267537144904,0.1571938283913666,0.07721725250471703
271102,1,0,0.283480591497061,0.154821828087195,0.04751540753370948
271108,2,0,0.9557891527714723,0.7361917748943586,0.05596883800974349
271143,0,0,0.7084336500198253,0.5764761042047354,0.047634446039629984
271153,1,0,0.381487936943139,0.052518256833642314,0.03654359335363746
271162,1,0,0.5031367499015487,0.11418804046472145,0.03660837086997847
271171,3,0,0.5075506239741473,0.2238896730163365,0.04020278056995102
271173,1,0,0.24813029427056238,0.03671416496402166,0.04278709843626327
271190,1,0,0.16900474491371756,0.06748417623312136,0.04378138947711741
271191,1,0,0.06385595947651344,0.073982322288176,0.03654359335363746
271197,1,0,0.1471251849633608,0.0333991663519011,0.03654359335363746
271228,0,0,0.15500609313462754,0.09648950581851878,0.03836688355744181
271234,3,0,0.8273373521240773,0.7035962543014911,0.14831115795994246
271256,1,0,0.3136999593051336,0.11088357820799265,0.041489727350712116
271266,1,1,0.7861160788968905,0.6961577936650872,0.0790439086755782
271267,2,0,0.20468527730486363,0.1721469038782235,0.039107986745542264
271274,1,0,0.3272307185005274,0.02478783039163029,0.03654359335363746
271282,2,0,0.36368563366577494,0.09048484862424713,0.03979579693051722
271322,1,0,0.03220325493648846,0.032053976602018946,0.03654359335363746
271341,1,1,0.7441741234550959,0.6146251517906077,0.0790439086755782
271347,0,0,0.42805306779254504,0.20438946228280364,0.04218500603357394
271348,1,0,0.8229637681575132,0.6257618488254706,0.0790439086755782
271362,2,0,0.13628034887441118,0.1713603946987811,0.04761226190619499
271375,1,0,0.06801647643541325,0.14887687191978025,0.045138580473426344
271390,1,0,0.34531195020854727,0.10668250724750943,0.03654359335363746
271400,0,0,0.30865191281402854,0.1978253653450267,0.04398968362446854
271405,1,0,0.8082888175772205,0.24960281321317979,0.05182792464819769
271406,2,0,0.6414601434866771,0.7474315204208913,0.0588805586063968
271443,2,0,0.3115675222986866,0.16125502013140738,0.04761226190619499
271453,0,0,0.32419154896958524,0.2679136403229608,0.04077645560779726
271463,1,0,0.3386279416142091,0.1717041827531549,0.03654359335363746
271470,0,0,0.10621363695935046,0.06709195552385623,0.04026266692872197
271487,2,0,0.2495653802525882,0.15679217452417663,0.03793425460871488
271488,1,0,0.09641352332714433,0.0670799787172778,0.03654359335363746
271500,0,0,0.24288912726986436,0.16977570970945602,0.040787904309439904
271503,1,0,0.10543554815364072,0.1915040779322831,0.05597087901463748
271517,1,0,0.7879057429563442,0.5938404824922272,0.0790439086755782
271547,3,0,0.5067915016729648,0.2226174425168711,0.058366468199032046
271557,1,0,0.15018565669954798,0.0582009701861206,0.03654359335363746
271582,3,0,0.5488618356524636,0.2306167281407131,0.04950655313003038
271589,1,0,0.3639019670160629,0.22777206299352837,0.045138580473426344
271592,1,0,0.09704810123743894,0.04733304542990232,0.03654359335363746
271598,2,0,0.3005687988738712,0.17660082920796966,0.039225685339645454
271614,3,0,0.36008888004118983,0.16720858020418075,0.05368913588503057
271616,0,0,0.49045763325014774,0.23930812788446942,0.046927159085712926
271621,3,0,0.5020929247356265,0.06902825836296439,0.04057529580362021
271628,3,0,0.4181986663700882,0.22087315234692792,0.08860478033419451
271630,1,0,0.08308658382593982,0.05550063443153874,0.03660837086997847
271636,1,0,0.1944984592653233,0.07754283116212507,0.045138580473426344
271651,0,0,0.41122021953791615,0.20355634334234815,0.040488881123757266
271660,1,0,0.3953340678765537,0.0962639777643707,0.045138580473426344
271661,3,0,0.4965464645373256,0.19555294971295276,0.08985876977835278
271670,1,0,0.319900045414774,0.053351115336636834,0.03654359335363746
271687,1,0,0.07612302912754972,0.09619521888694244,0.0586887917069828
271689,3,0,0.500111322147188,0.20072696939593268,0.061358162093962
271692,0,0,0.24297901966458804,0.15958119762404047,0.043013144948999674
271697,3,0,0.49278449744397845,0.26809514160044967,0.07533783163212637
271716,2,1,0.556391545765765,0.7647375276032631,0.0588805586063968
271730,0,0,0.2845149216365339,0.14291750123041033,0.047737298802479435
271732,3,0,0.582471873052541,0.24742582519375036,0.04236040644873733
271735,0,0,0.7344618579735459,0.6746996688992669,0.06823528644117467
271746,1,0,0.1048677584297166,0.018491545744672676,0.036721316141216785
271788,3,0,0.48582310967985703,0.09152405896723875,0.04069634440501321
271801,3,0,0.8632370756880386,0.7203077106248954,0.15184740163198515
271804,0,0,0.4268782116487125,0.15818766134813877,0.04107751169898964
271809,3,0,0.9237882569525138,0.8000995867393879,0.14507862357651724
271812,2,0,0.1564075565846478,0.13603692362219433,0.04761226190619499
271815,1,0,0.5543290838730489,0.07335333265855443,0.03654359335363746
271825,0,0,0.2576721959147664,0.2115542884289468,0.04162385372883917
271846,0,1,0.9448228365376792,0.7151845000761249,0.047634446039629984
271852,1,0,0.06862982458905093,0.10854999875733656,0.0462190103162257
271862,1,0,0.5204616995173458,0.4932125764963804,0.07220339686583643
271867,0,0,0.6799360248689683,0.23516609957632326,0.06209254304402755
271887,3,0,0.13683744311180218,0.09046068249427625,0.042571373233230306
271893,2,1,0.8748026097311603,0.6686698510538446,0.05340375515755404
271906,2,0,0.3473667244402801,0.6639468303585281,0.0588805586063968
271951,3,0,0.25051070534760617,0.07187053105445547,0.04034050598655105
271957,2,0,0.1412750925691803,0.13875769273089586,0.04188348433127233
271971,2,0,0.228262109878981,0.09237695314518415,0.043239762574341006
271986,1,0,0.7991696227431658,0.7043522876929361,0.0790439086755782
271987,1,0,0.14643759688931302,0.08765547977830439,0.03654359335363746
271990,3,0,0.4889181806423048,0.4138839036875426,0.12754007356497393
272001,1,0,0.4010825526649258,0.20400666786031096,0.04762177173003558
272011,2,0,0.5662175788747105,0.665852713731841,0.0588805586063968
272012,3,0,0.23028695515171324,0.280936431876488,0.09780365199674848
272020,2,0,0.27088689267140564,0.11823709697540981,0.044064117889810656
272031,1,1,0.7924131331618487,0.60274142610858,0.0790439086755782
272032,1,0,0.23482654401898154,0.32119074265696396,0.057061037087319924
272036,0,0,0.14797628138911104,0.09833841830816674,0.04051001628367428
272050,2,0,0.42776738936225156,0.1300082019396365,0.043239762574341006
272053,2,0,0.8183193282040873,0.7190851034623507,0.0588805586063968
272064,2,0,0.21006394155857921,0.09064495128247732,0.04327762942775736
272065,2,0,0.07201643240090018,0.047280608107567214,0.03793425460871488
272076,1,0,0.3141306094402319,0.08667367268866537,0.045138580473426344
272077,0,0,0.1923489591188832,0.0827109126617531,0.04051001628367428
272121,1,0,0.2698141601899364,0.11718489055484776,0.0506233382542699
272129,3,0,0.5835982839414499,0.7617113990580132,0.12811397878266914
272138,1,0,0.06707576679647878,0.16287624947410906,0.05272041709239291
272143,2,0,0.4120124216064796,0.4890720181470827,0.05596883800974349
272149,3,0,0.5293030211813848,0.08849915327280318,0.031694530747468634
272166,1,0,0.14005734471585268,0.09727673197413476,0.0536854468415646
272174,0,0,0.631094267075528,0.6825238523171696,0.05227200185427879
272182,1,0,0.11913904674861074,0.1513300597227868,0.045138580473426344
272187,1,0,0.5919694529180877,0.1061767655874533,0.045138580473426344
272226,2,0,0.32580422495047384,0.2395348505918968,0.043239762574341006
272250,2,0,0.2632930960631301,0.11949865687840935,0.039225685339645454
272257,0,0,0.10201079477691045,0.11613137778432776,0.04051001628367428
272297,1,0,0.05494195901230493,0.10642982379384025,0.045138580473426344
272307,1,0,0.19196651657107147,0.10045233266199839,0.03654359335363746
272322,1,0,0.12535217352570377,0.11246823151057636,0.045138580473426344
272336,2,0,0.1969659955911103,0.18124969403053856,0.04801570906124794
272362,0,0,0.35377035962812586,0.12084175524112763,0.04366825624270881
272367,3,1,0.9514826243835207,0.6911239489215827,0.12505532727485427
272391,2,0,0.2102147378392938,0.09929063524163186,0.039107986745542264
272400,1,1,0.6707876781963922,0.48432659524987826,0.07404344038399556
272402,2,0,0.14657780779010351,0.15915358206432986,0.03680661143378336
272412,1,0,0.13314528195425573,0.0973340526073429,0.051016511781975526
272418,1,0,0.48830784049814174,0.16985884567258275,0.045138580473426344
272428,1,0,0.4759041715307402,0.5985665018628799,0.0790439086755782
272432,1,0,0.2680046207346401,0.12256420364474867,0.05430418072875823
272439,3,0,0.30403820527677916,0.05193071094984728,0.027463789657784256
272440,1,0,0.29848159936806,0.12388011107899985,0.03654359335363746
272468,1,0,0.18667673869495197,0.061984539062934024,0.041696921955545474
272505,1,0,0.1006280517558823,0.14150116219850062,0.05272041709239291
272518,1,0,0.8462104853306668,0.7152578248822914,0.0790439086755782
272540,3,0,0.18209594029439277,0.23058629694716776,0.041545506659777895
272549,1,0,0.28072509159915227,0.04827779777660044,0.03654359335363746
272566,2,0,0.15848821867526905,0.0826549033626522,0.03680661143378336
272568,2,0,0.7495194782921777,0.31829856149414104,0.05171434606710744
272581,2,0,0.04711945680589519,0.12469080631238408,0.039107986745542264
272600,1,0,0.26363672863190757,0.09516865015417117,0.054720277446040244
272619,0,0,0.12299099223502079,0.15033924950215505,0.04798336410037973
272629,1,0,0.0640610371380732,0.033245401094676455,0.03654359335363746
272634,2,0,0.18697564206279665,0.13618033455975292,0.03680661143378336
272639,1,0,0.2389953850864439,0.18178327436149128,0.053452256584867484
272646,3,0,0.5733109318931262,0.24709818755397808,0.07635449130620611
272648,1,0,0.6450755573107598,0.36356718182657455,0.05651489518939323
272650,1,0,0.7636361398550561,0.6640382357298188,0.0790439086755782
272659,3,0,0.3778633057075073,0.19682190993179996,0.04040817747160821
272660,0,0,0.13669117391247587,0.11859894647331502,0.048745377164988966
272661,1,0,0.33110175031482264,0.11891180311101232,0.03654359335363746
272672,3,1,0.7124546612113206,0.7212547256969585,0.14231298239720563
272673,1,0,0.11668292874860293,0.1249207400717173,0.03654359335363746
272690,3,0,0.5284781147179373,0.21424787749903132,0.07645182936960249
272691,0,0,0.40757611564142526,0.5242757788602947,0.05132327186464539
272720,0,0,0.2238214759186006,0.23600653888613785,0.04621769439688106
272724,1,0,0.2541489159635139,0.05959008599942862,0.03654359335363746
272733,2,0,0.20769918220605504,0.13173981073615082,0.039307208021911476
272734,2,0,0.6375385683009833,0.5766356491412555,0.05596883800974349
272738,1,0,0.11637051164886127,0.023430023467362008,0.03654359335363746
272759,1,0,0.05879977705258464,0.097256837122332,0.03654359335363746
272760,1,0,0.14892957344821728,0.1387073010378352,0.04751540753370948
272779,1,0,0.09058099291895605,0.09418115691123181,0.041489727350712116
272780,2,0,0.36112573062214853,0.15508510952816024,0.04761226190619499
272783,1,0,0.428155188345509,0.01877822732427422,0.036721316141216785
272790,2,0,0.152897275872694,0.10025931621664486,0.044064117889810656
272871,3,0,0.49900173460158537,0.34837342750855343,0.0812617599136948
272873,1,0,0.16086946895875556,0.16827754104443696,0.045138580473426344
272875,1,0,0.047739981029276436,0.11003156462403124,0.03654359335363746
272883,1,0,0.2882856768881201,0.08210668649236444,0.045138580473426344
272892,2,0,0.42945476152172246,0.18606012708209008,0.04761226190619499
272909,3,1,0.7937161827662278,0.6532918379383308,0.1487682513365004
272915,2,0,0.37707751268458906,0.11926724877328296,0.041224037052829364
272938,0,0,0.20175797013630203,0.15972484761195677,0.05013786819713781
272944,3,0,0.6891508459449688,0.30694744641222504,0.05018343212920882
272967,3,0,0.23832038491738247,0.20083445355234944,0.04210592327944871
272975,2,0,0.11771937294226974,0.10166376320380902,0.044064117889810656
272977,1,0,0.06441626268451683,0.0507314642207716,0.03654359335363746
272987,3,0,0.4877334184957214,0.18802648753088735,0.04188828724899356
273015,3,0,0.9906604013678199,0.42829558800105405,0.11370908476898048
273017,0,0,0.6983624334826158,0.7249341162227019,0.071548513217965
273034,1,0,0.30805742407390974,0.02951385308930222,0.03654359335363746
273063,1,0,0.21325157520996124,0.1618821696288889,0.045138580473426344
273069,1,0,0.27375388367519815,0.12662199067110091,0.053452256584867484
273077,1,0,0.770124775084489,0.7098231238089602,0.0790439086755782
273088,2,0,0.49656800356518244,0.6957941550946843,0.0588805586063968
273090,3,0,0.6937825031734565,0.16582971560015508,0.08235692343307714
273099,3,0,0.3970238317091208,0.31984751505839687,0.03818983674712692
273120,1,0,0.4048930014493608,0.04655369930934252,0.03654359335363746
273142,2,0,0.35931837434788955,0.10616922933306754,0.04785905696083482
273154,1,0,0.2852352057976439,0.09333496613481848,0.03654359335363746
273182,1,0,0.4761282548261657,0.07746404957095983,0.03654359335363746
273194,1,0,0.10262614417397564,0.045659927981926564,0.03654359335363746
273210,2,0,0.0699828956284333,0.15039438657577442,0.04321532214812582
273215,1,0,0.07901046655862545,0.08516826952443766,0.045138580473426344
273244,3,0,0.564651611026069,0.18432470384127,0.03403139902091701
273254,2,0,0.26030624192483826,0.15994156079651373,0.039225685339645454
273256,1,0,0.7386479780722495,0.5869804396964229,0.0790439086755782
273257,1,0,0.24429723769367348,0.11120750851645628,0.045138580473426344
273279,2,0,0.5443278068261249,0.7853629314178106,0.05582860675799179
273297,1,0,0.8343649885157303,0.7663150650056675,0.08105812253669475
273298,1,0,0.6643517214578759,0.5937777000970152,0.0790439086755782
273332,3,1,0.9460063109128317,0.4290220450637682,0.13410158733040903
273355,0,0,0.2261344890603852,0.09864506433919626,0.039019841591742876
273364,1,0,0.6479455885087824,0.7691333221742512,0.08105812253669475
273365,3,0,0.8008158561170243,0.5155088572207177,0.10631767101047312
273366,1,0,0.5400808016891111,0.05322579863738453,0.03654359335363746
273368,1,0,0.34301001028177686,0.03071330955544208,0.03654359335363746
273379,1,0,0.14123129184847488,0.0779275978815213,0.05149621395102403
273389,2,0,0.6562595667609279,0.5880841688920827,0.0588805586063968
273400,3,0,0.6116337661432076,0.14276374488406632,0.06320205846766788
273409,0,0,0.1650456065186841,0.12621484355702067,0.04447170824184995
273412,3,0,0.6444687619929836,0.20515857526771522,0.07780793087667429
273418,2,0,0.8210108550805979,0.36836961587487665,0.05596883800974349
273423,3,0,0.47677703643421304,0.17843363663458334,0.04558456584628515
273425,2,0,0.06908372180923732,0.15165672844198955,0.039107986745542264
273444,1,0,0.04455674986266623,0.03591483827141362,0.03654359335363746
273472,0,0,0.3194177610907754,0.39019914938125566,0.04281612936275909
273488,3,0,0.8197020708969858,0.17840712469400188,0.055418115017454556
273489,3,1,0.4583779913377391,0.13777881541563902,0.06168185879541831
273490,3,0,0.802546792762389,0.7517151804046672,0.1488592233442669
273507,1,0,0.7203445550537753,0.6981588794693685,0.0790439086755782
273518,0,0,0.1358340954717802,0.09428202484313808,0.045267486126968695
273519,3,0,0.2701513272407325,0.09116102608753078,0.03310641252571366
273531,0,0,0.15650437713032275,0.11298233847782777,0.03890106100826425
273576,1,0,0.1256112257188338,0.11908028618473887,0.045138580473426344
273596,1,0,0.46431299414573324,0.16701899156929753,0.0506233382542699
273617,2,0,0.19187186647251506,0.12866773104534082,0.03680661143378336
273618,1,0,0.0700383361282187,0.18058921454467897,0.041489727350712116
273619,2,0,0.20371320013034136,0.17501235682235725,0.03979579693051722
273630,2,0,0.36326947639076285,0.16168622560696602,0.039225685339645454
273643,3,0,0.7638541640997987,0.5953282870346661,0.09239453095450138
273651,1,0,0.35642885809550395,0.188352046994177,0.045138580473426344
273669,3,0,0.29782953664116524,0.12977216272860606,0.07735452456304584
273673,2,0,0.13050170728626828,0.15746769347621986,0.04327762942775736
273684,3,1,0.859472600302716,0.7841912043494531,0.15440669712115762
273711,2,0,0.4078916695174567,0.7473372276409775,0.0588805586063968
273718,3,0,0.48686985123158194,0.22707381316493166,0.06361679124891367
273727,1,0,0.10988255274312576,0.10568081465889997,0.06578065933042877
273738,2,0,0.7855371574214278,0.7956507900387205,0.0588805586063968
273743,1,0,0.15609735003516836,0.07852813851933789,0.03654359335363746
273744,3,0,0.7852078387241068,0.5758824374187027,0.1456720886897012
273748,3,0,0.26924503308216663,0.1164080833504992,0.031694530747468634
273769,3,0,0.6205015707727096,0.1902873661777444,0.03775196759080772
273797,0,0,0.5856202077079101,0.2710281567982765,0.041390103977371924
273806,3,0,0.48408476432234426,0.21295178018372268,0.06806257695503266
273808,1,0,0.12129829429316367,0.06398969822753274,0.041489727350712116
273810,0,0,0.12806115231028967,0.17357157787946725,0.049623124957682646
273811,2,0,0.5668456116072293,0.7172692803979044,0.0588805586063968
273819,2,0,0.48768096653284343,0.16224929142119396,0.04761226190619499
273846,0,0,0.32625604023205174,0.18945962144614306,0.0471306569122175
273892,2,0,0.26131692118580696,0.15300015521294497,0.04761226190619499
273931,2,0,0.2054337937975302,0.13470444239338256,0.039225685339645454
273951,1,0,0.256166424297431,0.10849215116355201,0.045138580473426344
274037,1,0,0.08908480363528871,0.06346926501697463,0.0462190103162257
274044,1,0,0.14637964321825714,0.03695795581207125,0.04278709843626327
274051,2,0,0.5665221208550626,0.1973852032212242,0.044064117889810656
274090,2,0,0.09019091932723054,0.20172641209282774,0.04761226190619499
274093,0,0,0.33259339896443935,0.24766443116414397,0.047737298802479435
274094,1,0,0.11497115130495351,0.1496021099637722,0.05149621395102403
274110,0,0,0.13061027005600928,0.1305102940657215,0.03579088590500353
274169,1,0,0.0742812350484955,0.04023183600414969,0.03654359335363746
274187,0,0,0.17535789324206028,0.2228197906555185,0.04051001628367428
274233,0,0,0.150070190645256,0.09243988764680978,0.03992228278318054
274243,2,0,0.11187501998511684,0.12661699494375045,0.04050823995367436
274266,2,0,0.10000109081628164,0.14492358085986407,0.03680661143378336
274267,2,0,0.2318095647485521,0.186541769619844,0.039225685339645454
274279,2,0,0.4378076217176759,0.127380484193828,0.039307208021911476
274289,1,0,0.6206749228207796,0.13008660085893844,0.04762177173003558
274295,1,0,0.10637665113509502,0.031197142601105475,0.03654359335363746
274301,1,0,0.22861799699810934,0.07380208493898427,0.03654359335363746
274350,1,0,0.13703072775487996,0.12944057224562433,0.041489727350712116
274359,1,0,0.6549261470386336,0.502737361593595,0.0572831245447108
274397,1,0,0.23825777217148583,0.08376245166483066,0.045138580473426344
274425,1,0,0.03018756511812104,0.0796436100693865,0.03654359335363746
274444,1,0,0.7282245110747523,0.47588241839308226,0.05955778581642158
274462,2,0,0.6127818003824184,0.674981198129188,0.0588805586063968
274487,2,0,0.17666282032596067,0.18014529310109523,0.04327762942775736
274492,0,0,0.1380030131277653,0.1678011943901912,0.04579907598057319
274496,1,0,0.1637254751410795,0.04181804563294315,0.03654359335363746
274513,1,0,0.36964313432951157,0.06665487957037441,0.045138580473426344
274527,2,0,0.23880586481246743,0.15948109044855993,0.03793425460871488
274528,2,0,0.24617804322166043,0.12067856897094992,0.03979579693051722
274535,1,0,0.22768221068073186,0.06732000375734278,0.03654359335363746
274543,2,0,0.4776460246941722,0.7126934573389448,0.05786868058135989
274548,1,0,0.29988346966399454,0.03729511162030325,0.03654359335363746
274551,1,0,0.05508904948696551,0.037202445576078665,0.03654359335363746
274564,0,0,0.13194862992059467,0.05722100811991253,0.04553336742124675
274595,2,0,0.31525437683269486,0.1469129313701191,0.039307208021911476
274614,3,0,0.382725571491672,0.14132566585849676,0.0455086919171142
274634,3,0,0.48002521082080396,0.11950096728937519,0.031694530747468634
274643,1,0,0.7290159058871934,0.4829338011710179,0.05352224253229474
274644,3,0,0.43422934686171916,0.2270424174667015,0.07434746795976989
274658,1,0,0.22817890106297606,0.1103866032287927,0.060900497067004095
274660,1,0,0.07833105139660139,0.15209681588992552,0.041489727350712116
274661,2,1,0.7412347374739084,0.7797241457367515,0.0588805586063968
274666,1,0,0.5385750627539949,0.6480065833176977,0.0790439086755782
274667,3,0,0.9698797926228699,0.8040834177361798,0.15586047594504526
274672,2,0,0.2567326245657878,0.11961567615523414,0.039107986745542264
274679,1,0,0.4468573945391805,0.07942139838228746,0.03654359335363746
274683,0,0,0.16798321779089292,0.09190558092989058,0.03579928007437441
274685,0,0,0.16599209273273402,0.13294692672867547,0.04051001628367428
274689,1,0,0.06078686138664829,0.08654569836015348,0.05149621395102403
274705,2,0,0.2898902182344881,0.18839841275939354,0.03680661143378336
274708,3,0,0.17013473469226845,0.06972253714449848,0.04731137321320009
274715,1,0,0.20110697936237043,0.06370066483337228,0.03654359335363746
274722,2,0,0.1355510815423369,0.10360779566452998,0.041224037052829364
274740,3,0,0.3277547849315566,0.1401161551557142,0.06219483144572064
274787,2,0,0.12266510648796158,0.12169625939515517,0.03979579693051722
274794,1,0,0.11564041841075161,0.05594790654467732,0.03654359335363746
274803,2,0,0.07835499142113957,0.11583236640118194,0.03979579693051722
274807,1,0,0.02468279706913763,0.08774546682865951,0.06578065933042877
274812,1,0,0.036332821495572036,0.09107946190449451,0.045138580473426344
274817,1,0,0.30531435732212964,0.18218384499880863,0.045138580473426344
274826,3,0,0.38196365827220663,0.053332235720786624,0.03538299369659854
274833,1,0,0.26660973906901986,0.16242460515330837,0.060900497067004095
274848,0,0,0.13517618819560157,0.22602747209688448,0.0380849045842644
274849,0,0,0.43301921615136846,0.14867696217718845,0.04507442099489848
274852,3,0,0.5573297802214433,0.2661851995946861,0.06522084724768014
274861,1,0,0.19887404583424395,0.08464440458547028,0.04420824718515211
274886,1,0,0.432893278497065,0.0964786699602142,0.041489727350712116
274904,1,0,0.04928415685644537,0.09446733449231845,0.05149621395102403
274916,3,0,0.22092549421285138,0.08575949316626437,0.031246332957261886
274924,1,0,0.5436192407579145,0.04759323331001977,0.03654359335363746
274941,3,0,0.5421752570850107,0.1459882834307068,0.06812429603225446
274944,1,0,0.19964534847706336,0.11247681996881051,0.053452256584867484
274949,0,0,0.3379157661070552,0.1580726633974113,0.03890106100826425
274952,1,0,0.7218891917200723,0.7240289358163345,0.06385930171838845
274963,1,1,0.23075566513725704,0.05339095163279302,0.03654359335363746
274967,0,0,0.1424286092520983,0.1094070932767242,0.039912961876165526
275008,3,0,0.6527156045556907,0.36948009445187924,0.08173865161560745
275013,2,0,0.3950184159838771,0.16150548077207003,0.044064117889810656
275020,0,0,0.6139640972738384,0.5294167203719388,0.07472112279401351
275021,1,0,0.37780178307425993,0.07859710306457186,0.045138580473426344
275045,3,0,0.5484460360131004,0.08999653883339638,0.053610968449781485
275052,1,0,0.3012989671002651,0.144196129458647,0.05149621395102403
275067,3,0,0.3656739551762103,0.1914561607830628,0.05286919999529793
275068,1,0,0.16486903561435734,0.18921937287680554,0.03654359335363746
275077,2,0,0.19195901633623483,0.11699816772597497,0.03979579693051722
275090,1,0,0.5505990579551941,0.07950635513012388,0.03654359335363746
275113,1,0,0.3592719146676212,0.02913600544432195,0.03654359335363746
275121,0,0,0.08502524203370544,0.09897699081857965,0.03890106100826425
275146,1,0,0.4307170210342157,0.4412457268939607,0.05774229035374609
275162,1,0,0.6043144011598779,0.5725437592545726,0.0790439086755782
275164,0,0,0.6604751297657736,0.725266709857111,0.07693963941897637
275172,1,0,0.31723229431441236,0.0682128505916565,0.03654359335363746
275210,1,0,0.7251447070867989,0.5500797265912568,0.07404344038399556
275216,1,0,0.04721734054502472,0.06062631816735257,0.041489727350712116
275217,0,0,0.8259218415516862,0.5319812336342286,0.0699314596161306
275218,3,0,0.24206558167311204,0.12456769285434778,0.07341547732559688
275225,2,0,0.23018735284401826,0.1277843030735915,0.043239762574341006
275237,1,0,0.06321759114613514,0.12936142111456228,0.045138580473426344
275257,2,0,0.027266918915548527,0.16688519887821385,0.043043782468172975
275279,1,0,0.7392474093544337,0.6471708359910902,0.0790439086755782
275280,1,0,0.8071492667207228,0.460942500516627,0.0790439086755782
275282,0,0,0.14311705249756404,0.09859737393365445,0.043131446758103056
275283,1,0,0.043542603895384974,0.0979911032830138,0.03654359335363746
275290,0,0,0.23202613592103877,0.27264528161767726,0.04759229762057528
275302,3,0,0.4521745680140045,0.29603612659338485,0.040601238172651
275337,2,0,0.41210726845877754,0.18833777025562745,0.039107986745542264
275338,1,0,0.3115489566015344,0.09602435078991482,0.04762177173003558
275348,1,0,0.12226231999720037,0.10278453327624357,0.041489727350712116
275386,1,0,0.09643724567918348,0.11364656084440228,0.06578065933042877
275398,1,0,0.6824073072118058,0.6782693554783066,0.07792073518949832
275403,3,0,0.545465055087278,0.05883410996476196,0.031694530747468634
275410,3,0,0.8685084936486386,0.738840230757382,0.1274869766484102
275419,1,0,0.11215805384734898,0.1272921607331519,0.045138580473426344
275430,1,0,0.7669648690855808,0.6587163413897932,0.0790439086755782
275437,1,0,0.04433253705607236,0.06049082434890612,0.03654359335363746
275443,0,0,0.10333688496371812,0.120356847153143,0.0398682577997725
275475,1,0,0.16823978892571237,0.0954659106028583,0.045138580473426344
275476,1,0,0.21627960667157525,0.08419402116959271,0.03654359335363746
275480,2,1,0.6950908761677277,0.6782592948146972,0.0588805586063968
275482,1,0,0.14689556725923542,0.11601934060376207,0.03654359335363746
275494,3,0,0.3769929183815717,0.19024051908112516,0.06020547571875302
275496,0,0,0.11991873334345468,0.18225561238171925,0.04051001628367428
275529,2,0,0.06969227329060293,0.09369786105378747,0.03793425460871488
275534,2,0,0.09305807995510429,0.117498344478187,0.03979579693051722
275535,3,0,0.7341772729822652,0.8223591373905618,0.1457392623092359
275564,1,0,0.2516716034168926,0.10886307062091166,0.0462190103162257
275580,1,0,0.4089059976459615,0.09096211960290093,0.03654359335363746
275585,3,0,0.39214645021855343,0.07129530295726046,0.031694530747468634
275590,1,0,0.2444993317950368,0.23202943841020507,0.046552731277610504
275592,2,0,0.13460264581591017,0.12314836383623318,0.03979579693051722
275596,3,0,0.8751971054417906,0.6754521281350617,0.12265222749427188
275601,1,0,0.05557042709792549,0.17519966962319677,0.03654359335363746
275611,0,0,0.7873895023212313,0.6772336968884711,0.07535850075769517
275624,2,0,0.702877952633292,0.565458472447769,0.05340375515755404
275640,1,0,0.7584362832245028,0.6631682501016778,0.0790439086755782
275649,2,0,0.14817938047460238,0.0957644198486223,0.03680661143378336
275651,0,0,0.2574745028557478,0.14752808211471038,0.04363580871474369
275680,2,0,0.13534313986007568,0.09163761571821424,0.03895652060433919
275689,2,0,0.3283293903491627,0.11562853896570091,0.03680661143378336
275702,1,0,0.09337458812672858,0.15220416638744363,0.045138580473426344
275740,2,0,0.21685649298122767,0.17347949619315084,0.03680661143378336
275755,0,0,0.1599501906451224,0.12449245265224185,0.04107751169898964
275769,1,0,0.40173708721512136,0.10329464744224971,0.045138580473426344
275781,1,0,0.1419424810716776,0.03491641054266451,0.03654359335363746
275790,1,0,0.45765053271198214,0.26416603192111254,0.045138580473426344
275794,1,0,0.2598246873258154,0.0670393836849964,0.03654359335363746
275800,3,0,0.12983165945118952,0.19325217835541939,0.03760256005918013
275822,1,0,0.14496246397422646,0.06339284973868962,0.03654359335363746
275823,1,0,0.32803261057030314,0.18365257198469576,0.060900497067004095
275862,0,0,0.13425399147408246,0.23462297035882204,0.05185807263980941
275865,1,0,0.1344032724954028,0.10086620301279352,0.040606377662277836
275870,3,0,0.3359020760032866,0.15781390240204574,0.05076076690696536
275878,2,0,0.31141466730611117,0.12115767525857404,0.03979579693051722
275882,1,0,0.08183875838676359,0.0421813540870834,0.03654359335363746
275896,0,0,0.058516920329191945,0.10309439766642033,0.045267486126968695
275897,1,0,0.27105927401386726,0.08610337903085152,0.03654359335363746
275899,1,0,0.38301601521696804,0.04835622565973893,0.03654359335363746
275908,3,0,0.7544039085271471,0.7320266897202956,0.15156012138158348
275916,3,0,0.16950985216256564,0.2752744768587304,0.08061263922673487
275917,1,0,0.5370375226679349,0.4685937528980553,0.0572831245447108
275924,2,0,0.26183680914347796,0.11718322882961207,0.03979579693051722
275928,0,0,0.10799614663173121,0.09803803699719939,0.047782419330315115
275933,1,0,0.19596673812128965,0.049309107639437515,0.04278709843626327
275965,0,0,0.3332243135682204,0.09884485517716816,0.04097960668303892
275966,1,0,0.03480038782690053,0.13095247551611405,0.03654359335363746
275976,2,0,0.260779463678197,0.19613475694462043,0.043239762574341006
275977,2,1,0.47294763273304746,0.6904966494892619,0.0588805586063968
275980,2,0,0.25184608013938375,0.13409258842144414,0.04761226190619499
275982,2,0,0.5842666230646176,0.6239127451917116,0.0588805586063968
275984,1,0,0.29030302432495086,0.06523025312970267,0.041489727350712116
275999,0,0,0.13337225558112262,0.08281642990869352,0.042772479234137746
276019,3,0,0.20874943437748694,0.16098727856742517,0.04647136933812017
276022,3,0,0.3572603390249047,0.27687769556556147,0.05503883552471571
276033,2,0,0.17220813291332634,0.10124293243539632,0.04327762942775736
276053,1,0,0.15538080086707287,0.0757254066886847,0.045138580473426344
276066,2,1,0.3387538845708506,0.17016529276243683,0.04761226190619499
276077,1,0,0.24685590991113163,0.08641464219714697,0.041489727350712116
276096,3,0,0.4526333438510128,0.11255243062079293,0.04964976128734866
276104,3,0,0.7262443553743316,0.4224229243206484,0.04523845193701751
276113,1,0,0.44998626426738036,0.11713544850920882,0.045138580473426344
276118,2,0,0.3329481864508901,0.18601480458057346,0.044064117889810656
276122,2,0,0.5434779225015801,0.10236459370788488,0.039225685339645454
276123,2,0,0.25925986928317724,0.08693559864170083,0.039225685339645454
276130,1,0,0.13636638115777241,0.1410042250737228,0.0586887917069828
276138,2,0,0.4268419770402995,0.41452982385321674,0.03680661143378336
276142,0,0,0.32817120823072954,0.10948523697080438,0.040787904309439904
276143,2,0,0.26897682965106245,0.17041973508400393,0.041224037052829364
276159,1,0,0.12209376759235938,0.1478422421162591,0.045138580473426344
276160,3,0,0.42711826428157584,0.1203890721670224,0.031694530747468634
276163,2,0,0.19212634465162592,0.1581627215381088,0.03979579693051722
276166,2,0,0.2984858231925547,0.15255465491971665,0.03680661143378336
276169,1,0,0.4953300273010355,0.04921654572762077,0.03654359335363746
276191,1,0,0.38828996721268183,0.07442985259929963,0.03654359335363746
276212,1,0,0.027144755363309823,0.046885942776193075,0.036721316141216785
276221,2,0,0.2603145854487496,0.14412564031187422,0.043239762574341006
276226,2,0,0.7019178623697022,0.5395523928530169,0.05596883800974349
276238,2,0,0.12430579954127617,0.18788898719636332,0.045079879229967756
276240,2,0,0.3491423950375609,0.7784749230024046,0.0588805586063968
276252,1,0,0.6977678666906185,0.5100479708232547,0.0790439086755782
276259,3,0,0.7536426529495394,0.25135193158983216,0.04950655313003038
276297,0,0,0.1546457488760159,0.07218172355586797,0.042772479234137746
276305,1,0,0.7176444508719828,0.6378196297234056,0.04650700230382281
276308,2,0,0.17938916178507397,0.14028271004509196,0.04327762942775736
276310,3,0,0.5318420149797317,0.2160444075435137,0.030823909383765776
276330,1,0,0.37396834783122657,0.04196967116563823,0.04278709843626327
276332,3,0,0.6245411539002708,0.23292825536305195,0.05721531035510726
276338,3,0,0.8151863714029777,0.45215567060555933,0.07838061502325253
276341,1,0,0.10686848699825689,0.09318960792454135,0.03654359335363746
276362,1,0,0.34079269585302757,0.16116584646697082,0.045138580473426344
276373,3,0,0.28565233511391247,0.21078993441239655,0.04141975908502222
276382,2,0,0.10426772317084249,0.1633063568071483,0.041224037052829364
276402,2,0,0.6660062821850855,0.7540683466362949,0.0588805586063968
276433,1,0,0.15661901220196195,0.10783978936547235,0.0536854468415646
276434,2,0,0.6612651620269123,0.739682818853432,0.05596883800974349
276437,3,0,0.36320182769337483,0.23302960838030232,0.10326325444760719
276448,2,0,0.22209305588851375,0.2208587093025357,0.03680661143378336
276462,2,0,0.18583297744761423,0.2097453356505879,0.03680661143378336
276465,0,0,0.3884605912831083,0.15861441607005625,0.040787904309439904
276494,3,0,0.4828911858957233,0.1531731821524391,0.05928358088683316
276506,1,0,0.04637362385899649,0.045095508316514224,0.03654359335363746
276525,3,0,0.8978276633768062,0.391331266212849,0.13973675912468292
276549,1,0,0.10120087075883887,0.14384715857463576,0.03654359335363746
276552,0,0,0.12160324074454539,0.09705682331698912,0.04051001628367428
276555,0,0,0.7320643129202876,0.6588853635604984,0.07588006853286773
276564,3,0,0.7906775126136146,0.18293822352728906,0.06818444018256811
276575,3,0,0.6031630249234452,0.16494191998016625,0.05051361482399077
276579,1,0,0.7682403454326859,0.6685092433704385,0.0790439086755782
276582,3,0,0.7974565376139527,0.709657409652129,0.13805425622191372
276588,1,0,0.410738686003394,0.11351547182014711,0.045138580473426344
276589,1,0,0.11520091451229604,0.12416298895275482,0.06578065933042877
276594,1,0,0.21245356096119788,0.09883627124799667,0.03654359335363746
276596,0,0,0.15468456224051982,0.2540018650863864,0.03992228278318054
276611,1,0,0.7129898158392208,0.5740617869740934,0.0790439086755782
276633,1,0,0.43607665185034333,0.0935849403739824,0.045138580473426344
276640,0,0,0.2849761720534985,0.1265493633856089,0.045458359474605074
276645,1,0,0.1962885705104269,0.058221008990799655,0.04278709843626327
276671,3,0,0.8730939312938371,0.770889053728284,0.15234539930212115
276706,0,0,0.2293233516048351,0.13140211406968283,0.04447170824184995
276722,1,0,0.2827556330850011,0.050176156235957885,0.03654359335363746
276734,1,0,0.2558961961373501,0.04136037705585688,0.03654359335363746
276766,1,0,0.13318168260739116,0.07746682412813594,0.045138580473426344
276817,2,0,0.1924689558886823,0.1404280292797278,0.03979579693051722
276819,1,0,0.27554814172121334,0.07204257941868526,0.041489727350712116
276823,1,0,0.14745273102631537,0.08576626400488278,0.041489727350712116
276838,2,0,0.22894745300072855,0.09291743453695805,0.039107986745542264
276841,1,0,0.208893013356393,0.1985664492151079,0.045138580473426344
276849,0,0,0.09595294770404511,0.0896372115908784,0.03632861176040458
276861,3,1,0.6645970323339988,0.7230997803940078,0.1437891937438682
276867,1,0,0.33216324481079607,0.04790910157153367,0.03654359335363746
276883,1,0,0.0913930445852229,0.11897590641178611,0.04278709843626327
276884,3,0,0.11705686057836458,0.45056503899007566,0.11451587021796432
276892,3,0,0.7380512912638248,0.6696123570272856,0.14342235293292602
276894,2,0,0.09196651235775109,0.08636110389545747,0.039225685339645454
276900,0,0,0.07773013458786446,0.1559911024296594,0.042772479234137746
276902,1,0,0.12594947294084258,0.07553731823097289,0.03654359335363746
276913,1,0,0.8425065684307111,0.633228129059271,0.07586192079889884
276934,1,0,0.7390187171262863,0.1651320657019435,0.045138580473426344
276936,1,0,0.05665164234946125,0.12150696043726304,0.051665630257641856
276946,2,0,0.4686122666125204,0.43012078322019326,0.04401103510171641
276957,0,0,0.3303497525095863,0.3211711107460971,0.06756788627993976
276970,3,0,0.759186653736975,0.6654542787169077,0.13943608251996759
276973,1,0,0.3236038292400745,0.07845315264177563,0.053452256584867484
276980,3,0,0.4448240310735169,0.17759538888024065,0.07318366018863189
277012,2,0,0.4885165925542715,0.5226890596143267,0.05786868058135989
277013,1,0,0.12722486269931982,0.06176581510857297,0.05400653719607418
277023,2,0,0.32454930963552425,0.09596772735078149,0.03979579693051722
277024,2,0,0.5556428375500136,0.588793166015404,0.05340375515755404
277051,1,0,0.09276915601030225,0.028025303178208776,0.03654359335363746
277056,3,0,0.03974947403356241,0.05570429488602107,0.03775844046483083
277087,0,0,0.12140764350283122,0.13838199532853174,0.041340515838398886
277091,1,0,0.16135997760352824,0.05882157592607643,0.03654359335363746
277121,0,0,0.2849493445770818,0.15387209764430534,0.03861531372685975
277133,1,0,0.128181861459347,0.09508053118528995,0.045138580473426344
277148,2,0,0.09807841182028991,0.1318281174939285,0.03680661143378336
277153,0,0,0.09162525570944605,0.15726897638232093,0.03861531372685975
277159,1,0,0.1182198537195047,0.09036384578327937,0.060900497067004095
277160,1,0,0.5389122573374204,0.22957366683133554,0.045138580473426344
277164,0,0,0.24512589523602013,0.23974397409894274,0.04748111637158799
277177,3,0,0.3447250468870267,0.2726028423010779,0.0353448345664355
277178,1,0,0.6923448419985033,0.5967532431045687,0.07897091022620364
277181,0,1,0.6128323920126455,0.614152509385088,0.07832280308675038
277189,0,0,0.30577795631058496,0.16270473208808903,0.04988674661300209
277191,1,0,0.2895285259814982,0.24984068354748729,0.045138580473426344
277205,1,0,0.13273435344284262,0.021016332753159585,0.03654359335363746
277213,1,0,0.0691664162542496,0.07854546522237302,0.045138580473426344
277214,1,0,0.26720693436717435,0.12991759365505615,0.03654359335363746
277232,2,0,0.22573188602725255,0.13670266184892352,0.044064117889810656
277237,2,0,0.20193127407104605,0.12215674015140601,0.039225685339645454
277238,1,0,0.5093683541706783,0.12368214958265325,0.051016511781975526
277251,0,0,0.09890115685465796,0.06735825103881815,0.045267486126968695
277252,1,0,0.31005402235455937,0.15626705956144982,0.05430418072875823
277263,0,0,0.12853528941080755,0.11601682109570408,0.042772479234137746
277264,3,0,0.3406211377240642,0.10119785775558159,0.0671996868862822
277266,0,0,0.0944859200936153,0.1037058833146654,0.042772479234137746
277273,1,0,0.8435541541187505,0.6942884235350205,0.0790439086755782
277274,1,0,0.22529560782724184,0.12261235576054128,0.045138580473426344
277279,3,0,0.3382046187723811,0.29673601818505946,0.09205439246297038
277291,1,0,0.36437589151673966,0.09373685344845295,0.045138580473426344
277292,1,0,0.7495559354183232,0.5981158459512617,0.0790439086755782
277304,3,0,0.9115847660014094,0.5479985013558156,0.14661886448537556
277313,1,0,0.7648424848223506,0.4486613365077548,0.0479880706762283
277339,1,0,0.04611830599219091,0.06163504767575911,0.03654359335363746
277341,1,0,0.7318285398738806,0.43650545979587446,0.05357919570313374
277343,1,0,2.5658653159040134e-10,0.1439068280299571,0.05149621395102403
277361,0,0,0.2111604034885465,0.1861887805776511,0.04147702615593323
277393,1,0,0.06531471557423428,0.05809126264274413,0.03654359335363746
277401,0,0,0.19804997148915274,0.12658894612131089,0.03890106100826425
277411,1,0,0.9097263737674205,0.5733933219811249,0.056450207592323574
277447,3,0,0.45263187275679284,0.05279444903758665,0.029418258895407324
277454,2,0,0.14755560936386966,0.27923061727001347,0.03680661143378336
277465,1,0,0.7423464660466554,0.6091607088321553,0.0790439086755782
277468,3,0,0.32912100489048274,0.11574967617852344,0.033523611460234984
277470,2,0,0.42899019494371626,0.2423565565744952,0.043239762574341006
277471,3,0,0.6958765000790992,0.30994625531586595,0.07082786602623944
277480,1,0,0.03593249708820947,0.06550075082246276,0.045138580473426344
277497,1,0,0.1993940656781957,0.15658621544405646,0.05149621395102403
277509,1,0,0.06649904793585636,0.12109982735236453,0.060569014443723486
277524,0,0,0.6904012865846323,0.7710809314098913,0.07832280308675038
277529,3,0,0.9048268813897081,0.4673883481802594,0.14248440222247225
277544,2,0,0.07519149014286905,0.13826558737791864,0.03979579693051722
277560,1,0,0.05012740191586931,0.08921244455131645,0.03654359335363746
277568,2,0,0.14886105260765045,0.16643587899130796,0.03979579693051722
277581,1,0,0.31725924863637633,0.09157620204905756,0.05342618988723151
277583,3,0,0.699040935904747,0.7748995379973138,0.1526200870288886
277587,0,0,0.7090898553650701,0.693416640000533,0.07588006853286773
277611,2,0,0.24687929660948707,0.1196372631353273,0.03793425460871488
277635,2,0,0.06568364853076344,0.06728196612800116,0.039107986745542264
277638,1,0,0.09722340621745384,0.10497186267500652,0.05430418072875823
277640,0,0,0.3003443077036026,0.14723013657729503,0.03890106100826425
277647,1,0,0.19882688391858505,0.20581769003133044,0.053452256584867484
277676,1,0,0.3702274018024,0.58368706619443,0.0498008771827325
277691,2,0,0.5144683927466479,0.15933072250358757,0.043239762574341006
277699,1,0,0.36765251799740045,0.09936461890571,0.045138580473426344
277711,0,0,0.721083230958623,0.6636775928630761,0.07832280308675038
277723,3,0,0.35355522076886914,0.07374409537566841,0.03760256005918013
277732,3,0,0.4573342145156588,0.07206094599022154,0.031694530747468634
277744,3,0,0.18121039892846721,0.2196959644241031,0.09751341662963871
277748,1,0,0.717971949076964,0.5914853202842273,0.044542740463710574
277766,2,0,0.31950250416525755,0.6758514177124302,0.0588805586063968
277767,2,0,0.6579253245418916,0.6498042477949152,0.05596883800974349
277776,1,1,0.1726220715260707,0.09270244355197967,0.05430418072875823
277784,0,0,0.2025576987802504,0.1004605426875478,0.03890106100826425
277811,1,0,0.3404141648213004,0.05980235898888729,0.03654359335363746
277819,1,0,0.20057334491902015,0.10120749230468964,0.06578065933042877
277821,1,0,0.08725611851670613,0.029918133257857776,0.03654359335363746
277822,1,0,0.13931077426755437,0.08369991051225696,0.060569014443723486
277824,3,0,0.5364233717975074,0.29694126506556534,0.05746785733322127
277830,0,0,0.6390817637754956,0.618268518084893,0.07832280308675038
277832,0,0,0.20201727503496425,0.10522117863084476,0.045267486126968695
277834,1,0,0.24488604442287432,0.1329760051956302,0.05400653719607418
277837,1,0,2.1215796985492526e-10,0.11206423409956043,0.045138580473426344
277853,0,0,0.03534008459994266,0.09244578715911592,0.043131446758103056
277864,1,0,0.025260552242551092,0.13933109885743397,0.04735892056685851
277888,1,0,0.2600667467487462,0.10385446888194158,0.045138580473426344
277890,2,0,0.24062059685622234,0.25824391720981266,0.039107986745542264
277935,1,0,0.22982441442571502,0.04219589909227116,0.03654359335363746
277994,1,0,0.2990056809831311,0.2174743582786647,0.054720277446040244
278008,1,0,0.18911618199578611,0.14239528096202386,0.045138580473426344
278041,1,0,0.2192125266442662,0.16051501190202763,0.051016511781975526
278046,3,0,0.6794959419279614,0.3195145221952723,0.11799175978595457
278053,3,0,0.26961957415460686,0.18219419886346763,0.055514849836026954
278069,1,0,0.51626221946627,0.11527160207549363,0.0506233382542699
278072,1,0,0.259950747489686,0.1044967695869038,0.049952408474690416
278073,2,0,0.21063951340019507,0.10812183558238042,0.03979579693051722
278075,1,0,0.8177378512080602,0.6334159700660245,0.0790439086755782
278078,3,0,0.5091648573758211,0.7856038686727822,0.1463557468823526
278086,2,0,0.16306113338511088,0.10748824031855468,0.039307208021911476
278088,1,0,0.5789337091356038,0.5892325027078491,0.0790439086755782
278096,1,0,0.2635548125212637,0.10889288833904352,0.036721316141216785
278109,0,0,0.2183319651237341,0.12880438223162982,0.042772479234137746
278135,2,0,0.7769033908670157,0.6604797833977757,0.05786868058135989
278145,2,0,0.08256494760415992,0.1451185359919869,0.043239762574341006
278146,1,0,0.40722833767504224,0.11189025204702775,0.041489727350712116
278150,0,0,0.1632593297902998,0.11579811778205526,0.04483185613045819
278153,1,0,0.2958845440304731,0.05302152790761685,0.041489727350712116
278159,0,0,0.11293989740959584,0.19488456501351475,0.04460764711609256
278169,1,0,0.7104619728379307,0.7083371854871333,0.0790439086755782
278208,1,0,0.21192249860219772,0.10617542912429241,0.0462190103162257
278209,1,0,0.8578672820268606,0.8111306290451953,0.08105812253669475
278218,2,0,0.6597733208895251,0.7867836316584941,0.0588805586063968
278223,2,0,0.3230594947391055,0.13237338319173314,0.041224037052829364
278230,2,0,0.21912637102196098,0.14440298019611567,0.04761226190619499
278243,1,0,0.03773395276522063,0.04584521539216404,0.041489727350712116
278244,1,0,0.06698713752398981,0.06425636006687702,0.041489727350712116
278256,3,0,0.44004187941127126,0.15826320443875852,0.04599909852568235
278257,1,0,0.282703649676136,0.10181690412890304,0.045138580473426344
278261,2,1,0.6452384002852891,0.6542616102030876,0.0588805586063968
278272,1,0,0.40220268463326103,0.32738130580990005,0.060900497067004095
278292,1,0,0.12628806249038393,0.08627691856223425,0.041489727350712116
278302,1,0,0.5990915601505751,0.6751943833718232,0.0790439086755782
278306,2,0,0.24174026914884017,0.19891946086166024,0.04321532214812582
278317,1,0,0.10456681503511876,0.12112602943399424,0.0586887917069828
278328,2,0,0.3321937906126576,0.17864661094336262,0.039225685339645454
278361,0,0,0.6562745131323757,0.5514326850601805,0.0737854377627129
278367,3,0,0.28643524199829284,0.20558160089470248,0.06781670304649516
278372,1,0,0.3021070025883407,0.04181794644710085,0.03654359335363746
278386,3,0,0.458109704372475,0.10437818582945539,0.03740276475118431
278398,2,0,0.14127793897700272,0.14382286082463694,0.03793425460871488
278411,1,0,0.26321922615466326,0.15176627035113538,0.045138580473426344
278413,3,0,0.7675942124990636,0.6921051647933868,0.1398727737553169
278416,1,0,0.07172973182313942,0.050425981553695216,0.041489727350712116
278425,1,0,0.12521717137112603,0.05772166275846127,0.041489727350712116
278427,3,0,0.7809808037680427,0.7065605509201299,0.1456720886897012
278443,1,0,0.11071348407808414,0.1418791093949643,0.041489727350712116
278446,2,0,0.1790009448944125,0.11870875536669531,0.03680661143378336
278447,1,0,0.29097655896328617,0.1979555273356646,0.0506233382542699
278451,1,0,0.3773539401402206,0.12577998614905708,0.045138580473426344
278462,0,0,0.12951774328089702,0.0933915806575062,0.04051001628367428
278477,3,0,0.7495141273957012,0.6933713850854027,0.11943231658014211
278498,2,0,0.13917576497313505,0.17326140938645707,0.045079879229967756
278508,1,0,0.06295350230963638,0.09464255898597164,0.060900497067004095
278513,1,0,0.047015333706734996,0.13399993771186813,0.0462190103162257
278517,0,0,0.10474120829473034,0.08899353269381662,0.04940040891194944
278541,1,0,0.14674402860319008,0.19668894743410373,0.060900497067004095
278546,1,0,0.19076264427523582,0.18020174341520337,0.045138580473426344
278559,1,0,0.05766790167369265,0.15202338610905516,0.05149621395102403
278571,3,0,0.5666808668094759,0.3662072760670609,0.07673461447284606
278580,1,0,0.566717806471742,0.16114357523054923,0.0506233382542699
278590,2,0,0.35230868436236173,0.1835739326301775,0.03979579693051722
278593,2,0,0.1462266944596668,0.1473785513916271,0.04761226190619499
278608,3,0,0.7585573311370257,0.7983314225750577,0.15586047594504526
278611,3,0,0.5170255131133459,0.22504423213565808,0.05815621443553854
278625,1,0,0.061366862646531614,0.10923549229061959,0.053452256584867484
278628,2,0,0.6459249483428032,0.679085771350342,0.0588805586063968
278680,1,0,0.11941811884757848,0.08208508528300124,0.040606377662277836
278681,1,0,0.20173264003214017,0.1467386707462584,0.045138580473426344
278683,0,0,0.1406312975141083,0.14889015872961311,0.04107751169898964
278693,0,0,0.17735529386785753,0.12098154601201153,0.03861531372685975
278725,3,1,0.44128492556768495,0.18311150742881047,0.04671394911595692
278779,0,0,0.11010911102008451,0.12652806356481278,0.03890106100826425
278784,2,0,0.3386453584390169,0.14070210004019745,0.04761226190619499
278787,0,0,0.22280109828151193,0.15745927233305948,0.03890106100826425
278796,1,0,0.13566433410761852,0.07368468088949175,0.03654359335363746
278830,1,0,0.09427110392930008,0.15869879231629044,0.041489727350712116
278840,1,0,0.09750518194963406,0.1272207475279889,0.04751540753370948
278848,1,0,0.1734092773223479,0.015834239958087113,0.03654359335363746
278853,1,0,0.16471679836759703,0.06709639341804663,0.036721316141216785
278857,1,0,0.14756309946025392,0.0775547039725029,0.03654359335363746
278875,2,0,0.24742609941296773,0.15150816803314668,0.044064117889810656
278939,2,0,0.16004481290290845,0.18495491631457558,0.03979579693051722
278948,1,0,0.15702063211334588,0.10860813169350424,0.041489727350712116
278953,1,0,0.12625191924081372,0.07891914005408779,0.041489727350712116
278964,2,0,0.23254516265516267,0.25386474788873575,0.04761226190619499
278971,0,0,0.06631095567254365,0.08373075909388718,0.038127673340780495
278976,1,0,0.8165871078822002,0.6024534634306374,0.06646679460784717
278981,1,0,0.904202743904446,0.6531557624886658,0.0790439086755782
279003,1,0,0.09739107437189787,0.06554519120783917,0.045138580473426344
279020,1,0,0.4355563096066539,0.3961494805173148,0.06579116952767149
279023,3,0,0.30616971457056497,0.07560633814247489,0.03576034870211742
279043,1,0,0.14646406664699424,0.139102281161279,0.0536854468415646
279055,1,0,0.10413185618552785,0.07289973643601029,0.05149621395102403
279094,1,0,0.20439826383798784,0.09865936637318061,0.045138580473426344
279115,3,0,0.6887082385212971,0.2914713855563244,0.04864641698953803
279125,2,0,0.17183024705767325,0.12868260444570662,0.04761226190619499
279129,2,0,0.7104982290665691,0.5654394846658515,0.05340375515755404
279136,1,0,0.10083859393578855,0.11717775919795927,0.053452256584867484
279145,0,0,0.15244344666141263,0.09925168039584328,0.04051001628367428
279147,0,0,0.4966323644885176,0.684327123455626,0.07832280308675038
279152,3,0,0.07288791108751969,0.17403194070352077,0.03735566574631764
279161,1,0,0.06375461443869593,0.20523699391222913,0.06578065933042877
279165,1,0,0.08878246188448818,0.05750531076528154,0.03654359335363746
279169,1,0,0.48166722459365074,0.10609719906212085,0.0462190103162257
279176,1,0,0.7976459915096178,0.5042082854336514,0.0572831245447108
279194,1,0,0.1163632830254245,0.09902078195373899,0.0586887917069828
279195,1,0,0.586233005093574,0.38481088343682046,0.056450207592323574
279202,0,0,0.13581991776193006,0.067639190551068,0.04051001628367428
279230,1,0,0.45538115235652066,0.10256344919954641,0.03654359335363746
279254,2,0,0.0966422893647427,0.14095432126862228,0.04327762942775736
279272,1,0,0.8467146599494809,0.4798670725779262,0.0572831245447108
279273,2,0,0.8431790989262947,0.728464942216758,0.0588805586063968
279274,1,0,0.11096906837449645,0.06071564542027322,0.03654359335363746
279276,3,0,0.5235822682367933,0.11379421907404325,0.031694530747468634
279290,1,0,0.4997092050215006,0.551692387245713,0.0790439086755782
279313,3,1,0.8812652935289329,0.6962132882572581,0.12824631180725649
279317,3,0,0.3563923769768039,0.13922371021346533,0.06355848046009752
279318,0,0,0.1723875141558188,0.1983068268679655,0.042750216279071815
279321,2,0,0.5933735739378772,0.6826130307502406,0.0588805586063968
279331,2,0,0.5618418197122745,0.6352483826095081,0.05171434606710744
279345,3,0,0.7362255849869076,0.6818940589196223,0.1433995045514811
279347,2,0,0.2340792529000456,0.13414084929647901,0.03680661143378336
279372,1,0,0.2908757512342646,0.3478268779474253,0.060900497067004095
279379,0,0,0.25843282849590227,0.18149114782756753,0.03719213467754105
279380,3,0,0.6098036431523006,0.12264860056473849,0.03750159743237368
279393,3,0,0.7960032062522207,0.6452739951425478,0.09261728000841588
279405,2,0,0.5061748629409863,0.6235949440882032,0.04933405919220342
279418,1,0,0.09479054207362732,0.06579585534553732,0.045138580473426344
279432,0,0,0.06853255224195381,0.06969279887894296,0.04051001628367428
279445,3,0,0.646696689366793,0.27686712512991596,0.09519048989022462
279450,1,0,0.059783001207290416,0.12848388044782805,0.057772283877401805
279454,2,0,0.7243693702015856,0.5960688825452517,0.05596883800974349
279458,3,0,0.5761420161149694,0.2675170822998968,0.054084570734306336
279471,1,0,0.18143757454346912,0.03479797377455741,0.03654359335363746
279493,2,0,0.10742616496419477,0.1558139804951047,0.03979579693051722
279495,3,1,0.31682417866421086,0.12529943810113084,0.0323676825539789
279497,1,0,0.09365301734724936,0.07165047440581021,0.0462190103162257
279504,2,0,0.680813125176353,0.7309239378128953,0.05171434606710744
279507,3,0,0.9251552665333798,0.662397174509727,0.14232624507080638
279508,1,0,0.057602063613530256,0.13445529370982112,0.05400653719607418
279512,1,0,0.40519660687376996,0.24367603416146238,0.0586887917069828
279517,2,1,0.846456660766279,0.770853634211953,0.0588805586063968
279522,3,0,0.7433651104084075,0.6397351059576565,0.14802070692263963
279564,0,0,0.27093368604203366,0.19347597220630525,0.05375422877547384
279578,1,0,0.2819384533852448,0.08566170773582885,0.045138580473426344
279579,1,0,0.782216439914808,0.6544631674992426,0.0790439086755782
279582,2,0,0.21659827691216074,0.13917646414955404,0.04327762942775736
279592,0,0,0.12052548477850251,0.05657325121703196,0.048745377164988966
279595,1,0,0.28502006970904586,0.1867526918885489,0.045138580473426344
279603,0,0,0.3822064856094678,0.16409216800908322,0.04214354426958145
279606,2,0,0.7117760070689764,0.7201094037591825,0.05786868058135989
279614,3,0,0.31241126321943197,0.13427408593913645,0.04034426480181923
279643,3,0,0.8998200174836765,0.721276325978594,0.14228311201310512
279651,1,0,0.644734532032451,0.44911822791349826,0.0572831245447108
279655,1,0,0.0874172743240476,0.056606596882015046,0.041489727350712116
279684,1,0,0.10700033926280401,0.15950208421487777,0.05149621395102403
279694,2,0,0.30430218453791397,0.17561532778914948,0.03680661143378336
279701,1,0,0.7744071768722676,0.42672399016610585,0.07897091022620364
279714,3,0,0.3506940192855232,0.21903434721749412,0.10425245595115608
279722,0,0,0.3178635316767451,0.15672944816757609,0.045779545930920554
279761,1,0,0.7200715325847132,0.11681032200519541,0.03654359335363746
279771,2,0,0.29713748136755785,0.14138388988333983,0.04761226190619499
279789,1,0,0.06231082202570055,0.07736867142579551,0.041489727350712116
279804,1,0,0.16800399759320933,0.08267169681704596,0.03654359335363746
279815,1,0,0.11847716545408873,0.06661647338120896,0.053159020008777216
279819,1,0,0.07873222627613827,0.0904523661770857,0.03654359335363746
279820,1,0,0.2786766915844033,0.02679350686588931,0.03654359335363746
279829,1,0,0.2967922549940446,0.15803298190310242,0.060900497067004095
279830,0,0,0.08946715635160435,0.06692603816720587,0.04060146430854454
279837,1,0,0.16216973620509845,0.05380571749874597,0.03654359335363746
279838,1,0,0.04546972449657034,0.11942928719237901,0.041489727350712116
279887,0,0,0.7597410210100747,0.7564588896742742,0.07832280308675038
279909,0,0,0.2978588364257401,0.13852473428725393,0.045458359474605074
279919,2,0,0.06355685570568723,0.10706780283920417,0.043580855346294765
279924,3,0,0.8953654360293661,0.7792647114541014,0.14443659762454567
279929,2,0,0.2242442871913445,0.14065602539688382,0.03680661143378336
279933,1,0,0.3684075678893994,0.11903169789150554,0.04735892056685851
279936,2,0,0.6432787324447753,0.8410983868906505,0.0588805586063968
279940,2,0,0.19533327333275746,0.1247187975395415,0.039107986745542264
279942,1,0,0.1873716524780239,0.23609417449283998,0.060900497067004095
279943,1,0,0.8250532832171491,0.5512332435634381,0.0790439086755782
279946,3,0,0.3330395705190133,0.2931089931404753,0.06376663611295874
279955,1,0,0.1057834669505558,0.03662754449277812,0.03654359335363746
279973,1,0,0.07310362593998229,0.17022524567381112,0.04691585217692644
279994,1,1,0.7993508563740281,0.6999909460941255,0.08105812253669475
279995,1,0,0.6395934913968204,0.5646482942201481,0.07843589644846584
280031,1,0,0.6117566569358404,0.1802271791903736,0.0506233382542699
280033,3,0,0.4445002237255302,0.06550630936791121,0.027468426593387642
280062,1,0,0.14231808250309566,0.20646291939277478,0.0586887917069828
280070,1,0,0.16818412810610817,0.10858769629060977,0.0462190103162257
280105,1,0,0.026811969445892685,0.09573090303279776,0.03654359335363746
280115,1,0,0.22121697299774143,0.17285340959502107,0.045138580473426344
280142,1,0,0.26222304678933195,0.03752977759718204,0.03654359335363746
280149,3,0,0.7584233223825847,0.7353872890161806,0.14916517629436712
280155,1,0,0.0713286685846696,0.11676423630447114,0.053159020008777216
280159,1,0,0.15682132481533803,0.09503752271202448,0.05400653719607418
280171,0,0,0.20532820871344076,0.10746937469672017,0.03890106100826425
280176,1,0,0.6510789646156002,0.5420284503745908,0.06646679460784717
280179,3,0,0.3539646901968589,0.2023778221489749,0.06781670304649516
280187,1,0,0.8719433189915401,0.5815074940011062,0.0498008771827325
280195,3,0,0.12702381727211384,0.3386632257998156,0.09570495862322659
280207,2,0,0.033208577970477424,0.10250989042164414,0.03844866272520273
280227,3,0,0.41967931967549865,0.09012046342143712,0.055077064979279174
280229,1,0,0.2008838288012814,0.19720502134452825,0.053452256584867484
280259,3,0,0.7329567666659383,0.29970673636695494,0.0792837944017957
280269,3,0,0.36339028291553516,0.07791243481549576,0.04546694087621824
280283,1,0,0.36642677223454334,0.24554202149397233,0.049952408474690416
280285,1,0,0.3769943216415262,0.4401510858281417,0.06650041619528362
280286,1,0,0.8220841813614863,0.5522958383386549,0.07843589644846584
280300,2,0,0.25499423174510644,0.16511514711055714,0.041224037052829364
280321,1,0,0.21760529203132326,0.06440297897245427,0.041770438271605204
280326,2,0,0.6502762593287851,0.17933746709400786,0.04761226190619499
280342,1,0,0.7941798752045357,0.6404458194501313,0.0790439086755782
280352,2,0,0.2256795967826347,0.11065614168831679,0.039107986745542264
280359,1,0,0.3406907719100407,0.0896814455648981,0.045138580473426344
280363,1,0,0.4118613820436303,0.08031777972332434,0.03654359335363746
280367,0,0,0.19162612983910987,0.124832138475166,0.03890106100826425
280406,3,0,0.607287575395683,0.3118424406975452,0.08435213176567279
280408,1,1,0.5698168914929983,0.6106206853753546,0.0790439086755782
280412,1,0,0.4010442545767731,0.057576532020465025,0.045138580473426344
280416,1,0,0.24041070540075254,0.04288191131160101,0.03654359335363746
280424,2,0,0.14724917572841195,0.10837117214879266,0.03844866272520273
280466,1,0,0.13400225780898817,0.08496683155076709,0.03660837086997847
280473,2,0,0.6599710357470691,0.5688217313934563,0.0588805586063968
280476,3,0,0.42939005984606926,0.06504704807383169,0.029418258895407324
280482,1,0,0.4441065199955776,0.5420029121892767,0.0790439086755782
280496,1,0,0.3786749106390391,0.14790299423311454,0.045138580473426344
280501,1,0,0.10267136149217013,0.031697936694895505,0.03654359335363746
280502,1,0,0.26195709801751177,0.039803577750261894,0.03654359335363746
280513,1,0,0.07006892946233644,0.06759282232762837,0.03654359335363746
280527,1,0,0.05095836017195331,0.11426648132441086,0.03654359335363746
280528,0,0,0.34531761511911024,0.08852562517794554,0.03890106100826425
280542,3,0,0.44889858431924834,0.13464052467240592,0.05794330199506024
280549,1,0,0.2198634111626469,0.11845799242698513,0.045138580473426344
280553,0,0,0.18435832477317485,0.09264557345179923,0.04051001628367428
280560,2,0,0.6407513926811464,0.4461059792434905,0.0588805586063968
280563,1,0,0.3347952538137935,0.061666647273952095,0.03654359335363746
280573,1,0,0.05503216278432304,0.14825405383394313,0.0586887917069828
280575,2,0,0.11844873393801507,0.16454709153220107,0.03962454379640861
280597,1,0,0.06693483412447772,0.1223086961668722,0.03654359335363746
280606,1,0,0.4579089750201802,0.47980935923529233,0.0498008771827325
280617,2,0,0.14468187080905032,0.11425421243678394,0.039107986745542264
280637,3,0,0.4752989846010335,0.18461323728039772,0.06070312213113158
280638,1,0,0.17575333756287456,0.24993530077207793,0.045138580473426344
280645,1,0,0.2913464583198746,0.07080668542527029,0.041489727350712116
280648,2,0,0.6306410342548767,0.7186292949003242,0.0588805586063968
280665,1,1,0.9312700788254964,0.502275612563387,0.04650700230382281
280671,1,0,0.20253174491501963,0.05358376519095809,0.03654359335363746
280678,2,0,0.04935009628807214,0.1126882989432427,0.04050823995367436
280685,1,0,0.11512768279519493,0.08483493097038229,0.06233357304431559
280717,1,0,0.09737971212443314,0.10655033606609515,0.03654359335363746
280718,1,0,0.3007060571910908,0.05950670655920494,0.03654359335363746
280727,1,0,0.09105905411671399,0.09395859608006532,0.03654359335363746
280731,2,0,0.37536756486682377,0.151829434095035,0.044064117889810656
280751,1,0,0.17990414404799795,0.02860158275256454,0.036721316141216785
280753,1,1,0.762015069607643,0.8077912204332286,0.08105812253669475
280758,1,0,0.3015822555384675,0.10922967964598856,0.045138580473426344
280767,1,0,0.7985494267215858,0.7073944655708191,0.0790439086755782
280787,2,0,0.5850014297721863,0.8064295319854944,0.0588805586063968
280797,3,0,0.8013358040627433,0.7360364783543689,0.1512751529384774
280807,3,0,0.7371568522715548,0.6871738573579141,0.14365000924629137
280829,1,0,0.43621343838743176,0.2524335959167815,0.045138580473426344
280839,0,0,0.23436052635149213,0.21576382832473684,0.046184965186059926
280861,1,0,0.6998788606534906,0.6277310506505109,0.0790439086755782
280863,1,0,0.31893930221357214,0.03677767697445565,0.03654359335363746
280890,2,0,0.2474599202847209,0.10394333612060057,0.03979579693051722
280905,2,0,0.0079970865039388,0.13746064747069972,0.043043782468172975
280908,3,0,0.6706211445446086,0.7623977385564684,0.1488592233442669
280918,1,1,0.3696449960757692,0.24237645492471707,0.05149621395102403
280921,1,0,0.31888282689348957,0.3164954838634596,0.060900497067004095
280924,2,0,0.340637545020245,0.12709198378068498,0.03793425460871488
280932,2,0,0.2006140782110103,0.09492798490054209,0.039107986745542264
280937,1,0,0.09010838994959827,0.06827257361093002,0.03654359335363746
280953,0,0,0.14376447340908718,0.13463349948696893,0.048690235945771834
280965,1,0,0.20738791023189265,0.08084653031504058,0.045138580473426344
280980,1,0,0.5727359120761543,0.6192393549058623,0.07396643437346692
280988,2,0,0.16318795824300364,0.1996632827840174,0.039225685339645454
281009,0,0,0.8242134076530702,0.6050356974398522,0.050239907160278464
281013,0,0,0.31202019926528746,0.2575085090186445,0.05185807263980941
281040,0,0,0.7886189340766441,0.5927843552860339,0.07832280308675038
281042,3,0,0.44533234608869054,0.07157048013179995,0.03810267533623751
281043,0,0,0.29307479627597294,0.1363474986152593,0.04051001628367428
281050,1,0,0.14566547595334842,0.06379376554071267,0.045138580473426344
281052,0,0,0.09694250553061878,0.17623793583481276,0.04154901759660407
281055,1,0,0.3664360042729662,0.14127201387495453,0.045138580473426344
281094,2,0,0.3129263374956297,0.1625034338250385,0.03979579693051722
281119,3,0,0.17321020031707435,0.21109314908029195,0.0815572107387799
281124,2,0,0.37405990358158664,0.20311917692083648,0.04761226190619499
281132,1,0,0.24249609358769417,0.09635163681085762,0.051016511781975526
281147,1,0,0.7573084046398799,0.6165695731476891,0.0790439086755782
281153,1,0,0.2011733660978346,0.08137690445638271,0.045138580473426344
281155,3,0,0.5160054678267644,0.13977810495306364,0.05970590623670531
281168,1,0,0.47013376589563527,0.0910336915230985,0.045138580473426344
281177,1,0,0.21728030313634125,0.0793836429495951,0.03654359335363746
281215,1,0,0.37030415002994904,0.07151874091927621,0.045138580473426344
281223,1,0,0.16947882270768921,0.12530133305057875,0.03654359335363746
281225,3,0,0.36835720872035144,0.1957454849774162,0.08342097422694365
281226,2,1,0.7404056247756045,0.6734642162031977,0.0588805586063968
281243,2,0,0.5597358207273262,0.48647159417079033,0.05596883800974349
281250,1,0,0.08903633421904152,0.11349385973073334,0.06007315232246997
281276,1,0,0.0885153479517758,0.09684566016041625,0.045138580473426344
281279,3,0,0.4133848690686621,0.17260225230694295,0.04040817747160821
281280,3,0,0.3799644855941666,0.0658024234963435,0.03646247000794646
281282,0,0,0.2783641957331468,0.09859446885213749,0.04107751169898964
281324,0,0,0.23230927947194224,0.17318614327784623,0.03969994002774194
281326,2,1,0.6869230311289496,0.6725115452371898,0.0588805586063968
281351,1,0,0.219912925538079,0.2575589180135746,0.060900497067004095
281386,2,0,0.28247122082168796,0.205048579949398,0.05526959489511729
281396,0,0,0.132943775823138,0.21430313234656811,0.046944604163524625
281410,1,0,0.12714747955317468,0.20790259825912255,0.04278709843626327
281421,1,0,0.4058329316845925,0.0823735555098997,0.045138580473426344
281468,1,0,0.5373607484274947,0.1480059330732352,0.0506233382542699
281480,3,0,0.5019367343044774,0.1050032631538344,0.031694530747468634
281484,2,0,0.587615806630017,0.6315973999899788,0.04933405919220342
281495,1,0,0.11493921636822746,0.05911253660893772,0.03654359335363746
281501,3,0,0.4522964982927618,0.09585969967126577,0.04688787776190619
281510,3,0,0.20899659196835024,0.18054560437070385,0.05400476859502734
281512,2,0,0.1361311870760368,0.10335385884959182,0.03793425460871488
281523,1,0,0.13554371353513409,0.20694867341914405,0.03654359335363746
281531,1,0,0.20649549302680115,0.13994684723635853,0.045138580473426344
281536,1,0,0.05277680849506252,0.1434629898012062,0.06578065933042877
281541,2,0,0.07731859404336865,0.11841389146379803,0.04327762942775736
281544,1,1,0.7534739921237843,0.3882187251541239,0.07897091022620364
281554,3,0,0.35261761303197464,0.08004698653654956,0.03367515804754507
281583,0,0,0.18828512684972748,0.21945980926337796,0.05375422877547384
281584,2,0,0.14007180642384373,0.13336568805216598,0.043239762574341006
281590,1,0,0.2644983805979949,0.10238011668724606,0.045138580473426344
281600,2,0,0.7351621450301326,0.7491692569110354,0.0588805586063968
281601,0,0,0.25828150151127965,0.19299144374473293,0.05159880323730685
281605,3,0,0.4505292752194688,0.10203611344583446,0.02822705896692639
281613,1,0,0.17431828667001437,0.03937960719198215,0.03654359335363746
281615,1,0,0.8846948505651387,0.6699685947416293,0.07313583372854321
281621,3,0,0.9390201012833315,0.5588996070513071,0.10013991978483713
281630,2,0,0.051086648220725915,0.06454976277420607,0.03979579693051722
281634,0,0,0.2938774294283045,0.08091244084166074,0.03890106100826425
281746,1,0,0.28052540041513213,0.1045740114163117,0.045138580473426344
281749,1,0,0.9036265352167266,0.6558938697129559,0.0790439086755782
281776,1,0,0.7601895771429311,0.485359607438135,0.0498008771827325
281810,1,0,0.3515672039181302,0.15030783348065674,0.045138580473426344
281825,1,0,0.17331213164601225,0.1024043586383911,0.041489727350712116
281834,3,0,0.955647854630928,0.30746487451358484,0.11695071667573091
281841,2,0,0.12270378594635319,0.09610693187993352,0.03979579693051722
281854,0,0,0.29916700760371484,0.2770912428310957,0.05720352024939196
281863,1,0,0.034126714243810835,0.0466318831767462,0.03654359335363746
281864,1,0,0.16674668062455103,0.12463575688217775,0.045138580473426344
281869,2,0,0.7584243285243591,0.7079876061314205,0.0588805586063968
281872,1,0,0.18501285667597725,0.1242786821908579,0.045138580473426344
281891,2,0,0.4023977472929021,0.09681612074954189,0.043239762574341006
281895,1,0,0.578537290293524,0.5919691638682073,0.0498008771827325
281896,0,0,0.09256015396434361,0.14968390071862442,0.04460764711609256
281900,1,0,0.7067439333082517,0.5641691907945618,0.0790439086755782
281901,1,0,0.6261901668472103,0.3086951312589959,0.060900497067004095
281931,3,0,0.2397890318850554,0.195654502400572,0.06114164759528706
281935,1,0,0.24426017008658898,0.14515703829801663,0.053452256584867484
281936,3,1,0.6662065661809558,0.4567908227022798,0.14160568610475957
281938,0,0,0.11634780171546132,0.1381578470505465,0.04107751169898964
281945,1,0,0.7083528081213277,0.5293363544684366,0.0790439086755782
281952,1,0,0.2956023253192805,0.5077203277885298,0.0572831245447108
281960,3,0,0.36503881036445707,0.32498161254528135,0.04591773566257523
281962,1,0,0.10148469666887742,0.047792613470796476,0.041489727350712116
281983,1,1,0.7054714688433472,0.692984747779912,0.0790439086755782
281988,1,0,0.02787913326203659,0.060893076591460996,0.045138580473426344
281999,2,0,0.08818499709506253,0.11217375474882071,0.03979579693051722
282000,2,0,0.19589748923427874,0.08817578745057307,0.039225685339645454
282005,1,0,0.277504029112285,0.1031526938917011,0.045138580473426344
282017,1,0,0.07250043023491595,0.06903428258046429,0.05149621395102403
282022,1,0,0.17221041150395563,0.20608908557534725,0.060900497067004095
282024,2,0,0.5425562270090435,0.21923387136897143,0.03793425460871488
282042,2,0,0.06927940686951846,0.14519098850053433,0.039307208021911476
282052,1,0,0.35935236407625337,0.10389780601891818,0.045138580473426344
282056,2,0,0.2897933722557493,0.16080542789420682,0.03680661143378336
282059,3,1,0.6841461347740095,0.7647729542957232,0.15586047594504526
282117,1,0,0.2573653635518259,0.11524913714316838,0.03654359335363746
282122,3,0,0.29676771808106767,0.13384068399492718,0.060833070441258186
282136,1,0,0.7551750253790862,0.473374863580068,0.0572831245447108
282137,1,0,0.5000504032156607,0.07711158897428644,0.03654359335363746
282141,3,0,0.4018759734822269,0.11624812114716511,0.03340846738297587
282157,2,0,0.25830251905487644,0.16602625239392205,0.043239762574341006
282161,1,0,0.07335574191601345,0.15916710925642577,0.04735892056685851
282165,3,0,0.43604532765824683,0.32092733353932895,0.0629660342113452
282182,2,0,0.11484620570290685,0.12722635138523938,0.04490636473502977
282183,1,0,0.6412872516490741,0.5393622506061968,0.07792073518949832
282199,1,0,0.6348861675779389,0.6158645437427396,0.06385930171838845
282205,1,0,0.13839315486870477,0.04075139831729347,0.03654359335363746
282231,2,0,0.851238568113467,0.7728582812443436,0.0588805586063968
282236,3,0,0.33884209804969273,0.3893354263420614,0.06392462629157811
282247,3,0,0.7843162951054578,0.4614221681490993,0.11922764101281698
282259,3,0,0.5076856957364067,0.15713543877226446,0.0685633235264408
282280,1,1,0.673518325688221,0.6248433495672757,0.0790439086755782
282285,2,0,0.04054341621549154,0.1797567275370146,0.03680661143378336
282308,1,0,0.10855158911717482,0.16756820061167754,0.041489727350712116
282315,3,0,0.14618752114523412,0.19349621309592277,0.04361258086437909
282334,3,0,0.8530382238198332,0.6335401275933277,0.0930030466886951
282389,1,0,0.08590357389179239,0.09480683615009021,0.03660837086997847
282390,1,0,0.20779316561493152,0.059206539470952245,0.036721316141216785
282400,2,0,0.22036866281484846,0.18396104224458285,0.039778499760567576
282448,0,0,0.2533436674261695,0.1525444988253106,0.040787904309439904
282454,1,0,0.10631770214764125,0.13117184490713055,0.03654359335363746
282483,1,0,0.31916751288153966,0.13568097019454742,0.060900497067004095
282520,3,0,0.28821554343204137,0.11059720700655973,0.033284051446500325
282525,1,0,0.20474869687826086,0.16416108883302052,0.05597087901463748
282554,0,0,0.7396815210738067,0.6548623614982505,0.050075388894834656
282560,1,0,0.4054564064905869,0.10851767406387401,0.03654359335363746
282563,3,0,0.3901455889525408,0.2492642291126234,0.06742884868893413
282583,3,0,0.29783311327618206,0.1990931789691254,0.04828086977822992
282584,1,0,0.36549165800375794,0.10069421468425109,0.04762177173003558
282601,2,0,0.1110910031348798,0.1344382734380008,0.03895652060433919
282618,0,0,0.15149220775153588,0.08356669847997614,0.04579907598057319
282629,0,0,0.43067974315520363,0.14457049702373098,0.03890106100826425
282646,3,0,0.04760523931338154,0.04096520484211297,0.026332869255733846
282657,1,0,0.5796804968086932,0.6058922722148862,0.07792073518949832
282664,1,0,0.7238772495577898,0.7241152123563269,0.08105812253669475
282665,3,0,0.5939667896209619,0.7283332321070631,0.13046567147534027
282671,0,0,0.17059889975850817,0.1052134155194093,0.042772479234137746
282679,3,0,0.546315718795403,0.6401899259025623,0.08563477167000719
282702,2,0,0.19253055602587243,0.13479908367589455,0.04761226190619499
282706,1,0,0.21652468448480436,0.13519071972052912,0.060900497067004095
282721,1,0,0.42993435332560764,0.0838489812673275,0.045138580473426344
282724,1,0,0.25513728097291555,0.10567603617959102,0.053452256584867484
282740,2,0,0.22907552722369343,0.1704239833537482,0.04761226190619499
282752,0,0,0.8446743194654299,0.545248038982759,0.050075388894834656
282795,2,0,0.22417537270507007,0.11633464546765353,0.03680661143378336
282809,1,0,0.4258774059462081,0.040962770126637495,0.03654359335363746
282815,3,0,0.1083233294624909,0.16494225554262903,0.04939325891893606
282824,0,0,0.278546270247299,0.11794401781296868,0.03890106100826425
282853,1,0,0.2568382507154891,0.06574600131482092,0.03654359335363746
282859,1,0,0.7498178793322873,0.5852357379565006,0.0790439086755782
282864,1,0,0.3613644582351337,0.15291225868064023,0.0506233382542699
282868,1,0,0.18459725928061888,0.04903080821680067,0.03654359335363746
282878,1,0,0.3915464583363726,0.06463114388844059,0.045138580473426344
282891,3,0,0.5029828053253657,0.22462292686183105,0.03771020654867086
282912,1,0,0.2856386476884574,0.055969825778994856,0.03654359335363746
282913,3,0,0.6460686022571943,0.7143689688573809,0.12370897013705036
282916,2,0,0.44710918731911925,0.1831879224857454,0.039107986745542264
282940,0,0,0.12583020108137352,0.08788670198920291,0.04553336742124675
282949,2,0,0.5260242028739508,0.7546459877728681,0.05786868058135989
282964,0,0,0.11815663727889125,0.14690288129570142,0.048690235945771834
282973,0,0,0.17233845276274254,0.10457679719475879,0.04051001628367428
282992,3,0,0.25870262658675897,0.1998504192621443,0.06308399804539744
282993,3,0,0.8326953457948003,0.27698396800508557,0.052129361282346486
283024,3,0,0.31680076981202,0.09715293557358651,0.031694530747468634
283057,1,0,0.06826257887251222,0.07806535144771186,0.03654359335363746
283065,1,0,0.29572194153888,0.03245924732663053,0.03654359335363746
283072,2,0,0.6374992404126573,0.6169945376875849,0.05171434606710744
283076,1,0,0.7321231181303904,0.08455653519380585,0.045138580473426344
283081,0,0,0.48274473079037844,0.7254019998317318,0.07588006853286773
283098,1,0,0.3266378296238704,0.18387691392166572,0.060900497067004095
283120,3,0,0.4928185010640354,0.08127313844083493,0.034669588947687166
283129,3,0,0.8246410120979621,0.3300745874699343,0.14539936666567302
283144,2,1,0.335152765667515,0.7305554901556142,0.0588805586063968
283154,0,0,0.08630458399263913,0.06733181543131322,0.045267486126968695
283157,1,0,0.5330793151980917,0.10837080378377788,0.053452256584867484
283192,3,0,0.4683360731803862,0.17543711634401543,0.0345990259999914
283198,2,0,0.2914696486737126,0.06326120755011487,0.039107986745542264
283212,2,0,0.1176602030198097,0.1243648291293213,0.03680661143378336
283217,2,0,0.5998421298369336,0.6369616922077579,0.05596883800974349
283218,0,0,0.05529275244507361,0.06588806087367362,0.045267486126968695
283222,3,0,0.5784322168866819,0.10884771597690744,0.03540361698094918
283225,2,0,0.36510867136567493,0.11989967574234266,0.03979579693051722
283226,2,0,0.31815486373348234,0.08624489878829339,0.044064117889810656
283277,1,1,0.8138886845601274,0.46050697577802163,0.05487776212050909
283282,1,0,0.15207758086870712,0.058650737898824114,0.03654359335363746
283318,2,0,0.6018186404791668,0.6012283894888686,0.0588805586063968
283323,2,0,0.524111356263111,0.7023950854453457,0.0588805586063968
283339,1,0,0.10679965239538713,0.11401123150345711,0.045138580473426344
283345,2,0,0.11861041065247112,0.11982834454230862,0.039225685339645454
283347,2,0,0.5509836031652291,0.6047328816079429,0.05171434606710744
283353,2,0,0.16227347895827224,0.09498442542583282,0.041224037052829364
283357,2,0,0.5727495181118787,0.7407567707016594,0.0588805586063968
283360,1,0,0.498951622400086,0.15897592854421322,0.049952408474690416
283383,1,0,0.3377128151539188,0.05572463492339639,0.03654359335363746
283385,1,0,0.3100520187658684,0.11217337114643801,0.0506233382542699
283389,1,0,0.8167542509860025,0.810034616049374,0.08105812253669475
283437,3,0,0.49864727760189625,0.08206932592088116,0.05351053738146638
283448,0,0,0.06958738360243368,0.10871870459436904,0.03992228278318054
283471,3,0,0.7669111403973018,0.1787585269830858,0.05736801146291798
283476,1,0,0.27173277783225036,0.12023187049488632,0.049952408474690416
283497,3,0,0.24824332270134014,0.09687451400106903,0.04179779170098634
283501,1,0,0.6853512351686066,0.7254957815903705,0.08105812253669475
283514,0,0,0.18637537713749347,0.13628828446784041,0.03890106100826425
283528,2,0,0.21310123834877048,0.11359683198432423,0.04761226190619499
283540,3,0,0.5050075299350185,0.4062682352827096,0.11056353384964462
283550,1,0,0.8176453676994798,0.4467363601094001,0.05357919570313374
283557,2,1,0.7596655871416564,0.623358880598471,0.04933405919220342
283577,1,0,0.34651410011680206,0.04009826418026727,0.03654359335363746
283600,1,0,0.7633988939614957,0.47518912905140115,0.0572831245447108
283606,1,0,0.2570785462923415,0.22734790118574238,0.045138580473426344
283626,1,0,0.49844775750883613,0.3946034255441954,0.06674721542930095
283630,1,0,0.06943208730232503,0.19351244699229364,0.045138580473426344
283634,1,0,0.10430972494025048,0.13086911953715358,0.053452256584867484
283638,3,0,0.6148086084871821,0.622264194382573,0.10687696958164856
283652,2,0,0.06796798437342655,0.1118337322568684,0.043580855346294765
283660,1,0,0.2854440887878025,0.0791016791124368,0.03660837086997847
283694,2,0,0.27675205527235064,0.21216135549074078,0.05526959489511729
283732,2,0,0.20160294062165232,0.12569396261333546,0.044064117889810656
283745,1,1,0.06817083631054678,0.04477777332346153,0.03654359335363746
283776,2,0,0.23667693704749962,0.12792018813769582,0.041224037052829364
283778,3,0,0.5623144243058744,0.054937360718166336,0.031694530747468634
283781,1,0,0.07303707768822983,0.1589867891565342,0.045138580473426344
283784,0,0,0.6486740175409164,0.4419485185360017,0.0699314596161306
283786,1,0,0.1333837823281897,0.17973718886444773,0.05597087901463748
283817,3,0,0.2223883430361852,0.1241899618359211,0.03740276475118431
283831,1,0,0.11917516640280655,0.1429794554357014,0.060900497067004095
283833,2,0,0.2433867283806114,0.16143668364654556,0.043239762574341006
283838,1,0,0.10112499238744403,0.11420772440550082,0.03654359335363746
283857,1,0,0.030653981995194864,0.10411474368365893,0.03654359335363746
283861,1,0,0.5751536043109031,0.2437291868217401,0.045138580473426344
283866,3,0,0.35071609219812444,0.3738060076560574,0.13983083741811128
283872,2,0,0.10339620592966707,0.07069619222388647,0.03680661143378336
283875,1,0,0.03771573140459535,0.03705430511908762,0.041489727350712116
283878,1,0,0.259014430100302,0.15162841302588562,0.045138580473426344
283879,1,0,0.03409216062533363,0.0922439784296861,0.03654359335363746
283889,1,0,0.2794567065631532,0.11674970429229901,0.041696921955545474
283898,2,0,0.45205993487260016,0.12633724454266493,0.043239762574341006
283900,1,0,0.13873343929795415,0.11344870385910343,0.03654359335363746
283902,1,0,0.05589033784900696,0.1507621904118359,0.0586887917069828
283906,2,0,0.6426420488011391,0.6782521583465776,0.0588805586063968
283921,2,0,0.702556027297744,0.5742933736750413,0.0588805586063968
283922,3,1,0.9061803246944957,0.780926724996907,0.14906026787245683
283928,1,0,0.8423818034810003,0.6708795229984423,0.0790439086755782
283929,1,0,0.6404681076173828,0.11053569213439847,0.05717272851726729
283981,3,0,0.9124132892874504,0.5858621472535736,0.15094011075426386
284014,1,0,0.1289441644521491,0.10023402744841244,0.03654359335363746
284034,2,0,0.18492113828629073,0.17985744473914644,0.04327762942775736
284046,1,0,0.06684616114334047,0.04314578923540763,0.03654359335363746
284064,3,0,0.236253084965374,0.16888881851027954,0.06965258490730579
284065,1,0,0.35668351773712875,0.06600860955916847,0.04278709843626327
284067,0,0,0.21813610851218393,0.11374053599336265,0.03780017119862066
284080,3,0,0.43701582517986043,0.15708712973553884,0.038330359675950006
284088,2,0,0.04032634646203735,0.08995536348045656,0.03895652060433919
284099,3,0,0.693827940623649,0.2569956032281199,0.06115626368862587
284101,2,0,0.19586147943867316,0.15622318638347638,0.041224037052829364
284121,1,0,0.06939237115577457,0.07956829203567056,0.041489727350712116
284123,2,0,0.5419056772659243,0.7733869595280849,0.0588805586063968
284128,3,0,0.6799783524348214,0.6628722621416574,0.13531231532938862
284157,1,0,0.07553447011799436,0.09963433908519574,0.04735892056685851
284161,1,0,0.8247730651550969,0.7088698619342299,0.07396643437346692
284184,1,0,0.13253329665011876,0.05177968248803911,0.03654359335363746
284190,1,0,0.4534563984277753,0.11522959299106368,0.045138580473426344
284193,1,0,0.07878788274505227,0.08099446887091424,0.041489727350712116
284205,1,0,0.1605002886397067,0.08797313337819922,0.045138580473426344
284213,2,0,0.4861711985563026,0.7681156518337541,0.05582860675799179
284235,0,0,0.1899856683624617,0.07549452689933246,0.041340515838398886
284269,1,0,0.17229009026917277,0.11237637529266209,0.045138580473426344
284276,2,0,0.06723643027316191,0.08592955966750751,0.03979579693051722
284299,3,0,0.5926206026490004,0.40710723774362884,0.05683449152870711
284310,1,0,0.21397137085127385,0.1754113300194989,0.05430418072875823
284316,1,0,0.14344754912543356,0.08555656092111111,0.05253282474628003
284328,0,0,0.18316982571321508,0.11089640177192467,0.03992228278318054
284331,0,0,0.4663886461859501,0.269873207748152,0.04107751169898964
284339,1,0,0.6662679730607114,0.5687132263226218,0.0790439086755782
284345,3,0,0.3824445083124449,0.222785344911298,0.043023718455999324
284350,1,0,0.21192192708016552,0.13446210427768018,0.060900497067004095
284382,1,1,0.2054121864223539,0.11444725879455171,0.060900497067004095
284400,1,0,0.508234812491075,0.16978255944918247,0.045138580473426344
284407,2,0,0.3498616150730634,0.15249436458073615,0.043239762574341006
284408,0,0,0.20020129650385068,0.14855599710119163,0.039912961876165526
284417,1,0,0.4297597045555603,0.29733160951038456,0.04536641338717081
284424,2,0,0.07403511373627254,0.12396519267192199,0.039107986745542264
284450,1,0,0.4073024560170034,0.07468313935710587,0.03654359335363746
284456,1,0,0.24305381390444228,0.07465675647764654,0.045138580473426344
284468,2,0,0.4108851657161322,0.13187966013142946,0.04761226190619499
284478,2,0,0.5767664949213486,0.6519444773084373,0.05786868058135989
284480,0,0,0.19496103694781025,0.09038706959838892,0.04051001628367428
284482,1,0,0.4836891298559247,0.09760827934534777,0.045138580473426344
284494,3,0,0.30647640581649216,0.15959899671494263,0.042241405501681296
284499,3,1,0.8866169960610076,0.7469530823387113,0.15631861925657226
284504,1,0,0.17927816860977808,0.08073974134862025,0.041489727350712116
284507,1,0,0.15313000824659256,0.08308676230460897,0.041489727350712116
284517,1,0,0.07493801283484137,0.13637257719632404,0.04735892056685851
284558,1,0,0.2715373034721927,0.19939006345184748,0.046273718939650405
284562,0,0,0.41805767290443985,0.23654180288663298,0.04611150192918037
284564,3,0,0.7206428690703255,0.6306466811824195,0.10438817905597514
284574,3,0,0.40856834604470965,0.23783980777378338,0.03910684660499978
284581,2,0,0.18741782278446392,0.12940728444614633,0.03680661143378336
284586,1,0,0.08504357829180406,0.02059448253700042,0.03654359335363746
284587,3,0,0.8041991351140071,0.7972198294568592,0.1526200870288886
284593,2,0,0.28248840691690486,0.1410682511582966,0.039107986745542264
284609,1,0,0.134221096967076,0.1451042916017015,0.05400653719607418
284619,1,0,0.6695043744785579,0.42406540104261126,0.043701072706580586
284623,2,0,0.0768665896360095,0.10725820948437419,0.039107986745542264
284639,1,0,0.33064444192143166,0.061862134944411666,0.045138580473426344
284644,1,0,0.16079848512879294,0.11774777384617248,0.057772283877401805
284647,2,1,0.48298451880961596,0.6185250628893771,0.0588805586063968
284658,1,0,0.13204335435955658,0.09486086247766437,0.03660837086997847
284660,1,0,0.27718189737038335,0.17789092756968156,0.045138580473426344
284687,1,0,0.46690018167080316,0.45018340582075356,0.0572831245447108
284699,1,0,0.21604041870134313,0.10191030661728716,0.045138580473426344
284709,2,0,0.3079157396843927,0.2060466071968806,0.039225685339645454
284727,1,1,0.5706488439241731,0.6025477963204348,0.0790439086755782
284739,1,0,0.1826623533834944,0.2275946575393476,0.060900497067004095
284748,1,0,0.5704512737625249,0.2016191747251367,0.045138580473426344
284762,3,0,0.44948452125524235,0.27533307946500896,0.054488559496989754
284765,2,0,0.24566839213382152,0.1879784548133028,0.043239762574341006
284781,3,0,0.8765286328576598,0.7395480871686714,0.15817126813482218
284789,3,0,0.8091890663845328,0.6647895419470783,0.10923724654443134
284796,1,0,0.13924899082141465,0.054603996573463355,0.03654359335363746
284804,1,0,0.35128667997388435,0.21959327851678367,0.045138580473426344
284850,1,0,0.3678097588995038,0.08346014832789725,0.045138580473426344
284857,1,0,0.7952624954203311,0.6353303071593309,0.0790439086755782
284877,1,0,0.8405875632445841,0.45226542485304655,0.0572831245447108
284892,1,0,0.24356526449656785,0.13657616884304707,0.05430418072875823
284895,2,0,0.17637080923357198,0.13264598628948904,0.04327762942775736
284918,2,0,0.244795185972089,0.16331414006297088,0.03793425460871488
284937,3,0,0.8007563406157344,0.5684493584598639,0.1370414916318544
284962,1,0,0.3621033849388534,0.08466008343065162,0.04278709843626327
284964,3,0,0.4007890775682774,0.20989632234208627,0.04080437579009885
284968,1,0,0.3616302978218323,0.08853036100395528,0.045138580473426344
284974,3,0,0.6575398473099228,0.552230119673045,0.104524563932637
284976,1,0,0.47974801333052525,0.08439647931225581,0.036721316141216785
284979,3,0,0.6021478827310892,0.4385170718424854,0.12218231508994115
284981,0,0,0.18907023914992518,0.14376352251838234,0.04398968362446854
284994,3,0,0.5138703198012888,0.11114411526444071,0.04829966253202067
284998,0,0,0.6286992568256566,0.45379197414709016,0.04507442099489848
285005,0,0,0.25208644054939805,0.13223945314644947,0.037467761089925444
285006,1,0,0.1437288836956802,0.07516260510200892,0.03654359335363746
285014,2,0,0.31366367760503217,0.13705833747025042,0.04761226190619499
285020,1,0,0.11081186145015955,0.040348515364249674,0.045138580473426344
285031,2,0,0.044610495625812666,0.07888050119216271,0.044064117889810656
285046,1,0,0.2648051560534285,0.17028235518187582,0.051665630257641856
285054,1,0,0.25960283490682956,0.15632254117178632,0.045138580473426344
285072,2,0,0.3184699459908526,0.1008836180329167,0.041224037052829364
285074,1,0,0.08239302366556674,0.047816229137488925,0.040606377662277836
285083,3,0,0.7571986884646218,0.706078783020311,0.15586047594504526
285093,3,0,0.7928874216472495,0.4413450709981579,0.1046856865511012
285115,1,0,0.17866938449440709,0.11911992654478429,0.06578065933042877
285142,2,0,0.09531237705700163,0.11960374406167441,0.039107986745542264
285143,1,0,0.5011189599449637,0.04131319503477532,0.03654359335363746
285164,1,0,0.12057241345140324,0.16208947415641795,0.053452256584867484
285184,1,1,0.1536177555892793,0.09670691938163775,0.03660837086997847
285188,2,0,0.16911274467314158,0.1001395275829452,0.03979579693051722
285189,3,0,0.8459302117220017,0.3666098130832532,0.1024149685167209
285197,1,0,0.8758614763230511,0.5314892723741209,0.04596944827872752
285219,1,0,0.6095518956471286,0.2424440685724646,0.04536641338717081
285220,3,0,0.8504612656100268,0.7547627679030897,0.13303691095328996
285274,1,0,0.11052021116973282,0.06643243438518637,0.03654359335363746
285300,3,0,0.6567118276642475,0.1275824325012967,0.08948238786497312
285306,2,0,0.19261893478354808,0.13316667978846342,0.03680661143378336
285350,1,0,0.5021567242672618,0.12838467945435383,0.05430418072875823
285368,1,0,0.5416550231127311,0.6369900420125725,0.0790439086755782
285376,1,0,0.07963338784922681,0.2048546672931491,0.0462190103162257
285377,1,0,0.6473315065270279,0.1099903224484491,0.045138580473426344
285380,0,0,0.5589890471632536,0.4855697585907564,0.050075388894834656
285402,2,0,0.34181986605845033,0.1218184639746013,0.03680661143378336
285421,1,0,0.09722609920348786,0.14176737876356102,0.05272041709239291
285498,1,0,0.2532698588844834,0.11526092450742528,0.03654359335363746
285503,0,0,0.1687324287246126,0.12372431138645654,0.0392894538926018
285575,1,1,0.19658662002994817,0.15184035402360688,0.060900497067004095
285576,1,0,0.22010643878909558,0.031840924681435824,0.03654359335363746
285595,2,0,0.19695879580864734,0.18246374582171512,0.04327762942775736
285629,1,0,0.2559975560316178,0.20395840372839516,0.053452256584867484
285649,2,0,0.2966854401715415,0.22463342152959145,0.04761226190619499
285696,1,0,0.05680527395124378,0.11898225451172337,0.06732034029303058
285713,2,0,0.2642173429027983,0.08472266821452944,0.03680661143378336
285717,2,0,0.08451236189288373,0.16794472449063297,0.044064117889810656
285734,0,0,0.20885426218889097,0.19311858109844027,0.04982135262079562
285782,1,0,0.11558992581676816,0.10356469347246648,0.041489727350712116
285788,1,0,0.2076196778243282,0.15035446564211344,0.053452256584867484
285799,1,0,0.10188798378731007,0.03358861256396429,0.03654359335363746
285872,1,0,0.10561835929023486,0.17204668251878377,0.06578065933042877
285900,2,0,0.3102048852316605,0.18515397373296985,0.04785905696083482
285921,0,0,0.3328386877829789,0.12214346007550134,0.03890106100826425
285922,2,0,0.41586580937957757,0.14101188519960905,0.03680661143378336
285926,0,0,0.1834307832669916,0.10868964479207083,0.04336522917003451
285928,3,0,0.3334966446704315,0.117231994148485,0.04616925537184171
285946,1,0,0.8546744866790384,0.5962209313983343,0.0790439086755782
285975,1,0,0.2739821706367756,0.10452938787440667,0.04762177173003558
285984,3,1,0.7962658954206313,0.7775374052609197,0.1526200870288886
285987,1,1,0.1804617721508266,0.09941134293388576,0.04762177173003558
285999,3,0,0.526073259807844,0.08113016683831147,0.04357816511492391
286015,1,0,0.059642590207797365,0.11987507776078048,0.04751540753370948
286029,3,0,0.867350613276397,0.42920799595382825,0.13578339354191374
286032,2,0,0.14648210125580732,0.12245044143905803,0.039307208021911476
286034,1,0,0.5203492527107004,0.5056368403131938,0.0572831245447108
286063,1,0,0.11018134948920029,0.08608810026951465,0.04691585217692644
286092,1,0,0.26243765845880174,0.039798828173523426,0.04420824718515211
286105,1,0,0.22048507708714757,0.06757266950903638,0.045138580473426344
286106,3,0,0.44699559115273746,0.09123526946988209,0.04179779170098634
286137,2,0,0.364261296636811,0.13295036184557413,0.03680661143378336
286139,1,1,0.37691802022954213,0.08702164034410749,0.03654359335363746
286141,1,0,0.34843456262183736,0.13961389308028674,0.045138580473426344
286150,1,0,0.04195001572323677,0.14832035281556302,0.06578065933042877
286156,2,0,0.1581876708113219,0.07226031054319491,0.043239762574341006
286162,3,0,0.13676971867604995,0.18785037500339996,0.07475286719900506
286165,2,0,0.082896918969955,0.11286076273541255,0.03680661143378336
286171,1,0,0.05156443419303619,0.06133836823665808,0.03654359335363746
286181,3,0,0.3200055980411922,0.23687561686363984,0.0851451924102691
286193,1,0,0.6885394147487753,0.582671474175518,0.0732908158645075
286206,1,0,0.3337793236595277,0.12332926404725358,0.045138580473426344
286211,1,0,0.08342903994254151,0.10017828427315636,0.060569014443723486
286219,1,0,0.21495511040713403,0.042767626435351994,0.036721316141216785
286222,2,0,0.29200313112915377,0.21894856358601106,0.04761226190619499
286225,1,0,0.29144364415771573,0.07151067016657868,0.03654359335363746
286234,1,0,0.43032132782189786,0.05565076867858526,0.03654359335363746
286246,3,0,0.7153411527240373,0.31565145560307767,0.05239486365030776
286251,3,0,0.24745301340487055,0.13587169470452065,0.03916713141431467
286256,1,0,0.08595872507057468,0.06786796713605074,0.040606377662277836
286264,3,0,0.21619664315765313,0.21648583241332503,0.038532753426183154
286286,2,0,0.24768781927207598,0.1781258919658825,0.039107986745542264
286293,3,0,0.5929376575152278,0.25931978664101396,0.05342139279050018
286305,1,0,0.14341754634346138,0.09272762318003759,0.03654359335363746
286326,1,0,0.15212630069277255,0.07642442826723833,0.03654359335363746
286329,1,0,0.6527948313421366,0.12007887595452615,0.03654359335363746
286331,3,0,0.785667912761965,0.36310366086874685,0.05525792560545252
286341,1,0,0.03767986061355715,0.0863749520480455,0.03654359335363746
286349,3,0,0.38453203030950356,0.19091994530622336,0.05124813016173694
286364,0,0,0.2309160796042171,0.12538992475612365,0.03861531372685975
286369,1,0,0.5931349400727888,0.13649391104674552,0.04762177173003558
286370,2,0,0.23171801473577702,0.12732062517827142,0.03979579693051722
286376,2,0,0.2591248133595027,0.2056377480278131,0.045079879229967756
286419,1,0,0.198192476010223,0.13133853002559387,0.045138580473426344
286421,1,0,0.1587996748673817,0.11535973769233729,0.045138580473426344
286431,2,0,0.6941272760718681,0.8010428048890761,0.0588805586063968
286444,1,0,0.20025686664663336,0.033845248406739165,0.03654359335363746
286465,2,0,0.6535558686736037,0.5926029708231508,0.0588805586063968
286475,2,0,0.2901321969361284,0.1922022409582991,0.04785905696083482
286476,3,0,0.8957504514767372,0.7035671918547147,0.1373521879986184
286479,2,0,0.23280211629678282,0.13202641035495108,0.04761226190619499
286500,1,1,0.1345815771271263,0.05410637924202194,0.03654359335363746
286503,1,0,0.168314731527882,0.21931258941522558,0.0586887917069828
286528,1,0,0.11823616017560243,0.06701817486635538,0.05400653719607418
286532,2,0,0.14114034307989773,0.13394858044341482,0.03680661143378336
286543,1,0,0.19723134981268295,0.08887329474844248,0.060900497067004095
286564,3,0,0.8857207770437742,0.6662415076755269,0.14898865059668367
286583,1,0,0.33191768620895323,0.14344267907415278,0.0586887917069828
286587,2,0,0.16716625878519467,0.15087138107857803,0.04761226190619499
286592,2,0,0.6221601456543595,0.7012258767440289,0.05786868058135989
286601,1,0,0.5680173126095684,0.023252444414229457,0.03654359335363746
286604,1,0,0.2580406686912826,0.02740606457633126,0.03654359335363746
286606,3,0,0.17561527319622275,0.11297318893244196,0.046924932134977206
286616,0,0,0.23600308510742177,0.10409244907101713,0.04051001628367428
286623,2,0,0.18888369105999112,0.11150686123706961,0.041224037052829364
286666,2,0,0.6132258726226586,0.6088204736205584,0.0588805586063968
286689,1,1,0.8059105196914143,0.46523023209479847,0.07897091022620364
286694,1,0,0.5851651075798281,0.5122937978414103,0.07792073518949832
286700,1,0,0.13453080570227371,0.11307607559385664,0.045138580473426344
286708,1,0,0.3565129726565216,0.02466610172947035,0.03654359335363746
286724,1,0,0.17789720295632563,0.04910650727968738,0.03654359335363746
286731,1,0,0.286780596735614,0.1479691894572142,0.045138580473426344
286757,1,1,0.5510248844163039,0.23016244185787493,0.048012825722246306
286763,1,0,0.1269590931503477,0.07253203940241998,0.03660837086997847
286764,3,0,0.30414490656809506,0.25771106289191154,0.06951826078995688
286765,1,1,0.2653118303905034,0.18970648140036805,0.060900497067004095
286767,1,0,0.14385993445197298,0.12658657402590487,0.0560522975467529
286768,2,0,0.4809659221470672,0.12340532658274501,0.043239762574341006
286773,1,0,0.10760603790563647,0.0697472715301042,0.03654359335363746
286779,2,0,0.13363914758032128,0.1183355533962045,0.03895652060433919
286780,1,0,0.06335284990488689,0.12736129346562686,0.03654359335363746
286793,1,0,0.2773617807888074,0.14074775733642636,0.05430418072875823
286796,1,0,0.2398475387797223,0.1347171810458044,0.045138580473426344
286802,2,0,0.15880989006594848,0.17334274775864913,0.03979579693051722
286803,1,0,0.10052268588793378,0.04029945163916726,0.040606377662277836
286822,1,0,0.19203014018139739,0.1736118304623718,0.045138580473426344
286839,1,0,0.06702668946074243,0.0386148633466854,0.04378138947711741
286843,2,0,0.2717190201417612,0.14939241338087356,0.03680661143378336
286862,1,0,0.3160732466248395,0.028153524655216464,0.036721316141216785
286898,0,0,0.34008785398401536,0.14565597374573488,0.04398968362446854
286903,1,0,0.05256284342225188,0.17325072064909208,0.051016511781975526
286917,0,0,0.20556218977334428,0.12615742045823133,0.03890106100826425
286937,1,0,0.12194171908012477,0.08315496334929136,0.03654359335363746
286950,2,0,0.10941793233627647,0.15985835365560386,0.03979579693051722
286952,2,0,0.16625904887843912,0.15090005544123072,0.039225685339645454
286962,1,0,0.07289718527648598,0.28278857787066386,0.041489727350712116
286968,1,0,0.31025285437660255,0.09558334599431652,0.03654359335363746
286994,1,0,0.28128610293157097,0.18433709543316357,0.045138580473426344
287001,2,0,0.09771285634611493,0.11396249559368592,0.04321532214812582
287010,2,0,0.3540492547116773,0.1557478081828986,0.03979579693051722
287038,3,0,0.9395878227821781,0.7928642630368821,0.1391702906688111
287045,3,0,0.5585356827769373,0.17501236111671503,0.048365501659969015
287047,1,0,0.040051154176952715,0.04725201277954248,0.03654359335363746
287055,1,0,0.05557744404810724,0.05516832046279124,0.040606377662277836
287057,0,0,0.08191826871303397,0.09935752407504404,0.04940040891194944
287082,1,0,0.3213030476766957,0.23644353847265603,0.060900497067004095
287095,1,0,0.11249325066390796,0.098623808516441,0.053159020008777216
287102,2,0,0.45132655927077425,0.09886368630888515,0.03680661143378336
287116,3,1,0.8946617532930076,0.5249621889083577,0.15097089693592708
287134,1,0,0.2353280874710267,0.07381545553261445,0.03654359335363746
287137,1,1,0.6958821405322884,0.4562139883417354,0.06650041619528362
287141,1,1,0.6814966758625536,0.5448869680464806,0.0790439086755782
287146,2,0,0.05294893749978745,0.15721604695091185,0.04985320311786903
287156,1,0,0.09788136555087762,0.08660661708870937,0.041489727350712116
287157,1,0,0.2098002218891489,0.3000197398128821,0.06233357304431559
287161,1,0,0.11533950147801823,0.061541454608403275,0.041489727350712116
287167,1,0,0.26668148724804797,0.025569955899786216,0.03654359335363746
287172,1,0,0.12141503956930406,0.09053186340779072,0.041489727350712116
287185,1,0,0.04681771270956975,0.028611342745248985,0.03654359335363746
287201,3,0,0.5258766989925909,0.7104682404377808,0.11995495791244498
287206,1,0,0.04914617676861769,0.06060650065937836,0.041489727350712116
287214,1,0,0.15015952079115832,0.1065681454574814,0.03654359335363746
287234,1,0,0.37485370431856485,0.21711287544729038,0.05717272851726729
287245,1,0,0.8471117597929738,0.6248556615262316,0.0790439086755782
287255,1,0,0.08630361352383144,0.07371496780794023,0.03654359335363746
287260,2,0,0.7129780347567166,0.8251654852147716,0.0588805586063968
287268,2,0,0.24554093823832726,0.1460024497573508,0.039225685339645454
287269,1,0,0.07371726062317976,0.0747625893077804,0.05253282474628003
287272,1,0,0.0601919510374383,0.1249369137351353,0.05149621395102403
287273,1,0,0.0659714594978855,0.058393201237537544,0.03654359335363746
287288,3,0,0.5953067184860247,0.1773360318815511,0.044599454113254715
287295,3,0,0.5280153146399528,0.2508718156059038,0.0572505035589416
287328,0,0,0.29064657269605304,0.15136278129813685,0.04913969558674805
287333,1,0,0.13860914706906471,0.09113695867071024,0.03660837086997847
287348,2,0,0.13161281915199333,0.15713701088816762,0.03680661143378336
287375,3,0,0.9001292266207931,0.6675503158489565,0.13189621965835252
287390,1,0,0.0888112156040988,0.0630791273205465,0.041489727350712116
287392,1,0,0.1127603302438803,0.0912391294202263,0.03654359335363746
287423,1,0,0.10508131421204807,0.059799008974732455,0.045138580473426344
287451,0,0,0.6180138994348932,0.774322224369091,0.07535850075769517
287452,0,0,0.32396572205939367,0.14672406604138735,0.04229600071188558
287472,1,0,0.16416766355604148,0.052791275259000965,0.041489727350712116
287478,1,0,0.19254168624962004,0.07648847797029339,0.06578065933042877
287500,1,0,0.09367498552183548,0.09971970205304918,0.06578065933042877
287527,1,0,0.05061161003179609,0.0836953293855532,0.06578065933042877
287530,1,0,0.04244776019972655,0.15818212704793422,0.045138580473426344
287544,2,0,0.37938269706590616,0.1775401859188294,0.03793425460871488
287547,1,0,0.09421471088012753,0.05094255877775899,0.03654359335363746
287574,2,0,0.2253117599806499,0.16162019441036646,0.03979579693051722
287631,0,0,0.14870022392160437,0.10539951368895752,0.04051001628367428
287632,1,0,0.211305554925006,0.06398802723885998,0.03654359335363746
287636,1,0,0.12343424716289433,0.02650400630635386,0.03654359335363746
287665,1,0,0.7402254525639511,0.6423042417935821,0.0790439086755782
287695,1,0,0.24670956073689387,0.04605408197842841,0.04278709843626327
287700,1,0,0.18996217014278474,0.05229858464957056,0.040606377662277836
287706,1,0,0.05021469315949161,0.09763916510828309,0.0462190103162257
287726,1,0,0.038817931037604676,0.1250308607241111,0.03654359335363746
287746,2,0,0.4431317456370782,0.10025338357695374,0.03793425460871488
287762,1,0,0.18914635549174943,0.15209343710116127,0.053452256584867484
287769,1,0,0.0597009771670632,0.015319641515201321,0.03654359335363746
287772,2,0,0.09107883251880675,0.22629077237524892,0.043239762574341006
287783,2,0,0.7471267025050408,0.798207281727883,0.0588805586063968
287784,2,0,0.18726179355005815,0.09357691150466207,0.043580855346294765
287805,1,0,0.20089389173716085,0.12623263641670557,0.045138580473426344
287817,1,0,0.0501511324652744,0.12935167148555235,0.03654359335363746
287823,1,0,0.03304102489135587,0.14524657638851327,0.045138580473426344
287826,1,0,0.06651425952103261,0.05005846026260878,0.03660837086997847
287846,1,0,0.17827240107708733,0.11117682417866685,0.053452256584867484
287878,1,0,0.580456350982872,0.5771575674737237,0.0790439086755782
287892,1,0,0.05084717206563656,0.13817064544818555,0.0586887917069828
287924,2,0,0.21256872948620462,0.12486257010742213,0.03979579693051722
287926,1,0,0.6586052726051651,0.5469655717834404,0.0790439086755782
287932,1,0,0.19830622483104152,0.06776779728629545,0.041489727350712116
287945,1,0,0.055135079719218785,0.04828520083634999,0.03654359335363746
287947,1,0,0.6114945367936864,0.6418007716885314,0.07396643437346692
287954,1,0,0.11004435902397164,0.06697819994231147,0.041489727350712116
287956,1,0,0.2692546183166433,0.06008540405168473,0.03660837086997847
287958,2,0,0.7819970954072635,0.5929892264212531,0.05582860675799179
287960,2,0,0.10561058521401807,0.14210754449560825,0.039107986745542264
287966,1,0,0.7776657639871694,0.16100456453652257,0.03654359335363746
287973,1,0,0.07610832155630873,0.047060468542998085,0.05253282474628003
287980,1,0,0.994324993871482,0.5913136873868963,0.0790439086755782
287982,1,0,0.03408743465814687,0.05590543274046274,0.03654359335363746
288006,2,0,0.06830691447562325,0.14338746457405632,0.045079879229967756
288044,1,0,0.12620872132014413,0.05489900519267044,0.03654359335363746
288061,1,0,0.9161248436194626,0.7094542137623798,0.08105812253669475
288073,1,0,0.30891180715327443,0.10385788039383753,0.045138580473426344
288074,1,0,0.24293707482323199,0.06000932434175886,0.045138580473426344
288088,1,0,0.6476482257216593,0.48542876382781536,0.0790439086755782
288100,2,0,0.05028862193582437,0.12171787992716805,0.039107986745542264
288112,1,0,0.08348952577843337,0.21202420985231915,0.051016511781975526
288132,1,0,0.05867814115311558,0.08072486885585521,0.045138580473426344
288139,1,0,0.1327349766377902,0.10584927849608324,0.03654359335363746
288140,2,0,0.08256375076288631,0.11607916987959635,0.03979579693051722
288141,2,0,0.1713642067320199,0.11420917898231478,0.03979579693051722
288148,1,0,0.4371918584427421,0.19910264419895618,0.0586887917069828
288154,1,0,0.03325339554551204,0.11923504913113168,0.05149621395102403
288175,1,0,0.09131271627369113,0.06693904323215394,0.045138580473426344
288181,2,0,0.27289749166705224,0.17215445044374472,0.03979579693051722
288186,1,0,0.5829904568158583,0.12105991812635832,0.045138580473426344
288193,1,0,0.22327623301492222,0.14928239077973252,0.04751540753370948
288220,1,0,0.3921437019390543,0.5979844321662103,0.0790439086755782
288233,0,0,0.09960283704733348,0.08485207013193055,0.04051001628367428
288248,1,0,0.34982393651163574,0.07012760043984756,0.041489727350712116
288260,1,0,0.3171988911630225,0.05904828761919617,0.03654359335363746
288294,1,0,0.08443980044329555,0.05834666309853068,0.045138580473426344
288296,1,0,0.34569530946304744,0.10398988356859723,0.03660837086997847
288302,1,0,0.05830011317240865,0.1220903853336938,0.041489727350712116
288305,1,0,0.7993905782619872,0.7228374291190989,0.07792073518949832
288319,0,0,0.29399757706547525,0.15963882977412833,0.04336522917003451
288349,2,0,0.37268561865977884,0.7317101994036641,0.0588805586063968
288352,1,0,0.7394866109942825,0.5317783942850169,0.0790439086755782
288366,1,0,0.07854543140383377,0.08444879483404372,0.060569014443723486
288367,1,0,0.19934829802598142,0.18635330249061546,0.060900497067004095
288376,3,0,0.08624061378955335,0.15104519379246592,0.03212034162280356
288385,1,0,0.10860935548142088,0.09650481442203823,0.041489727350712116
288390,0,0,0.750644920972507,0.6088489137692116,0.057367129944191846
288441,1,0,0.1362412241739966,0.04531063133319314,0.03654359335363746
288444,1,0,0.44578824893673274,0.11554970342318734,0.045138580473426344
288477,1,0,0.15297941617133748,0.03525249360233759,0.03654359335363746
288483,1,0,0.2546049435078246,0.12015396239434947,0.040606377662277836
288486,3,0,0.1710868060460234,0.16916392599515148,0.04886398390899655
288488,2,0,0.10864117188961382,0.14598549245483475,0.03979579693051722
288510,0,0,0.6627485729877888,0.3182574418210603,0.07588006853286773
288523,2,0,0.069123918145912,0.10443567732966011,0.039107986745542264
288529,1,0,0.09715023190340553,0.10738267018999162,0.053452256584867484
288531,3,0,0.09121631342215046,0.0978571342961456,0.03605719321381453
288592,1,0,0.476184207627703,0.12076099686610886,0.053452256584867484
288594,1,0,0.8407691385405607,0.4634299217019746,0.05357919570313374
288621,0,0,0.5109835142749248,0.137580241427207,0.04798336410037973
288625,2,0,0.051490474733997246,0.15100623809358735,0.039107986745542264
288631,2,0,0.39834507245339157,0.11360365695102292,0.03680661143378336
288638,2,0,0.11318766670148281,0.14392945865809492,0.039107986745542264
288641,1,0,0.051804122685379095,0.11730183806899828,0.041489727350712116
288642,1,0,0.2112372461616723,0.15029693334582558,0.053452256584867484
288650,3,0,0.5687834568770435,0.2656849457836163,0.043930479489658586
288665,2,0,0.49384136563578923,0.7031610912031029,0.05596883800974349
288670,0,0,0.302340532012579,0.10932628231431898,0.047782419330315115
288671,0,0,0.23085574223663313,0.11882760722616012,0.042772479234137746
288674,1,0,0.642004354445911,0.7029490943733024,0.0790439086755782
288676,1,0,0.28132616348334827,0.10682840004161868,0.0462190103162257
288703,0,0,0.7285890311966543,0.5681242269641844,0.07300089446874852
288729,1,0,0.0720851415585533,0.1448530142850365,0.04751540753370948
288746,1,0,0.8315591065868372,0.5836377070165696,0.06646679460784717
288794,1,0,0.09778255719357744,0.03409764739158887,0.03654359335363746
288798,2,0,0.1812005894755113,0.23080622744686163,0.04761226190619499
288807,0,0,0.05375951237698994,0.18331279586460347,0.03757315020208749
288811,0,0,0.13326714542363954,0.16063234711403657,0.051880054866809626
288838,1,0,0.07220201952459179,0.10334051209986563,0.045138580473426344
288855,1,0,0.16483277348329717,0.11670569461311686,0.041489727350712116
288859,1,0,0.04955809454589919,0.08758086075222049,0.03654359335363746
288875,0,0,0.319353944787312,0.20604026578964382,0.04798336410037973
288884,1,0,0.19808063978253643,0.0795564604586389,0.03654359335363746
288896,0,0,0.6244210462417693,0.6554639170608308,0.050075388894834656
288898,2,0,0.3098613052603724,0.13647920763100205,0.043239762574341006
288908,1,0,0.23649473893191708,0.15089012814547761,0.045138580473426344
288910,1,0,0.9208729883726405,0.6307009785321229,0.0790439086755782
288913,2,0,0.09489015992913527,0.1214002715249077,0.03680661143378336
288917,1,0,0.12519480728726443,0.17796538546192864,0.045138580473426344
288941,1,0,0.2467297547482209,0.06518604711420582,0.03654359335363746
288942,1,1,0.19739313080291734,0.12079024259595393,0.053452256584867484
288962,1,0,0.1808990699139899,0.07258441224226113,0.045138580473426344
288992,1,0,0.712409526521698,0.46318054884084126,0.0572831245447108
288996,1,0,0.76507036982847,0.6893369764865653,0.0790439086755782
288997,1,0,0.3485194587760875,0.16849093995766032,0.0462190103162257
289006,1,0,0.11978426506389639,0.08296834383981269,0.03654359335363746
289019,2,0,0.19672558450565947,0.08911671339682327,0.03680661143378336
289040,2,0,0.0427616788301787,0.11387024779864667,0.040971067993468085
289047,1,0,0.2831454188982489,0.1266538807052959,0.045138580473426344
289059,1,0,0.08795851172530561,0.028668180192062853,0.03654359335363746
289086,1,0,0.6486233982554634,0.23858511675676553,0.045138580473426344
289088,3,0,0.42119512504668366,0.2930410724986537,0.09267551497511564
289098,2,0,0.449396705409124,0.11605318195014186,0.03680661143378336
289113,1,0,0.7348427848639583,0.5991842885810932,0.0498008771827325
289126,2,0,0.5842909474983007,0.5480249287128043,0.0588805586063968
289127,1,0,0.914381737361276,0.6358430898321096,0.0790439086755782
289149,3,0,0.4119739213943881,0.08255298242138304,0.04130260100135816
289154,1,0,0.2395534833326168,0.17520016981217088,0.0586887917069828
289168,1,0,0.08819232296459183,0.14891221785330797,0.0586887917069828
289180,0,0,0.05389400349696303,0.08621429910883427,0.042772479234137746
289190,1,0,0.36279250614174247,0.04744661078141845,0.03654359335363746
289203,0,0,0.6712086474507989,0.2532821527739764,0.04937617265924783
289214,3,0,0.9334651385861377,0.6117579993724304,0.13592821114002324
289215,1,0,0.1880519675441585,0.07077882656337318,0.03660837086997847
289247,3,0,0.5966133109351145,0.20232260400029034,0.04927520226889083
289256,0,0,0.3097352135138977,0.4442519678050033,0.07832280308675038
289258,1,0,0.03773963686186172,0.1749020041754611,0.045138580473426344
289260,1,0,0.2071970901813544,0.17840802274398057,0.045138580473426344
289263,0,0,0.5129991798249691,0.23924611401385815,0.05212459320698779
289275,0,0,0.25757482115003644,0.0688665780821585,0.04336522917003451
289278,2,0,0.2076342512498171,0.1387655260396941,0.039225685339645454
289284,0,0,0.31205128439571267,0.14368606608442833,0.03752219478291442
289293,2,1,0.6920092008837618,0.7018441469202125,0.0588805586063968
289307,1,0,0.09005252094955654,0.14127006230691763,0.0560522975467529
289312,1,0,0.4027842612407791,0.12435971373029828,0.045138580473426344
289313,1,1,0.8898046790293668,0.5760606612248208,0.07404344038399556
289316,2,0,0.1226212684078615,0.14008525345030107,0.04327762942775736
289327,3,0,0.2789169611157288,0.2802193936570023,0.054106666214383425
289338,2,0,0.1083897281952692,0.09677217055011993,0.03793425460871488
289350,3,0,0.5042297008237884,0.12208044177287826,0.057528451769319484
289355,3,0,0.4732032659996953,0.07152046119147756,0.034581203659480905
289356,2,1,0.4602239740053906,0.6492863180543551,0.0588805586063968
289364,1,0,0.045698730667117854,0.06252311266890487,0.03654359335363746
289365,1,0,0.06285310730938191,0.05856234047971233,0.041489727350712116
289374,0,0,0.13409090453797018,0.10264870088510017,0.03890106100826425
289380,2,0,0.18899530188218028,0.11301133255083488,0.03979579693051722
289393,2,0,0.29480504557664766,0.1391580602099019,0.04761226190619499
289404,1,0,0.05558034414197367,0.06179028730078524,0.03654359335363746
289409,2,0,0.11462702352238606,0.14044270911079465,0.03979579693051722
289413,1,0,0.18325692646460534,0.0653800913732558,0.03654359335363746
289421,2,0,0.19812271699523581,0.17177903027401403,0.03979579693051722
289424,3,0,0.3319215629314067,0.05644294056201955,0.029418258895407324
289426,3,0,0.2603157730719874,0.13219645072039155,0.057674276326454735
289470,0,0,0.2899392775006058,0.14094988229008543,0.04336522917003451
289497,1,0,0.021464666891772052,0.023808966402614474,0.03654359335363746
289501,1,0,0.2354232302461696,0.08373939488501422,0.045138580473426344
289506,1,0,0.48113207479235104,0.09041250903037266,0.045138580473426344
289582,2,0,0.30282653415736044,0.18936115238275836,0.03680661143378336
289587,3,0,0.2853885747831518,0.18383035186670876,0.044599454113254715
289590,1,0,0.6992647955368496,0.5811711717705611,0.0790439086755782
289609,0,0,0.06097316092456602,0.2544860551060316,0.04311966844081358
289611,3,0,0.9253792678006825,0.5665295894222313,0.12183555516560354
289613,1,0,0.31227156994525446,0.02524876883333911,0.03654359335363746
289614,1,0,0.24450314912567933,0.026787913599832885,0.03654359335363746
289621,1,0,0.40431309784814967,0.4473483096542126,0.0498008771827325
289663,1,0,0.16594102994579718,0.11285167132645472,0.053452256584867484
289668,1,0,0.12329288508761897,0.10004598913125998,0.041489727350712116
289709,2,0,0.7578952609851748,0.721964248371245,0.0588805586063968
289717,1,0,0.6930193465963784,0.6244752313246233,0.0790439086755782
289733,1,0,0.3682876366684999,0.06148807265581998,0.045138580473426344
289745,0,0,0.10862033639718958,0.1195327351764824,0.043131446758103056
289749,3,0,0.6507163242214586,0.35259559129205537,0.05176712667778495
289777,1,0,0.13938676290146698,0.0457863021076976,0.03654359335363746
289780,3,0,0.45878322272042243,0.37041697951373814,0.09235303368848709
289796,3,0,0.39421512744293125,0.19457178624468277,0.0454990565712335
289808,2,0,0.2533646002757361,0.14947117271134602,0.03979579693051722
289821,1,0,0.1483257214632054,0.05490166263678116,0.03654359335363746
289836,1,0,0.23930150133610276,0.08390205006645432,0.045138580473426344
289841,1,0,0.7996508074938696,0.6407250613301753,0.0790439086755782
289849,1,0,0.9332900340260174,0.6031712838554049,0.0790439086755782
289855,2,0,0.19177289484780374,0.08758268330315568,0.039107986745542264
289857,3,0,0.9421583276141745,0.7736942337137614,0.14595779145794593
289864,2,0,0.07315478881844555,0.13475614738631697,0.03680661143378336
289865,3,0,0.34102616029738464,0.29055082981465136,0.05228841872988861
289894,0,0,0.8080116077012559,0.5665352418276928,0.07511823348348311
289904,2,1,0.7144704865979419,0.4776877100294459,0.05340375515755404
289912,2,0,0.7563538434101063,0.6974414904054106,0.0588805586063968
289925,1,0,0.16265080024690087,0.07384257797668625,0.03654359335363746
289934,2,0,0.3788827144469944,0.13753776345857185,0.043239762574341006
289937,0,0,0.13061997537820141,0.08109243631153917,0.042772479234137746
289955,1,0,0.3067343428013224,0.07413575929376481,0.03654359335363746
289973,1,0,0.2537977816793952,0.09534424051730157,0.045138580473426344
289978,1,0,0.4799024337017404,0.07704542872780488,0.04420824718515211
289988,1,0,0.05372777308573171,0.056979954409904464,0.03654359335363746
290001,2,0,0.18573352728042783,0.0999997650742003,0.039107986745542264
290009,1,0,0.3010451400076343,0.2916151546477266,0.059005144149815544
290013,2,0,0.24556528662819996,0.15229552853090678,0.03979579693051722
290070,3,0,0.5505756082739153,0.1038091909415825,0.03597624256040171
290072,0,0,0.3320094653598313,0.16726145469005632,0.045779545930920554
290112,0,0,0.10945710297784113,0.1394996056522222,0.04621769439688106
290130,1,0,0.9458347615679851,0.5359705846736049,0.0790439086755782
290132,3,0,0.5667568982002903,0.30765049262113514,0.033003174378046604
290167,1,0,0.1565655549735087,0.04523920238850332,0.03654359335363746
290207,3,0,0.5260835219148887,0.20680318899008598,0.040777269785311474
290231,1,0,0.43005201530770654,0.17685109187713752,0.0506233382542699
290245,1,1,0.8836835684958195,0.552245548964136,0.0498008771827325
290282,1,0,0.6111434402252272,0.20847665592635908,0.045138580473426344
290306,1,0,0.602656610333515,0.031164482418527487,0.03654359335363746
290308,2,0,0.2674113601219796,0.08975160817797465,0.03680661143378336
290317,0,0,0.34244083169341993,0.16136664263723038,0.040787904309439904
290328,1,0,0.045704508693718754,0.16542119659882404,0.05400653719607418
290336,3,0,0.9667064771831582,0.641244974733749,0.11373233141485455
290355,3,0,0.37013379249446166,0.3547201510221114,0.07240044674989456
290365,1,0,0.07505273159160529,0.0806630938217253,0.03654359335363746
290369,3,1,0.9449247507692101,0.5809494301482203,0.13751179776293734
290372,1,0,0.26829859661695715,0.10334061605098883,0.0586887917069828
290375,0,0,0.805429155551849,0.8155993264719144,0.07832280308675038
290388,1,0,0.5377624158725477,0.05575886352266101,0.03654359335363746
290392,0,0,0.3002592536049972,0.1484785068605584,0.04366825624270881
290418,3,0,0.4914633512150162,0.2630633675168221,0.10313984861782015
290422,0,0,0.7749360836800984,0.5899802931908447,0.07188250290541333
290424,3,0,0.8099829481673215,0.7335973854440173,0.11167793529915958
290432,3,0,0.5852833179872757,0.11877230632864895,0.04487994280881298
290436,0,0,0.2028819740188236,0.14907402056838145,0.04940040891194944
290441,1,0,0.09250874869073696,0.13630079519301178,0.053452256584867484
290442,1,0,0.05581627796514342,0.10673734980330819,0.03654359335363746
290446,3,0,0.4306660087928589,0.15317935177842737,0.0659064441276043
290459,2,0,0.2608241706859876,0.14972467357202193,0.041224037052829364
290463,1,0,0.1306871861747616,0.06830310049548693,0.03654359335363746
290480,2,0,0.6605914509079953,0.7063963814321403,0.0588805586063968
290515,3,0,0.4822985252397447,0.3605612985771596,0.10322438342065351
290516,1,0,0.22273170950732663,0.16506667029971575,0.041489727350712116
290517,1,0,0.24017827634169306,0.05087110812110773,0.03654359335363746
290518,2,0,0.2577884413063188,0.15792498712831166,0.039225685339645454
290520,3,0,0.8907336582701845,0.6727306991365525,0.11289279720066278
290524,2,0,0.064355207224802,0.17875151484470184,0.03680661143378336
290548,1,0,0.18444771005678742,0.02886458795672263,0.03654359335363746
290574,3,0,0.08270878396175742,0.09534516048098024,0.03664799506840125
290580,1,0,0.8485121661960656,0.6339077148459432,0.0790439086755782
290590,2,0,0.14883840969718115,0.18151914286727244,0.039225685339645454
290594,1,0,0.07997376609279287,0.05868430030299641,0.0462190103162257
290655,2,0,0.3697915879556173,0.18604036662172888,0.039107986745542264
290676,0,0,0.15497038667264862,0.13060957851113544,0.04336522917003451
290682,3,0,0.3712089413989037,0.05403467434877306,0.03004456561461502
290707,0,0,0.788504756070068,0.650798786397607,0.05227200185427879
290731,2,0,0.15064437296275604,0.21382703095351271,0.041224037052829364
290760,1,0,0.5078941899785011,0.07560177311258295,0.04278709843626327
290768,3,0,0.6754823600728981,0.6638691858224207,0.10396280868119788
290779,0,0,0.11536383108123316,0.07201834099557192,0.04051001628367428
290788,2,0,0.38977600191562367,0.7743914698300499,0.0588805586063968
290798,1,0,0.091716809036315,0.23007936518927796,0.045138580473426344
290809,0,0,0.1978028735457944,0.08459951122960532,0.04051001628367428
290815,3,0,0.677158010663011,0.811653189583937,0.1526200870288886
290821,1,0,0.2377344273299921,0.2054048225257301,0.060900497067004095
290838,2,0,0.29797678736338506,0.11343437529996865,0.03793425460871488
290839,1,0,0.286757494787,0.15277718770940937,0.045138580473426344
290850,1,0,0.7838279033395721,0.5765724126364311,0.0790439086755782
290851,3,0,0.9678381976118106,0.5527617337000177,0.13136975295365852
290859,2,0,0.7075732753297175,0.6748918151849765,0.0588805586063968
290870,1,0,0.03945939981307311,0.16763984266074708,0.041489727350712116
290887,0,0,0.2892979555941479,0.13768623379319211,0.03992228278318054
290918,1,0,0.037752511804631995,0.10765918150615297,0.041489727350712116
290925,3,0,0.6783069072783383,0.5822548011765677,0.15078794836266926
290928,1,1,0.8857066183068567,0.6044507837399542,0.0790439086755782
290963,3,0,0.9544567592736671,0.48133429538685485,0.15150051077150656
290996,0,1,0.8065618171212613,0.788746845411324,0.07535850075769517
290997,1,0,0.2227722431616457,0.30762986715394125,0.0462190103162257
291012,3,0,0.36828236747498966,0.06972568867390538,0.03278296239764436
291015,1,0,0.7582763452568816,0.551764287509883,0.07404344038399556
291025,3,0,0.9070020354194137,0.6542553768531691,0.13607214898630346
291027,2,1,0.756946640193401,0.7905957753754345,0.0588805586063968
291030,1,0,0.31890307856571726,0.022767261187114002,0.03654359335363746
291034,0,0,0.2482454912992319,0.27731949286271657,0.06033967531248347
291049,0,0,0.098363431751764,0.13949337215790045,0.03890106100826425
291054,2,0,0.6228132048195372,0.8255504970780847,0.0588805586063968
291059,1,0,0.7918498292628064,0.6769612989352336,0.0790439086755782
291060,3,0,0.3407129751225526,0.06148282779551757,0.035310110532852546
291073,0,0,0.0755749877560671,0.13674291024312746,0.045267486126968695
291081,1,0,0.19736942314486727,0.04261011060252752,0.03654359335363746
291082,3,0,0.642413082705453,0.07588762430531851,0.031694530747468634
291088,2,0,0.10756970368787118,0.18883889867042009,0.04883118523478495
291119,2,1,0.5861722293234332,0.7966313697627367,0.0588805586063968
291137,0,0,0.3440600816524388,0.12270179143187314,0.040787904309439904
291143,1,0,0.02549219757287443,0.05846991888498015,0.03654359335363746
291146,2,0,0.18152890941694674,0.11386137578236251,0.03979579693051722
291156,0,0,0.24817597742598296,0.1463253026891747,0.040489808151414564
291157,3,1,0.6939308544081552,0.7425887774464099,0.12370897013705036
291159,0,0,0.16090001886787572,0.08444556476635355,0.04579907598057319
291161,1,0,0.5518494162066857,0.23319338987686575,0.0586887917069828
291162,1,0,0.44084101498764716,0.19626111682029532,0.053333301135973836
291176,1,0,0.24173370372623543,0.12759289786658315,0.045138580473426344
291177,0,0,0.15524456342642112,0.13469923630054972,0.03760148981045666
291178,1,0,0.42872065531960485,0.14100015344980643,0.045138580473426344
291191,1,0,0.350271346686988,0.13109075345158516,0.05430418072875823
291192,1,0,0.4592851512014598,0.03975905128264825,0.036721316141216785
291201,1,1,0.8328785093836786,0.6371093089148302,0.0790439086755782
291235,1,0,0.08829808784573602,0.05492808433327915,0.03654359335363746
291255,1,0,0.498136778277151,0.7134288965073332,0.0790439086755782
291266,1,0,0.6236350592181075,0.7608130492341875,0.0790439086755782
291278,1,0,0.6842253275328125,0.5494977822119607,0.06385930171838845
291284,1,0,0.7009148138911951,0.7492660721884064,0.08105812253669475
291291,2,0,0.13823021037758002,0.11416199786340896,0.04785905696083482
291292,1,0,0.12110963487423508,0.07347544283320148,0.045138580473426344
291339,2,1,0.4193556679780392,0.7255370707340083,0.0588805586063968
291343,3,0,0.3991224993968669,0.22108731204461043,0.042121770282892386
291351,2,0,0.5448597095627535,0.7282805775967579,0.0588805586063968
291365,1,0,0.08538507746378335,0.09376030529351706,0.03654359335363746
291366,3,0,0.15147066655556507,0.12482328153128996,0.055733768532232816
291371,1,0,0.8444528555446116,0.5089266180506078,0.0572831245447108
291385,3,0,0.6892835851964316,0.541341869573847,0.0948863326963725
291401,1,0,0.19903746631142993,0.03415592728298291,0.03654359335363746
291410,1,0,0.7875443561621002,0.4314486069838858,0.06385930171838845
291413,1,0,0.7434821968528765,0.5709693456502078,0.0790439086755782
291415,2,0,0.4831901095789641,0.7720922643418798,0.0588805586063968
291424,3,0,0.8178313877270713,0.4532737669241564,0.1409162877193864
291432,1,0,0.8705629175527543,0.7464499827957597,0.0790439086755782
291484,1,0,0.06943829894900655,0.02939066955702664,0.03654359335363746
291486,1,0,0.06559962634380757,0.08856651077297392,0.041489727350712116
291516,3,0,0.42950123017283537,0.27888047399397387,0.05115141564867701
291519,1,0,0.08666300843945393,0.13313106490081833,0.06578065933042877
291548,1,0,0.3060196976327245,0.13693098278386137,0.045138580473426344
291552,1,0,0.1989322839357415,0.1059733084198227,0.05430418072875823
291574,2,0,0.5595497095399156,0.5890507273190838,0.0588805586063968
291576,1,0,0.25652254958289583,0.13799695979574933,0.045138580473426344
291583,1,0,0.7080577946899883,0.5642318380268236,0.07843589644846584
291593,2,0,0.11509134005780702,0.2738102209685234,0.041224037052829364
291595,1,0,0.0415445676467979,0.08178322508620753,0.060569014443723486
291601,2,0,0.39613824237921375,0.1383525446616822,0.03793425460871488
291610,1,0,0.32620200670124216,0.11919152764932434,0.04762177173003558
291612,1,0,0.3553923152876235,0.04332962936923138,0.03654359335363746
291622,1,0,0.5124329703403052,0.05206565968964445,0.03654359335363746
291632,1,0,0.04948609925295566,0.08228086302814817,0.057772283877401805
291658,2,0,0.6070260561495343,0.7023033441370049,0.05596883800974349
291661,1,0,0.3085248396131511,0.06930722551749628,0.04278709843626327
291664,1,0,0.05427061979831528,0.20440437998691333,0.04735892056685851
291668,1,0,0.13279131715837553,0.1529454374760388,0.04916595741654698
291673,1,0,0.3094317585900663,0.17079394545873466,0.060900497067004095
291687,1,0,0.3123602001586372,0.041245658404196715,0.03654359335363746
291724,1,0,0.36209433432315846,0.052781429362935374,0.03654359335363746
291751,1,0,0.3287839453097035,0.12479093037280575,0.04762177173003558
291760,3,0,0.18750007207696168,0.13827791894072294,0.037511598533128174
291789,1,0,0.25113554342250266,0.26062738645617495,0.049952408474690416
291792,3,0,0.7207784903164757,0.6829784243450527,0.1206498306517534
291805,2,0,0.04874152879358162,0.1371386461700651,0.039107986745542264
291806,1,0,0.16744082686930487,0.028322773546059946,0.03654359335363746
291812,2,0,0.6349419084793051,0.6057534423980299,0.05171434606710744
291834,1,0,0.4579087316058101,0.0401016905465974,0.03654359335363746
291839,2,0,0.19953101028258216,0.08549090985952244,0.03979579693051722
291850,3,0,0.3691499332305955,0.21561178057213534,0.04326788190468338
291856,0,0,0.23156447858978535,0.09798522439835482,0.04366825624270881
291864,1,0,0.4524264068858912,0.1912540556952825,0.045138580473426344
291883,3,1,0.889627984057418,0.3529543659927849,0.14026750311002453
291891,2,0,0.15012583226509832,0.17528195284504494,0.05526959489511729
291893,3,0,0.806647870870833,0.6708356101899214,0.13401119243118037
291898,0,0,0.2203851820077658,0.07723641152003385,0.04505822797226639
291900,1,0,0.17838563026617762,0.11729191084188556,0.07497444965607183
291901,2,0,0.26624508807643926,0.14317098606462875,0.03680661143378336
291903,1,0,0.04240189809807128,0.05591228653201339,0.03654359335363746
291907,2,0,0.4338131523635845,0.14588851081397405,0.03979579693051722
291911,3,0,0.6309666852390071,0.1023235071314971,0.03461290893428079
291922,1,0,0.08429164257510956,0.09110136104124987,0.053159020008777216
291934,3,0,0.3744350841627606,0.17100546386271565,0.08090214678592586
291938,2,0,0.1849118006143685,0.12691232867066604,0.039107986745542264
291953,1,0,0.8543356821673754,0.5057556046671481,0.07792073518949832
291954,1,0,0.4602487945675694,0.16104821903133906,0.045138580473426344
291956,0,0,0.12450334098127011,0.09943215367372601,0.04051001628367428
291959,1,0,0.24229531564927947,0.16959445232450152,0.057772283877401805
291979,1,0,0.1519720409959346,0.09023207987373454,0.045138580473426344
291984,3,1,0.6953301660339972,0.656542905064261,0.12787674145529587
291989,0,0,0.21300943070462916,0.1727378398694664,0.03579088590500353
291996,3,0,0.22671505544933396,0.06963387573098521,0.029593443234306887
291998,1,0,0.31943221657835646,0.07554681363105643,0.03654359335363746
292003,1,0,0.3195369705343257,0.15882733733885024,0.04762177173003558
292005,3,0,0.9173333954234993,0.6761780828446661,0.1434016802687388
292014,0,0,0.20613070098056266,0.1686371823331521,0.03861531372685975
292033,1,0,0.5901007379296468,0.04501519308205443,0.03654359335363746
292034,2,1,0.5259458913901869,0.7930026448825334,0.0588805586063968
292040,2,0,0.04201186771632736,0.13262142574818833,0.03895652060433919
292048,2,0,0.19084563765287216,0.13632676515314732,0.03979579693051722
292057,2,0,0.6852584105301774,0.7428063377971614,0.0588805586063968
292069,2,0,0.3861637885394201,0.09769861839991051,0.03680661143378336
292070,1,0,0.4269021225294086,0.06786957055513004,0.04420824718515211
292071,3,0,0.8981789437180615,0.34029013572453365,0.14539936666567302
292084,1,0,0.07360477171325794,0.12217663169055515,0.041489727350712116
292091,1,0,0.8988922443461259,0.48488064157948024,0.07396643437346692
292092,1,0,0.6180801960131466,0.5843858734508773,0.0790439086755782
292095,1,0,0.17712343554080495,0.044703249774601564,0.03654359335363746
292098,3,0,0.8243579193393418,0.4091778982881267,0.0544615171257408
292120,1,0,0.43212330499823937,0.21250289751616294,0.041489727350712116
292124,2,0,0.1163475502601562,0.17530411361904286,0.03680661143378336
292126,1,0,0.24748301820566557,0.05528197225991313,0.04378138947711741
292147,2,0,0.14458569674948085,0.12411766362718818,0.03793425460871488
292149,2,0,0.2983545682071622,0.11193667502637257,0.043239762574341006
292150,1,0,0.4790844439255344,0.06251442655571744,0.03654359335363746
292155,1,0,0.13817817332015025,0.12739681032662287,0.053452256584867484
292164,2,0,0.13603291758063818,0.17788205495429155,0.04761226190619499
292166,1,0,0.2490925833401225,0.08639891601012006,0.045138580473426344
292170,0,0,0.6477274987335008,0.6105224240441458,0.0733964989286737
292171,1,0,0.13713045865882584,0.17567687656022293,0.045138580473426344
292174,3,0,0.7193458356255418,0.36356756193413436,0.04597336613131745
292187,1,0,0.245322928755055,0.10480356016950766,0.045138580473426344
292198,1,0,0.05567435401416258,0.057908557418054105,0.045138580473426344
292222,2,0,0.7387468557148293,0.746647075384417,0.0588805586063968
292237,0,0,0.2189456713736928,0.19831110587095993,0.03556233395198523
292239,1,0,0.43237461887729733,0.07680498080209118,0.04278709843626327
292256,1,0,0.1627778270852816,0.05230546320871169,0.045138580473426344
292264,2,0,0.44984800171722616,0.6139400350342388,0.05786868058135989
292271,1,0,0.6754983214138655,0.25849138336288163,0.045138580473426344
292274,1,0,0.09940819160316278,0.04834174986694292,0.041770438271605204
292282,3,0,0.5617359985971256,0.258492715042187,0.06251755179110771
292292,2,0,0.7327992293361466,0.684879262677554,0.05786868058135989
292300,2,0,0.14731203140157145,0.10456180643936534,0.03979579693051722
292326,0,0,0.33486964322604296,0.13319884838136542,0.0442515640793245
292338,2,0,0.185008825276732,0.12181416742932524,0.03979579693051722
292349,1,0,0.08402711515270518,0.05849035547695313,0.045138580473426344
292360,2,0,0.2680341261490121,0.09534821258800504,0.043239762574341006
292374,0,0,0.1602880422670703,0.25111237597959407,0.05720352024939196
292375,2,0,0.21165874619066297,0.1216700925909759,0.04761226190619499
292380,0,0,0.7277429945091058,0.6534135602512536,0.0575384827200743
292387,2,0,0.44579982038626204,0.6923072166265669,0.0588805586063968
292400,3,0,0.23492172605064093,0.18763708323039327,0.06507828873228809
292411,2,0,0.5518976896837408,0.7428241849846634,0.05786868058135989
292438,1,0,0.048988677302261814,0.12470465949728976,0.06732034029303058
292449,2,0,0.2746036739537184,0.20457368732299513,0.03680661143378336
292452,0,0,0.5497107419306602,0.4494777729113493,0.07832280308675038
292464,1,0,0.8106352808696194,0.5927653034890138,0.0572831245447108
292465,3,0,0.6688413959077989,0.8044158913667827,0.1457392623092359
292468,1,0,0.6898000116252324,0.5213938926863447,0.0790439086755782
292507,0,0,0.2247320446603334,0.1328309331232332,0.03890106100826425
292525,2,0,0.15517171277351272,0.13845799776695925,0.03680661143378336
292531,3,0,0.1163401524976398,0.19646820761018854,0.08307891614289686
292550,1,0,0.32042792679737814,0.07350337490736453,0.045138580473426344
292577,1,0,0.30050771604575355,0.02937078699668438,0.03654359335363746
292588,1,0,0.2133716830272649,0.06767402706091309,0.03654359335363746
292599,3,0,0.3941946209353709,0.13864896445867583,0.06931040942525069
292610,3,0,0.8063670746003125,0.8035886552052856,0.1526200870288886
292630,1,0,0.42634389844840226,0.07002042714719994,0.03654359335363746
292647,3,0,0.30568975971056256,0.06966599594871074,0.04731137321320009
292649,2,0,0.038962258631150735,0.12467582558700745,0.03680661143378336
292700,3,0,0.6317950375626047,0.27824272115448406,0.06787279992731311
292705,1,0,0.35542233760288183,0.04887039689156275,0.04420824718515211
292725,2,0,0.06851151153522626,0.09078958946942665,0.03979579693051722
292731,1,0,0.2503797206525009,0.06003656138621943,0.041489727350712116
292735,2,0,0.31782974934300057,0.08341826932712992,0.041224037052829364
292736,3,0,0.898904225222001,0.4811092455050594,0.14699144772728512
292746,1,0,0.14348192522353906,0.15532881459454045,0.045138580473426344
292749,1,0,0.10751336534703937,0.11046372765457234,0.041489727350712116
292774,2,0,0.2765828599092314,0.12766000727424726,0.044064117889810656
292776,1,0,0.3558424624642362,0.06581256300707117,0.045138580473426344
292790,3,0,0.6415700717568682,0.7464363459102339,0.1388457635224635
292806,1,1,0.5506146130342383,0.44093515679930384,0.0498008771827325
292821,1,1,0.22016741152059163,0.10590478952319686,0.041489727350712116
292823,3,0,0.7001195776155996,0.2534298336657608,0.05666363938814677
292833,3,0,0.8222342004972838,0.752297594163499,0.13502368291945227
292837,1,0,0.5987734207778531,0.07550365530280183,0.045138580473426344
292839,1,0,0.4874941321206849,0.21969122838406008,0.045138580473426344
292884,1,0,0.4768545002234749,0.09861312401125832,0.03654359335363746
292885,1,0,0.06872790271532105,0.10820132380271992,0.05400653719607418
292890,1,0,0.3779325094044775,0.0923237806147435,0.03654359335363746
292913,2,0,0.15819890121407845,0.11571585949853377,0.03979579693051722
292936,1,0,0.17115069740334368,0.043540396788090005,0.03654359335363746
292962,2,0,0.06234293453234275,0.1501526452776943,0.05526959489511729
292976,2,0,0.37048115419741684,0.7469046068906005,0.0588805586063968
292982,1,0,0.11818008273897208,0.1399924713407764,0.05430418072875823
292992,1,0,0.31642429818872486,0.12318181387739328,0.045138580473426344
293013,0,0,0.19667575707457344,0.09104676848977937,0.04336522917003451
293015,1,0,0.28879151709778816,0.05931237620777983,0.041489727350712116
293024,1,0,0.8756456205875414,0.5558386940615319,0.0790439086755782
293032,2,0,0.6506464369148327,0.6976232010696392,0.0588805586063968
293034,1,0,0.3710776752587423,0.06363044275529367,0.045138580473426344
293041,3,0,0.6538126562527548,0.7038239193544114,0.12714805283226913
293050,3,0,0.49879364450288205,0.08823603623240853,0.04155247903267415
293056,1,0,0.43231399996289,0.1799349254361548,0.05430418072875823
293065,1,0,0.5705305467150179,0.08577300285262494,0.045138580473426344
293067,1,0,0.12974781321803117,0.1379697051212809,0.05149621395102403
293087,3,0,0.4628482695704515,0.1769047669788205,0.04043161131668867
293088,1,0,0.07529557827073623,0.09248256306869201,0.05400653719607418
293117,0,0,0.20066802722207158,0.1692019138331857,0.040787904309439904
293128,2,0,0.11398584332602293,0.07544610558665249,0.039307208021911476
293140,0,1,0.6135557152606468,0.6585314840710812,0.0699314596161306
293143,1,0,0.35343727065342445,0.09088686785655757,0.03654359335363746
293151,1,0,0.38711304086521175,0.09409898790150234,0.03654359335363746
293156,3,0,0.14344421048682696,0.21651425355719603,0.10703663717017052
293173,0,0,0.2887024018675407,0.06560550014246493,0.03579088590500353
293194,3,0,0.581065199365009,0.15915407038194188,0.049158588813926915
293246,1,0,0.11267168785881547,0.06485680047719375,0.03654359335363746
293249,3,0,0.23635298165261037,0.12193202500501117,0.03526692582990173
293268,3,0,0.35832987137074346,0.15137929468378047,0.04126797959420048
293270,3,0,0.9612628026571384,0.8281339051948909,0.1551493424593486
293277,2,0,0.08237089075111266,0.10747516404634215,0.03680661143378336
293283,1,0,0.4378665907625423,0.1555306766465124,0.045138580473426344
293289,2,0,0.10314257033303698,0.1276973724763712,0.043239762574341006
293291,1,0,0.5083254608155354,0.13920649516714761,0.03654359335363746
293297,0,0,0.16760179769017391,0.08101745757751312,0.043131446758103056
293308,3,0,0.4952838487514429,0.23786004345935108,0.058825810651397005
293329,1,0,0.029981237400921346,0.13139658517638567,0.045138580473426344
293347,3,0,0.5104635184949331,0.07056285233344659,0.029593443234306887
293348,2,1,0.6936569523741368,0.7127625039209383,0.05786868058135989
293356,1,0,0.7094386380024508,0.7134775985323658,0.0790439086755782
293360,1,1,0.6544028143545129,0.31557461580268387,0.0506233382542699
293383,1,0,0.7048089182679882,0.6233451225952986,0.0790439086755782
293392,1,0,0.46488244622335495,0.06391338211443931,0.03654359335363746
293401,2,0,0.08550226610674236,0.08002262525980465,0.03680661143378336
293402,1,0,0.0706360677792455,0.10623816168291521,0.051665630257641856
293420,3,0,0.5665276297233717,0.35832720741450574,0.05362659703187883
293422,2,0,0.33616537427034904,0.1442676331323768,0.03680661143378336
293426,3,0,0.3282497821720616,0.08795194356557018,0.038881947833104495
293435,1,0,0.09130454048267277,0.10856729367891653,0.04691585217692644
293440,1,0,0.12865812578349808,0.0916955812217916,0.04278709843626327
293456,0,0,0.23100046058111695,0.10835601207821245,0.045267486126968695
293459,1,0,0.07644563927892016,0.10262079097275073,0.057772283877401805
293464,1,0,0.21195280021110366,0.08613163792035004,0.04762177173003558
293472,1,0,0.14794138813086175,0.04376214328011395,0.04420824718515211
293488,0,1,0.7639421613829895,0.6671023391594807,0.071548513217965
293490,2,0,0.1786464277646053,0.16199771457579865,0.04761226190619499
293493,2,0,0.2581706933829442,0.14589539459085227,0.043239762574341006
293508,1,0,0.2586930895564518,0.058334552794814636,0.045138580473426344
293596,3,0,0.7498203660800077,0.6369846688362679,0.11199575060694711
293600,0,0,0.2554722716513596,0.13511669214440877,0.03579088590500353
293607,1,0,0.0734212666063124,0.14916992516418012,0.041489727350712116
293611,1,0,0.30842777138599625,0.08248342491644517,0.045138580473426344
293624,2,0,0.43402885105427297,0.7880173224709536,0.0588805586063968
293635,2,0,0.23906975310367548,0.151328591836296,0.03979579693051722
293650,0,0,0.1556086184809443,0.16633723430497485,0.043065190572814514
293653,0,1,0.5802415807176056,0.7363787913775294,0.071548513217965
293654,1,1,0.7056371811992489,0.6009496903260856,0.0790439086755782
293658,1,0,0.3325267163215561,0.0871626887410887,0.045138580473426344
293668,1,0,0.3737654091210124,0.12313978354053022,0.05430418072875823
293684,0,0,0.17001983767914505,0.18155245046309804,0.05720352024939196
293685,2,0,0.24159919438638783,0.16606471924212463,0.03979579693051722
293688,1,0,0.4198932566241415,0.0664355445668645,0.03654359335363746
293696,2,0,0.24003954440711725,0.23120843131525942,0.039225685339645454
293719,1,0,0.9065314461526719,0.5721722888608873,0.0780079922593909
293737,2,0,0.2249575899089626,0.171749567510515,0.04401103510171641
293747,2,0,0.7441804468935953,0.6096313723347454,0.05596883800974349
293749,1,0,0.38103067558022213,0.030619982544019986,0.03654359335363746
293751,2,0,0.2867637006234581,0.09811349368516964,0.03680661143378336
293752,2,0,0.2791516551194204,0.10776431341407319,0.04327762942775736
293756,3,0,0.07410618659094971,0.13617280122702655,0.07262963738521434
293763,1,0,0.8448725373254412,0.6009574911559951,0.07897091022620364
293775,1,0,0.90431934456998,0.4846617808775849,0.07404344038399556
293784,0,0,0.27080613277223203,0.18967501685369187,0.04505822797226639
293806,2,0,0.047959055170375325,0.10520763440549988,0.043580855346294765
293815,1,0,0.20451546682593982,0.10674865921393815,0.045138580473426344
293822,3,0,0.09465763911169287,0.10465949247905394,0.0338187034253767
293834,1,0,0.050623713772326,0.11509456684556256,0.05149621395102403
293860,0,0,0.20944186449953967,0.13131612264352763,0.04398968362446854
293867,2,0,0.08243464059544829,0.08352586287429423,0.03680661143378336
293873,2,0,0.18773825339891836,0.12317825579712256,0.03793425460871488
293876,1,0,0.26713938026029976,0.04362419653150686,0.03654359335363746
293887,3,0,0.17554078233243195,0.2535197235183802,0.08304555281687663
293931,0,0,0.17536234904718842,0.13696561592236287,0.042176215735892836
293971,1,0,0.1950681178997622,0.20792819089261208,0.045138580473426344
293972,1,0,0.03551044022070529,0.06946991773000664,0.03654359335363746
293976,0,0,0.18118432961379358,0.10669588548811669,0.04051001628367428
293978,1,0,0.2954188138305376,0.13293226104554368,0.045138580473426344
293986,0,0,0.19739397798638392,0.1071067915400601,0.03890106100826425
294006,3,0,0.39543115459121986,0.734330635440823,0.14946520183996911
294027,0,0,0.603458733509737,0.7792796532632285,0.07832280308675038
294033,1,0,0.07059023536853154,0.12042252598262466,0.041489727350712116
294042,1,0,0.16610218297188722,0.07472786591562873,0.03654359335363746
294053,1,0,0.16673848866126673,0.10487434794959866,0.05400653719607418
294054,0,0,0.23645485808568473,0.11652159605288899,0.040787904309439904
294056,3,0,0.1637249075593545,0.13164558884091984,0.042104505610400716
294098,1,1,0.5138586104212355,0.15027234616081472,0.03654359335363746
294104,3,0,0.5123196192701471,0.604663475758732,0.1275511244214187
294106,0,0,0.38169322645539916,0.12596716064221639,0.04107751169898964
294110,3,0,0.6452989702686021,0.3920252024381539,0.05176712667778495
294114,3,0,0.8455046531266155,0.650720501456751,0.12203251562976326
294127,0,0,0.18851064859325364,0.21137032461041222,0.04632701668158845
294133,1,0,0.27433153686560546,0.08444227765544855,0.045138580473426344
294136,3,0,0.8928520145913987,0.5703850238418453,0.13401119243118037
294137,1,0,0.16010148595659396,0.19486407510045312,0.03654359335363746
294141,1,0,0.3629638670611551,0.12448111913760218,0.04762177173003558
294149,2,0,0.4859271712357675,0.757743139126596,0.05786868058135989
294165,1,0,0.900561524482191,0.5556593971033037,0.07843589644846584
294192,3,0,0.6120816441074022,0.25102278966914443,0.07639164524895643
294203,1,0,0.12225365321870306,0.04762236557691528,0.03654359335363746
294221,2,0,0.18481829769849598,0.13094880481725624,0.03793425460871488
294225,1,0,0.23388860643993065,0.05090317072308666,0.045138580473426344
294243,1,0,0.2949763259510491,0.036252886485510116,0.03654359335363746
294247,1,0,0.3886495146880426,0.0868718808807238,0.03654359335363746
294251,0,0,0.18693474480373545,0.22259001299647238,0.03861531372685975
294252,1,0,0.2622290045494096,0.1898320477053809,0.060900497067004095
294271,1,0,0.04267258701627748,0.07607424867191807,0.03654359335363746
294305,3,0,0.4786052670757335,0.24225118278020236,0.042353365082943815
294309,1,0,0.3232873715168065,0.07858258544390305,0.03654359335363746
294318,2,0,0.15197381901254953,0.18618932206912964,0.045079879229967756
294319,1,1,0.7740669170180801,0.49677495968072977,0.0790439086755782
294321,3,0,0.19477351111420474,0.08459152715175987,0.03760256005918013
294360,1,0,0.8598079934957438,0.410766184765527,0.0790439086755782
294362,0,0,0.4255640630210346,0.28171371040428567,0.04653078263245819
294373,3,0,0.8808425722922038,0.6375496969854781,0.14467911195702587
294382,1,0,0.12850150036228697,0.032745124464155,0.03654359335363746
294390,0,0,0.23233157434053658,0.13741447294819042,0.037467761089925444
294436,3,0,0.9537867273411076,0.25343080973702525,0.13020110964336556
294444,1,0,0.222370424848063,0.07892711200389517,0.045138580473426344
294463,3,0,0.7788508498260973,0.7454480578919778,0.12399378257581253
294466,0,0,0.5976144879173386,0.40677766060591236,0.07832280308675038
294471,3,0,0.6814951597779593,0.28328662362825147,0.04950655313003038
294482,1,0,0.22123701074404434,0.14177560208587323,0.053452256584867484
294483,1,0,0.06208493199916565,0.09341876568213082,0.03654359335363746
294490,2,0,0.12673764260394135,0.1710996173603296,0.03979579693051722
294494,1,0,0.5331203449797307,0.03770723682283638,0.03654359335363746
294511,3,0,0.3036947369649665,0.07514723407565724,0.03297750260037152
294518,1,0,0.369254319102745,0.09269492976075025,0.0462190103162257
294519,1,0,0.8237706883404817,0.579126206002023,0.0790439086755782
294524,1,0,0.8541826927463749,0.7447972515803544,0.08105812253669475
294525,2,0,0.7052168881134702,0.7995477231220474,0.0588805586063968
294534,1,0,0.04645306468027315,0.06097481215018432,0.045138580473426344
294535,1,0,0.8159565877896771,0.6123687689927225,0.0790439086755782
294551,2,0,0.0522715568916586,0.0706652034201915,0.041224037052829364
294587,2,0,0.1530828998694253,0.13748269563233487,0.041224037052829364
294590,1,0,0.4865747000541101,0.19539678434420593,0.045138580473426344
294600,2,0,0.339656777382954,0.14540392119293036,0.03680661143378336
294613,1,0,0.8767831056884683,0.7084012109368174,0.08105812253669475
294631,1,0,0.6514789370920807,0.6752530982302936,0.0790439086755782
294633,1,0,0.9012084286734037,0.4891344881399462,0.0780079922593909
294642,1,0,0.6610492876513953,0.5368618054358322,0.0790439086755782
294652,1,0,0.6594719575227933,0.21470965289070132,0.05430418072875823
294665,2,0,0.33646265074014614,0.13157717136200478,0.04761226190619499
294668,0,1,0.8295761197999787,0.749040334895053,0.07832280308675038
294693,1,0,0.3832524747850521,0.17213011331524636,0.04691585217692644
294697,2,0,0.1347470430549226,0.08187906241841768,0.03979579693051722
294700,2,1,0.11287475513215604,0.2314734846088581,0.04801570906124794
294707,2,0,0.49579444299122344,0.43432893982068654,0.05340375515755404
294716,3,0,0.26499451840300586,0.2939041919941211,0.10371633420105998
294732,1,0,0.786380908381058,0.45524298156871995,0.07843589644846584
294733,0,0,0.12055492354646094,0.1006998464217165,0.04553336742124675
294746,1,0,0.08168358296539949,0.11278582833310692,0.057772283877401805
294763,1,0,0.8206413956141619,0.5051276337132461,0.0498008771827325
294770,1,0,0.14974762189669,0.044102538622385896,0.03654359335363746
294773,1,0,0.6913198750175295,0.6087422692173964,0.07843589644846584
294775,3,0,0.5187068271933575,0.35504288597491673,0.05176712667778495
294776,0,0,0.11244723636444721,0.07254718522345066,0.04051001628367428
294807,1,0,0.47092708103291275,0.20297284741026236,0.045138580473426344
294816,1,0,0.10281165940275178,0.08756484044642703,0.03654359335363746
294823,2,0,0.13419631215658828,0.09196877081237652,0.03979579693051722
294828,1,0,0.11645095923909442,0.06171880372272171,0.03654359335363746
294833,2,0,0.31394855417462664,0.19403539745624157,0.04327762942775736
294839,3,0,0.6916017128891659,0.7323356012979576,0.14753348764818566
294872,3,0,0.6253502090871969,0.1582583504294598,0.061179856969320594
294897,1,0,0.31047918510211064,0.14422706560082252,0.060900497067004095
294898,1,0,0.27501279134596973,0.09480852321524998,0.045138580473426344
294903,2,0,0.09443239090007265,0.1219458134345217,0.03680661143378336
294910,2,0,0.16178941844689612,0.15681966814281142,0.03979579693051722
294917,1,0,0.1786190366064277,0.09091715471625564,0.0586887917069828
294924,0,0,0.08925673520851359,0.13881426495010324,0.04748111637158799
294925,3,0,0.28169025073839904,0.21045481287694187,0.057566799845757084
294945,2,0,0.5069063002697287,0.7108716262000673,0.0588805586063968
294951,1,0,0.09622257414707641,0.09375387295897405,0.03654359335363746
294959,1,0,0.39027216317811014,0.06253937766415923,0.03654359335363746
294968,2,0,0.2996311279266755,0.16176002850121937,0.04327762942775736
294970,1,0,0.2746015434111612,0.07232261267149488,0.03654359335363746
294979,2,0,0.15364223892403056,0.13434010955579592,0.03793425460871488
294989,2,1,0.7983371063631378,0.7168324951994315,0.0588805586063968
295007,3,0,0.45186388398315247,0.3083045288139716,0.0985422956847397
295024,1,0,0.1364611421890078,0.08128407909629881,0.03660837086997847
295037,3,0,0.12423566171388484,0.13972811034705593,0.035419098944728514
295046,2,0,0.24993919011946694,0.21169552511284997,0.039225685339645454
295049,1,0,0.8333180911613034,0.6135307856938194,0.0790439086755782
295056,2,0,0.6049081893123882,0.557567373018439,0.05786868058135989
295059,2,0,0.7966038579234496,0.7385671386943546,0.0588805586063968
295073,2,0,0.07842312927691357,0.17942981821327916,0.04327762942775736
295113,0,0,0.291017056837272,0.12549106200556515,0.037467761089925444
295116,1,0,0.10682506600474434,0.1003202490998874,0.05149621395102403
295118,3,0,0.4647018510024202,0.09015562390000337,0.03459227542107828
295131,1,0,0.06189278406710489,0.08678831438443878,0.060900497067004095
295132,1,0,0.1747412481414746,0.21632815368378666,0.045138580473426344
295133,1,0,0.1601674829743938,0.16523518788325917,0.06233357304431559
295137,1,0,0.21619158776989839,0.09825975271368498,0.057772283877401805
295141,0,0,0.2776723432413544,0.12108586207793472,0.0471722109991582
295170,1,0,0.37047762702600917,0.06401563955885131,0.041489727350712116
295194,1,0,0.05765328484464293,0.1322641479107578,0.05400653719607418
295224,1,0,0.20794783091816313,0.03946063811003457,0.03654359335363746
295225,1,0,0.08408217839659937,0.08069334449846757,0.041489727350712116
295226,1,0,0.16889612581221514,0.02250324257126012,0.03654359335363746
295253,0,0,0.21603395434549777,0.11804168062922127,0.047782419330315115
295264,1,0,0.08971365044710337,0.10715883093023955,0.03654359335363746
295276,1,0,0.26688552932676485,0.19739861305616466,0.045138580473426344
295288,0,0,0.11879170768306965,0.06876299021936128,0.04940040891194944
295304,2,0,0.5358153469095246,0.685348185306433,0.05786868058135989
295325,2,0,0.7584352037631695,0.7453987134590977,0.05786868058135989
295327,1,0,0.7078708684479411,0.6960336773876898,0.08105812253669475
295330,1,0,0.7231030918186941,0.2162259485313014,0.0506233382542699
295333,0,0,0.33932338678142493,0.1529568988063171,0.04398968362446854
295344,2,0,0.30298509234767185,0.1213895243689536,0.039107986745542264
295345,1,0,0.08708967663017783,0.09875416733787672,0.045138580473426344
295348,2,0,0.4807807017960618,0.6987175983668884,0.0588805586063968
295361,0,0,0.24863987166139334,0.09624895691800721,0.03780017119862066
295369,1,0,0.7729142070995528,0.5554623562520666,0.0790439086755782
295391,2,0,0.27547165968834897,0.09165211344532465,0.039107986745542264
295416,1,0,0.18306713435797164,0.08054818667013648,0.045138580473426344
295421,0,0,0.11914640487285776,0.20646079528925124,0.042153363215403465
295438,2,0,0.18530386676951519,0.09038419258755988,0.043239762574341006
295455,1,0,0.0670506250798398,0.11916626382339074,0.03654359335363746
295458,2,0,0.18970246503305066,0.11597764151169658,0.03979579693051722
295481,1,0,0.19028717237944098,0.046979803143413726,0.03654359335363746
295484,2,0,0.5879693080271722,0.20530630983813986,0.04327762942775736
295496,1,0,0.19081416507237886,0.07096885262359093,0.041489727350712116
295516,1,0,0.3632354439480686,0.031067009204279884,0.03654359335363746
295547,0,0,0.09620902518518949,0.17614048083848943,0.04107751169898964
295554,1,0,0.26527667914894226,0.14928974815134888,0.045138580473426344
295563,2,0,0.2505881306975502,0.10025174524464767,0.043239762574341006
295565,0,0,0.31229518685713303,0.11397895665252189,0.04336522917003451
295569,1,0,0.32199513416274594,0.07178208082176997,0.053452256584867484
295574,2,0,0.6572653761767437,0.6887257682063128,0.05596883800974349
295577,1,0,0.20546070808378813,0.08155908731367108,0.057772283877401805
295583,2,0,0.33344644010673813,0.11733305279307858,0.041224037052829364
295592,1,0,0.09467122914658546,0.09464161406426921,0.03654359335363746
295622,1,0,0.3086053652733125,0.06541919172344912,0.03654359335363746
295635,1,0,0.7100431489053601,0.4934356200640159,0.0790439086755782
295655,0,0,0.19552545023468543,0.08385676931082903,0.04940040891194944
295666,3,0,0.3704025657846278,0.09463835291180185,0.03672572780128339
295674,3,0,0.4463061069404512,0.17964952646408372,0.09410904925851024
295689,2,0,0.45265447452163177,0.5994007476522427,0.05171434606710744
295696,1,0,0.8521850186086845,0.7118496480303452,0.0790439086755782
295700,1,0,0.8956700021740078,0.6735870179312645,0.08105812253669475
295701,3,0,0.2623007367936503,0.2032887946927791,0.05390656377435621
295706,2,0,0.254009927248727,0.147046334423285,0.039107986745542264
295712,0,0,0.30779576968624384,0.10854811753558341,0.043131446758103056
295713,0,0,0.18197909295774553,0.12361107759647283,0.04051001628367428
295714,0,0,0.3272021299778181,0.1484884987252819,0.040787904309439904
295739,1,0,0.0650099407254786,0.06625151262092797,0.045138580473426344
295744,1,0,0.054735510265620846,0.09753565141515297,0.060569014443723486
295824,1,0,0.176960030502198,0.1044380175055723,0.053452256584867484
295855,2,0,0.1278724787507409,0.17994182110118953,0.039307208021911476
295866,2,0,0.40154601860794764,0.13366667582769728,0.03979579693051722
295867,0,1,0.2371686266658065,0.22186658884629842,0.051095206401867536
295877,1,0,0.23340429215823322,0.13110182215525112,0.060900497067004095
295904,3,0,0.5589746141802077,0.2648239136068316,0.037836066242036524
295948,1,0,0.7784932811467444,0.5526670330481331,0.07792073518949832
295953,0,0,0.18173344659145782,0.1580531848432114,0.04611150192918037
295959,0,0,0.5985079441900518,0.521453871904168,0.07472112279401351
295961,1,0,0.13820374728794857,0.032377009537710555,0.03654359335363746
295969,1,0,0.2325193207268051,0.20412621611919163,0.060900497067004095
295992,1,0,0.39049478184856584,0.6167540813736815,0.0498008771827325
296012,1,0,0.11490335290628037,0.01948242985656278,0.03654359335363746
296013,0,0,0.11344078439046819,0.16286184319945954,0.045267486126968695
296015,1,0,0.7858096283492276,0.5804466489734074,0.0790439086755782
296055,1,0,0.32093783738383264,0.14206269461226528,0.045138580473426344
296106,3,0,0.23887760824039384,0.31169826491942965,0.0797274490753023
296109,1,0,0.34688631272511067,0.14083495676837632,0.045138580473426344
296116,1,0,0.2547077577097111,0.08889489524878919,0.0367863966621417
296121,0,0,0.0882098388962992,0.09007356633568049,0.04579907598057319
296126,2,0,0.04042218566973393,0.1517077099079282,0.039107986745542264
296128,1,0,0.059247809824102625,0.09242556247657438,0.053159020008777216
296130,1,0,0.18674218637837947,0.13443165260674783,0.045138580473426344
296167,1,0,0.20937697605326192,0.03552701774633729,0.03654359335363746
296172,1,0,0.6423185016163143,0.5632152564009024,0.06006947547573756
296183,1,0,0.20362695636483605,0.14259086751208064,0.045138580473426344
296206,1,0,0.05685193334668862,0.14701724504831337,0.04735892056685851
296212,3,0,0.5641823227802288,0.23663384532963533,0.05995285389209931
296259,1,0,0.4254943479650327,0.17755979642186845,0.045138580473426344
296280,2,0,0.3235759226259175,0.7223557490055497,0.0588805586063968
296307,2,0,0.5924136373208206,0.7768112301580434,0.0588805586063968
296310,1,0,0.8105144661569825,0.5949055406300833,0.0790439086755782
296312,1,0,0.5457142164570142,0.47307699855987423,0.0572831245447108
296319,2,0,0.643329652347616,0.7053211706385515,0.0588805586063968
296320,2,0,0.44055490512063256,0.7795120296745153,0.0588805586063968
296334,2,0,0.8544002637292338,0.7520581056907413,0.0588805586063968
296348,2,0,0.6126371243355135,0.6253283022235775,0.05786868058135989
296354,2,0,0.17133612063380665,0.1156749588963162,0.03979579693051722
296386,2,0,0.5946281529283443,0.7753655542606408,0.05786868058135989
296392,1,0,0.29570984742152306,0.07627670928212656,0.03654359335363746
296397,2,0,0.2954714540740576,0.17440556343479519,0.043239762574341006
296431,1,0,0.7215119394845811,0.5970602417480727,0.0790439086755782
296449,2,0,0.6012732854107541,0.5941638201291839,0.04933405919220342
296453,2,0,0.0843990706736806,0.09595119403425954,0.039107986745542264
296460,1,0,0.1787637411856286,0.11397948355986978,0.036721316141216785
296499,3,0,0.5535137280315106,0.07107009824273372,0.041179167425502164
296502,2,0,0.10363587111785778,0.1177522538511481,0.03680661143378336
296525,2,0,0.15627160905547458,0.14366562217085888,0.039107986745542264
296532,1,0,0.8166199243799086,0.5971408462369086,0.0790439086755782
296550,1,0,0.8837737513820476,0.5056654601023987,0.07843589644846584
296563,1,0,0.15944058603806258,0.06766883756950645,0.03654359335363746
296568,2,0,0.06087984558647983,0.08024410312065011,0.03895652060433919
296571,2,0,0.12115704870652384,0.08727965872443517,0.03793425460871488
296573,1,0,0.029646847771799704,0.0799040860448939,0.057772283877401805
296577,0,1,0.5617077270245354,0.6818376499945787,0.07472112279401351
296598,1,0,0.07442236120395072,0.08194155118654041,0.03654359335363746
296599,1,0,0.0670754418544643,0.07064864653158812,0.045138580473426344
296602,2,0,0.0450052437387774,0.13801420405396017,0.04188348433127233
296604,2,0,0.280824094997743,0.19440545307097434,0.04761226190619499
296624,2,0,0.2675197261052559,0.2763277182851467,0.04761226190619499
296671,1,0,0.38752729484891874,0.05578095158739246,0.03654359335363746
296676,1,0,0.21862119009485328,0.16037004035454214,0.0506233382542699
296690,1,0,0.266271128377796,0.0773751467041531,0.045138580473426344
296698,1,0,0.12778451417469602,0.12796057017049697,0.036721316141216785
296719,1,0,0.24788351074861514,0.03687617491894548,0.03654359335363746
296722,0,0,0.13839823646851496,0.06297656538407218,0.04051001628367428
296747,1,0,0.22088556855909158,0.14723758259890643,0.060900497067004095
296752,1,0,0.25958703414395623,0.03913636730673936,0.03654359335363746
296761,2,0,0.2737409720771718,0.24435598027730124,0.03680661143378336
296779,2,0,0.20264492560893296,0.11946929069420818,0.03680661143378336
296819,1,0,0.7959776541184439,0.7057587075481645,0.0790439086755782
296821,1,0,0.663981075446381,0.5263334977941918,0.0498008771827325
296826,1,0,0.16474434693046733,0.02339390545317989,0.03654359335363746
296835,1,0,0.05825479212673527,0.012578411987979486,0.03654359335363746
296845,1,0,0.14957578264132496,0.20925680680805767,0.045138580473426344
296846,3,0,0.6284186745032433,0.3252008716890649,0.07586336436353837
296863,2,0,0.3587049907333059,0.19101075396613112,0.043239762574341006
296869,2,0,0.7520646143595405,0.7007823274155214,0.05596883800974349
296891,2,0,0.6312393534426347,0.5831531830000314,0.05340375515755404
296906,1,0,0.11758355396460515,0.08615954843694441,0.045138580473426344
296927,1,0,0.08162855268399262,0.16641268175239754,0.04420824718515211
296944,2,0,0.6577999613022356,0.7874028981151255,0.05786868058135989
296964,0,0,0.10290229570727782,0.07706167530267763,0.04051001628367428
296989,3,0,0.48365493968204804,0.17204698134463975,0.07252131733107467
296991,1,0,0.7796226958841664,0.6096247354622045,0.0790439086755782
296993,0,0,0.3633310257710183,0.21405342726064522,0.040787904309439904
296996,1,0,0.3777609666448986,0.1093548517924084,0.045138580473426344
297059,2,0,0.08858737355134413,0.07782855878077923,0.044064117889810656
297078,0,0,0.7653651771455918,0.6107275369125255,0.07832280308675038
297079,1,0,0.0714360531412748,0.07761859753109475,0.053159020008777216
297134,1,0,0.07582954937266888,0.07123017015609785,0.045138580473426344
297139,0,0,0.26517303346908855,0.11320611330449636,0.042153363215403465
297142,1,0,0.40325041377846016,0.12875789778379448,0.03654359335363746
297156,2,0,0.3885045653572481,0.22322955950843237,0.043239762574341006
297164,1,0,0.18960387842915544,0.0724028326250129,0.04278709843626327
297192,3,0,0.25966213555668255,0.3193126350159595,0.09101188421609144
297195,0,0,0.07903266896082975,0.08259664905383955,0.043131446758103056
297200,3,0,0.5216072085645885,0.18084549252587656,0.06376663611295874
297221,1,0,0.1607323710394271,0.055674790701799155,0.04278709843626327
297222,0,0,0.21167731072272064,0.20000815288844692,0.05720352024939196
297224,1,0,0.898511479069315,0.5618247303258265,0.06646679460784717
297244,0,0,0.3006038634903319,0.09312597278890589,0.03890106100826425
297259,1,0,0.2077527942222598,0.10905836167090235,0.0506233382542699
297264,1,0,0.0670148682467399,0.0746735414560376,0.041489727350712116
297274,1,0,0.8902011567089991,0.6871687729874055,0.0790439086755782
297317,0,0,0.2958280145106437,0.18289049521083037,0.03861531372685975
297336,1,0,0.4028977545250645,0.6044322305715277,0.051277620533669396
297342,3,0,0.9582345054340211,0.2888474240815262,0.10463304998335754
297343,2,0,0.48350436777165046,0.6397528016812465,0.0588805586063968
297344,0,0,0.2313447935076311,0.25747534298744257,0.04759229762057528
297353,1,0,0.3853681257822416,0.3323601576388557,0.06385930171838845
297371,1,0,0.04249565213199301,0.06585446700694199,0.03654359335363746
297394,2,0,0.6646051752414242,0.8106430399374315,0.0588805586063968
297403,1,0,0.07730916240425398,0.0632294735073111,0.03654359335363746
297404,0,0,0.15153471747993424,0.09779744795445372,0.03579088590500353
297435,3,0,0.0522662221098198,0.16514185357338826,0.06882342642865968
297438,1,0,0.4222665724052301,0.05159202334851448,0.03654359335363746
297439,1,0,0.07824788024849896,0.15779094532798857,0.04735892056685851
297441,2,0,0.11426202462375211,0.10315486087179697,0.03979579693051722
297455,1,0,0.07084982482595391,0.13348958292659988,0.05149621395102403
297464,2,0,0.21300281651226466,0.11451551990094865,0.03979579693051722
297485,1,0,0.4181209784470565,0.04178133262884698,0.03654359335363746
297488,3,0,0.35631353273026417,0.30533366645171645,0.07923306458201515
297491,2,0,0.5204921812872899,0.689808569426996,0.0588805586063968
297492,1,0,0.3061851274705621,0.07176195150242243,0.045138580473426344
297496,1,0,0.08659002146100246,0.0853704639690148,0.057772283877401805
297514,1,0,0.12293481189323162,0.10295462291057988,0.053452256584867484
297539,1,1,0.2354240292314547,0.09390209451739634,0.045138580473426344
297546,1,0,0.9082661592024622,0.6363159361508149,0.0790439086755782
297550,1,0,0.19379668199510328,0.07428147203576482,0.03654359335363746
297552,1,0,0.35520715624998717,0.09916279535896814,0.045138580473426344
297559,3,0,0.9155911001858786,0.45263604534565305,0.11848977336778732
297569,3,0,0.21117610915731685,0.11887295112589565,0.043361757421534655
297574,1,0,0.5214433203039615,0.05950138796645406,0.045138580473426344
297584,1,0,0.1769382233167575,0.07247479613032944,0.045138580473426344
297606,2,0,0.1259765883549692,0.10951159087560923,0.03979579693051722
297625,2,0,0.5512490120588921,0.5846474168682626,0.05596883800974349
297632,0,0,0.21550033097907983,0.11427396964328146,0.03780017119862066
297637,3,0,0.29938846718969303,0.13270553258600284,0.035310110532852546
297668,3,0,0.37521842125578386,0.328988580256091,0.04589516410134121
297672,1,0,0.0841154796033135,0.05640246919172893,0.040606377662277836
297675,1,0,0.0650230975476651,0.14089978757160737,0.06578065933042877
297698,1,0,0.22036458496761205,0.06962087757432071,0.045138580473426344
297699,3,0,0.8357672290319598,0.40749244211785823,0.096061140551493
297705,1,0,0.2354156804325938,0.1515585274710236,0.041489727350712116
297714,2,0,0.23922605537842156,0.11465685818510979,0.04761226190619499
297718,0,0,0.6936918740422717,0.7502747400616369,0.07588006853286773
297723,1,0,0.7481218547926597,0.2785337013854572,0.07092867403083175
297743,0,0,0.746736066980148,0.5267085572397576,0.07535850075769517
297764,1,0,0.8368632958332057,0.6723566614197206,0.07092867403083175
297787,0,0,0.20341163280769134,0.12715477574597275,0.03995232067593701
297819,1,0,0.15579896735124504,0.18449557821633078,0.045138580473426344
297823,3,0,0.7556378942132351,0.7640496837887512,0.13267444230571981
297835,1,1,0.4070254214729295,0.5406626681420825,0.0732908158645075
297841,0,0,0.18493216270553287,0.14496860973546405,0.04781016954780196
297846,2,0,0.5286874263326294,0.6542461452465744,0.05522162014797584
297856,0,0,0.36399225979272376,0.10969138127474469,0.039912961876165526
297863,1,0,0.1729750289535307,0.21045800883516413,0.060900497067004095
297865,0,0,0.2799757127908328,0.08559260213152493,0.03890106100826425
297867,0,0,0.19696141249806104,0.13551310806425423,0.045779545930920554
297873,1,0,0.11718140774131154,0.08468916746099778,0.03654359335363746
297875,2,0,0.0988285498145698,0.2463270959932454,0.03680661143378336
297890,1,1,0.467466132028585,0.13727470863776625,0.060900497067004095
297917,1,0,0.32451589933139946,0.0920450745371412,0.03654359335363746
297934,3,0,0.2393617601992312,0.22209542812364222,0.05418186783828862
297936,3,0,0.38258158848118573,0.15229741153875134,0.03815440665553527
297942,3,0,0.3599126800068479,0.23974450007102735,0.047348139941913926
297946,1,0,0.1458202493719233,0.14152365412963855,0.04691585217692644
297977,1,0,0.1478278342472135,0.11120311155450495,0.045138580473426344
298006,2,0,0.17812746101877622,0.12576618037361476,0.039107986745542264
298032,2,0,0.15541981845376115,0.14615518575959913,0.03793425460871488
298034,1,0,0.32159624797840397,0.06832606328475208,0.045138580473426344
298036,1,0,0.13490993431355275,0.21420500473531315,0.060900497067004095
298052,1,0,0.13809639347129601,0.11887636740094364,0.03654359335363746
298055,3,0,0.5674664995688328,0.15997126272708037,0.03665113888644491
298091,1,0,0.11803981243015384,0.12439237866779068,0.045138580473426344
298105,1,0,0.30672286043008573,0.035513194344213385,0.03654359335363746
298109,0,0,0.19043878360618094,0.13334209890459256,0.040787904309439904
298116,2,0,0.21824737980919312,0.1446781391407703,0.03680661143378336
298122,1,0,0.031560817344347444,0.13682407832075602,0.05400653719607418
298123,1,0,0.08341493847150547,0.1085967092639194,0.05400653719607418
298166,1,0,0.2846629028254831,0.04285846638415432,0.03654359335363746
298178,1,0,0.21052426590545104,0.07907687960579357,0.041489727350712116
298186,3,0,0.8336559000237473,0.6500489080267328,0.14719385969917229
298191,1,0,0.4051540089126337,0.09311395585217387,0.045138580473426344
298195,0,0,0.27587591931262473,0.2048112180546357,0.0474418695933081
298202,2,0,0.4931712215806669,0.1689761013298769,0.03979579693051722
298218,2,0,0.25410158120411314,0.15481478693934558,0.041224037052829364
298227,1,0,0.42808587403639303,0.10514111728683646,0.049952408474690416
298231,0,0,0.19743245302421653,0.10102870513260559,0.041340515838398886
298232,1,0,0.730772187309111,0.6908264896089858,0.0790439086755782
298233,2,0,0.9040892623548047,0.6922117885366991,0.05340375515755404
298238,3,0,0.23485998589246104,0.19887063542790473,0.043409688206650844
298257,1,0,0.2814154774804577,0.0708926797819869,0.045138580473426344
298265,2,0,0.5579013130543551,0.15863364912465455,0.039225685339645454
298268,1,0,0.045959691238319146,0.06684412179117113,0.05149621395102403
298278,3,0,0.1580938323598217,0.14975570339663716,0.06545809645000042
298334,1,0,0.09066119401318094,0.1414775049250582,0.04420824718515211
298408,2,0,0.3714598910942033,0.23025363095288132,0.041224037052829364
298423,2,0,0.6087941465268772,0.7471551763195007,0.0588805586063968
298444,2,0,0.14256741129599437,0.06989030076494683,0.03979579693051722
298447,3,0,0.7250304795305499,0.665480424251461,0.12486934174665774
298449,2,0,0.6379825737880652,0.7457054657777361,0.0588805586063968
298472,1,0,0.3978561903208269,0.09379091235521915,0.053452256584867484
298476,3,0,0.15603587341288155,0.18102219158094773,0.04746532475609168
298490,1,0,0.8543773637527664,0.6439956446488132,0.0790439086755782
298492,3,0,0.7008943313461108,0.2601762193521735,0.04823545362291368
298497,2,0,0.3507869901275037,0.2896655561645163,0.04761226190619499
298502,1,0,0.2223493243274881,0.12373816569420404,0.045138580473426344
298503,1,0,0.7805931437368986,0.673004363214824,0.0790439086755782
298510,3,0,0.5594230404979379,0.2527489396676901,0.07744563882012145
298539,2,0,0.6015747344726173,0.7618377831691971,0.05786868058135989
298540,2,0,0.27898960705386744,0.19514829606049083,0.039225685339645454
298550,1,0,0.09069370466241361,0.09054230753414179,0.03654359335363746
298567,2,0,0.5905460358112409,0.7389957088937785,0.0588805586063968
298582,1,0,0.16818960248338508,0.0697734577489897,0.03654359335363746
298591,1,0,0.8429894759147013,0.5777178807944141,0.0790439086755782
298620,0,0,0.27128658541406186,0.17893147879357027,0.043065190572814514
298633,2,0,0.6742582717332861,0.7691259437150522,0.0588805586063968
298639,1,0,0.3916685390742768,0.08687848897557511,0.03654359335363746
298643,2,0,0.18240045707162122,0.1705247082856955,0.04761226190619499
298668,2,0,0.11042479491691447,0.16125342550247246,0.039307208021911476
298706,1,0,0.2778649558043334,0.12673905675571778,0.045138580473426344
298769,1,0,0.6910831719111215,0.48015628410384087,0.0790439086755782
298783,3,0,0.559487486444317,0.24268252998495446,0.03925720720107389
298788,3,0,0.5309957073241861,0.21464567714685823,0.0640907351398545
298799,1,0,0.038564813971121,0.08502087959537821,0.041489727350712116
298819,1,0,0.5545910193989075,0.0592273758619777,0.03654359335363746
298834,1,0,0.1008240896727024,0.0542933774116682,0.03654359335363746
298838,1,0,0.024381041754764795,0.1627592704856063,0.05149621395102403
298839,1,0,0.5505315031394541,0.6678584789584334,0.0790439086755782
298872,3,0,0.6599485877445047,0.5644158479641808,0.1484870859347539
298883,1,0,0.15262977242171372,0.10913681130145626,0.060569014443723486
298884,1,0,0.28722607125205873,0.02752829693654456,0.03654359335363746
298905,0,0,0.2818385167492831,0.13366004296554265,0.03890106100826425
298933,1,0,0.1579306944814042,0.10560643235530504,0.045138580473426344
298934,1,0,0.25699305547643403,0.1952055210702036,0.060900497067004095
298937,2,0,0.49039170881990685,0.3280786041415469,0.04895138524505201
298939,1,0,0.24974231617571668,0.019253777938984695,0.03654359335363746
298945,1,0,0.7702802642418732,0.5174141907510944,0.0572831245447108
298947,3,0,0.5023210941880281,0.2642407818811727,0.08844238306005674
298954,2,0,0.12870631286916157,0.12963464451681955,0.039107986745542264
298961,0,0,0.11843300761097687,0.14318362751289535,0.040615807123385174
298967,1,0,0.040532255674503866,0.07646843992557693,0.05400653719607418
298970,3,0,0.37320565996966193,0.18685454841229368,0.06541545511603773
298972,3,0,0.8061522045021342,0.728296880798072,0.13572557103039243
298973,3,0,0.8984914305336469,0.6967975020864648,0.12304758299743287
299008,1,0,0.7191855699260633,0.5720119370335291,0.0790439086755782
299030,2,0,0.050301401888317776,0.16436904932737043,0.05526959489511729
299040,2,0,0.48677477767333044,0.6357996529115192,0.0588805586063968
299044,1,0,0.17562047764419922,0.07256682537908044,0.040606377662277836
299063,1,0,0.049481009689849746,0.07596557775801997,0.03654359335363746
299068,2,0,0.08595444576228542,0.10867457415965007,0.03680661143378336
299084,1,0,0.3663561881119909,0.1377542672589403,0.045138580473426344
299094,1,0,0.7317604849633145,0.08562612928021192,0.04278709843626327
299100,2,0,0.1825889764620375,0.10129127522383444,0.039107986745542264
299108,1,0,0.2598957976773393,0.2721687091716458,0.060900497067004095
299110,1,0,0.047681326618354135,0.07856799365565141,0.03654359335363746
299111,1,0,0.32492508925079555,0.056484205972694775,0.040606377662277836
299118,2,0,0.07888033841887175,0.10744836549251885,0.043239762574341006
299124,1,0,0.03776482232140099,0.03996971986694227,0.03654359335363746
299133,1,0,0.1396317174735191,0.09772345508071817,0.045138580473426344
299138,1,0,0.10490713720304744,0.1460821483446495,0.05400653719607418
299178,1,0,0.04670914858408912,0.11889454210435205,0.060900497067004095
299187,2,0,0.1196006613715545,0.09283637932439434,0.03979579693051722
299194,1,0,0.5521824321170493,0.16577824576029543,0.05430418072875823
299196,2,0,0.10155944023771374,0.11409045490273784,0.04883118523478495
299204,2,0,0.13264338580958127,0.08731406630080085,0.03680661143378336
299207,2,0,0.2847588664282333,0.1718098987705861,0.039107986745542264
299218,2,0,0.17926025488606773,0.11973292460242119,0.03895652060433919
299240,1,0,0.615980944015082,0.07813807575385488,0.045138580473426344
299241,1,0,0.12709267189428147,0.14245767727733014,0.060900497067004095
299248,1,0,0.10434150788950675,0.08784937512093637,0.06578065933042877
299258,3,0,0.10940701867825724,0.06747122717889037,0.03343357442451925
299272,3,0,0.14115754924595397,0.1407754382727704,0.0433132078709558
299284,1,0,0.13765775114091866,0.0852925953442464,0.03654359335363746
299289,1,0,0.06540497835143076,0.06023564844027101,0.03654359335363746
299305,1,0,0.3062565100111134,0.028796540327899495,0.03654359335363746
299327,0,0,0.04374650165023899,0.11832313460460647,0.04211162695550778
299336,0,0,0.08416590043837577,0.10678261436940957,0.04460764711609256
299337,1,0,0.08160405892114518,0.10970441429636164,0.041489727350712116
299351,2,0,0.09996839246448123,0.12141102619696316,0.03895652060433919
299352,2,0,0.14405029324655425,0.11359620595397424,0.039107986745542264
299365,1,0,0.8078547742083515,0.3206660845235691,0.05722897375357503
299395,3,0,0.2561846092760171,0.1085165211674087,0.0408910084629719
299413,1,0,0.7795585080436012,0.7366180763599783,0.08105812253669475
299414,1,0,0.058342058583157386,0.08019923043946241,0.04916595741654698
299426,1,0,0.10261043644827729,0.03683830725892633,0.03654359335363746
299448,1,0,0.14125337206525718,0.07449362793027618,0.05272041709239291
299485,2,0,0.5358294186545444,0.8138637664903274,0.0588805586063968
299498,1,0,0.3091116391139541,0.03553742496512345,0.03654359335363746
299504,1,0,0.08898676087547067,0.019511827757075714,0.03654359335363746
299531,1,0,0.0306235513333326,0.1057266224905038,0.041489727350712116
299549,1,0,0.05905662649333798,0.1276372226912485,0.05400653719607418
299557,0,0,0.22815389084992246,0.09382234236528555,0.03579088590500353
299560,1,0,0.5040232678758538,0.25449083598434896,0.045138580473426344
299561,2,0,0.32431245555677934,0.15789870074652138,0.03680661143378336
299563,1,0,0.08072604659574426,0.0633341949513146,0.045138580473426344
299566,1,0,0.37686311969398056,0.13679300417090892,0.045138580473426344
299573,2,0,0.2060548328533565,0.1032474358972235,0.03979579693051722
299594,3,0,0.8455166217112882,0.7283067773867912,0.14859166139476146
299596,1,0,0.11166202561082499,0.1074493563387157,0.041489727350712116
299637,1,0,0.5426338633561546,0.17552101686986796,0.051016511781975526
299641,1,0,0.19272265622233248,0.06290914869413855,0.03654359335363746
299664,1,0,0.8457502555238178,0.3478152877497503,0.07220339686583643
299705,1,0,0.11702905812515162,0.04792751060217286,0.03654359335363746
299715,1,0,0.34597128617925427,0.06225304917399463,0.045138580473426344
299737,2,0,0.270284011738231,0.16158534334541616,0.04785905696083482
299744,2,0,0.10453679976984943,0.09579190263432463,0.03979579693051722
299746,2,0,0.3615458781388604,0.1648729261947317,0.04761226190619499
299750,1,0,0.16919140476392736,0.14106531408947612,0.06007315232246997
299761,0,0,0.36874655653088323,0.15385455676604745,0.048967304927984755
299771,1,0,0.05339550852345113,0.09952694550635224,0.045138580473426344
299790,0,0,0.8723901570913931,0.7685831531890152,0.07535850075769517
299803,1,0,0.07055089593321162,0.06948736708736127,0.03654359335363746
299820,1,0,0.07978080009792282,0.10825818018738202,0.04751540753370948
299833,2,0,0.4636043042559524,0.7257379398875163,0.0588805586063968
299838,1,0,0.8808226636081821,0.662140755566128,0.0790439086755782
299841,1,1,0.5804053130481402,0.6890440324398679,0.0790439086755782
299846,1,0,0.3966117573038189,0.06193752080639081,0.03654359335363746
299854,1,0,0.1795086059756986,0.030819757952312316,0.03654359335363746
299855,2,1,0.5274916445799981,0.7009310136534558,0.0588805586063968
299888,2,0,0.47704450497761314,0.6915830982210257,0.0588805586063968
299910,2,0,0.3966664824026985,0.12432651534097369,0.043239762574341006
299945,0,0,0.17149333526211263,0.07599566818411656,0.04077645560779726
299971,1,0,0.4160461824435132,0.20090913634558982,0.03654359335363746
299980,1,0,0.7926891900068287,0.6764487058189285,0.07792073518949832
299996,1,0,0.18402210330032306,0.07328038381191959,0.03654359335363746
300004,1,0,0.08243276345024445,0.07559114640259808,0.041489727350712116
300012,2,0,0.13175527754607885,0.11031410302770209,0.04188348433127233
300020,1,0,0.446548047493124,0.08908245299799067,0.045138580473426344
300023,0,0,0.7763128964908927,0.7118325515666981,0.07693963941897637
300025,1,0,0.08799954722445405,0.1516593052223517,0.05149621395102403
300046,1,0,0.5895048963560537,0.16873669203276032,0.045138580473426344
300049,1,0,0.8174224708756674,0.6184251747970184,0.0790439086755782
300052,1,0,0.8289903376417991,0.6495321640995674,0.07396643437346692
300059,2,0,0.3700978668813943,0.18554201276690713,0.039778499760567576
300065,3,0,0.722049131002554,0.253021611738666,0.08855985724125363
300066,1,0,0.4220659393366848,0.2069663741116437,0.045138580473426344
300080,3,0,0.5527388677004054,0.23530708828536281,0.04333561502172013
300098,3,0,0.7331257483560436,0.22643147267514155,0.04657799316171069
300105,1,0,0.10009808884790398,0.03403133882064582,0.03654359335363746
300111,2,0,0.7026216662903528,0.798785539026092,0.0588805586063968
300134,1,0,0.44851051915459533,0.2584268630028561,0.045138580473426344
300141,1,0,0.11849318419589167,0.09153429417447684,0.03654359335363746
300158,1,0,0.11516004543505481,0.07031670877957924,0.04420824718515211
300172,1,0,0.6797143731914583,0.4638824660973953,0.06646679460784717
300189,2,0,0.32317557001335884,0.14110778742792882,0.04050823995367436
300190,0,0,0.2705336198304884,0.10017692804157434,0.043131446758103056
300191,0,0,0.28838349249787054,0.1279660241968006,0.04553336742124675
300197,1,0,0.2277151158953874,0.2107838342295061,0.045138580473426344
300203,3,0,0.28159523254355256,0.06751220145212661,0.035124025382253364
300225,1,1,0.7233034081517989,0.560588932535715,0.07843589644846584
300229,0,0,0.3078491814144027,0.14840938648098537,0.03756435630234935
300238,1,0,0.7183959960512744,0.35420200326942625,0.04762177173003558
300246,1,0,0.7760351612101809,0.7229888938128641,0.0790439086755782
300263,2,0,0.06576147866358893,0.14174535837776006,0.04327762942775736
300270,1,0,0.5475322262840604,0.4362640270387043,0.0572831245447108
300281,1,0,0.38463154542463873,0.09638725677728392,0.045138580473426344
300285,2,0,0.33479589788566105,0.1657832196881798,0.03979579693051722
300292,2,0,0.185492510004005,0.1794477971480043,0.043239762574341006
300305,0,0,0.16971613315182021,0.16027009799150155,0.04162385372883917
300307,1,0,0.18765822823474967,0.16997018948120107,0.036721316141216785
300317,0,0,0.1313029695638222,0.15106069446607795,0.04107751169898964
300325,1,0,0.0544663658669729,0.10782285165014467,0.03654359335363746
300333,1,0,0.04273408078676872,0.16126945744599033,0.04691585217692644
300338,3,0,0.963508773413648,0.6564316270713628,0.1520103110270804
300340,0,0,0.6797554512952099,0.4593883989827936,0.07832280308675038
300354,0,0,0.17742885027557262,0.1098108864792372,0.03890106100826425
300372,3,0,0.5006988902024211,0.3578734138007011,0.05577418401912683
300381,0,0,0.1605615769359704,0.10812688996775968,0.03992228278318054
300394,1,0,0.25325461416092476,0.0837024846375688,0.045138580473426344
300401,0,0,0.8000798278164348,0.8199744309879897,0.07832280308675038
300413,0,0,0.25667044343675566,0.10948524938644681,0.03579088590500353
300416,3,0,0.275497287141161,0.17987843435293005,0.07170353769462391
300436,1,0,0.7000656311327774,0.6985468252288942,0.07792073518949832
300439,0,1,0.11962367390934041,0.0780411494268658,0.042772479234137746
300467,3,0,0.25391427704212505,0.16557700005495235,0.05072231837497858
300474,0,0,0.6897183466047374,0.6567312135077917,0.07832280308675038
300475,1,0,0.15714787311636216,0.0735657647551967,0.045138580473426344
300479,3,0,0.6061714337764273,0.10072494630565723,0.03163910623284554
300480,0,0,0.33625380321347126,0.13459155300771286,0.040787904309439904
300483,1,0,0.9342121646313049,0.5344287340380973,0.0790439086755782
300492,1,0,0.33440923371131076,0.07222844920184976,0.045138580473426344
300504,1,0,0.08356675884156022,0.07482177222339265,0.03654359335363746
300508,3,0,0.21437074419701976,0.12780408972033772,0.07030250957065434
300509,0,0,0.22983801258136108,0.10242912728712575,0.045779545930920554
300513,1,0,0.10642335180091075,0.11986529428109824,0.045138580473426344
300521,2,0,0.18032562531337587,0.11283752300646155,0.03793425460871488
300525,2,0,0.7031294455662636,0.6402806745862211,0.0588805586063968
300537,3,0,0.336551856838756,0.20083178794610546,0.04859667389597372
300541,0,0,0.23024651980293506,0.11120582902358522,0.03890106100826425
300545,3,1,0.9012305217659227,0.7533586616712968,0.13506924670463374
300552,3,0,0.6627852035058055,0.23900997721602177,0.0537452783870132
300556,1,0,0.09159744819428679,0.12046099987442574,0.03654359335363746
300563,1,0,0.24029063143971,0.08174436343368209,0.03654359335363746
300581,1,0,0.18437475758085092,0.21243521347308864,0.045138580473426344
300606,2,0,0.6372324754565889,0.6916903336374228,0.0588805586063968
300639,3,1,0.641950728982538,0.26917230963917677,0.07103680211578389
300648,1,0,0.8346415012183833,0.565946876824546,0.0790439086755782
300655,1,0,0.057122366218192694,0.12802958699747355,0.0586887917069828
300663,3,0,0.24869128344103558,0.14692532484089602,0.03569591382664868
300674,1,0,0.1571125891187851,0.028449062033577714,0.03654359335363746
300702,1,0,0.0427819545862306,0.043322972207616106,0.03654359335363746
300713,2,0,0.2898484728695926,0.13939384321533357,0.04761226190619499
300730,1,0,0.8558273933317299,0.6310799890498493,0.0790439086755782
300741,1,0,0.21805750886750136,0.16498785297389887,0.060900497067004095
300744,1,0,0.33425248050576734,0.06162602338363607,0.03654359335363746
300753,0,0,0.6148507168645964,0.5361708458346306,0.061683819649960434
300779,1,0,0.856424981086624,0.7016411453307628,0.0790439086755782
300789,1,0,0.1715389751028245,0.08957923063741587,0.045138580473426344
300793,2,0,0.07663839772838836,0.0880075889600421,0.039107986745542264
300795,1,0,0.8477404088969216,0.509214209871314,0.07897091022620364
300802,0,0,0.20703437968099112,0.13559862252219404,0.03861531372685975
300807,1,0,0.26614368870640487,0.09221761254218627,0.03654359335363746
300824,3,0,0.8728933837430577,0.27476384384361674,0.10368191786116189
300836,1,0,0.23908919772069184,0.07945953780922978,0.03654359335363746
300856,0,0,0.2974074580472505,0.18159351873210075,0.048472015043132435
300870,1,0,0.23374360176076386,0.11814545392666174,0.04762177173003558
300872,2,0,0.3066305271611122,0.10629265273345088,0.039107986745542264
300876,1,0,0.427256948789366,0.12310957888423539,0.051665630257641856
300893,3,0,0.24006558903043423,0.08450985865290163,0.034787054817935446
300902,1,0,0.058203830225576604,0.04754155539403748,0.03654359335363746
300905,1,0,0.3837888210204828,0.10048488092865021,0.045138580473426344
300912,3,0,0.9512593695806982,0.6204464171717354,0.1420552229697842
300922,3,0,0.794769050621882,0.5245197875107228,0.11921465535063677
300923,3,1,0.3002201329427598,0.21458632810154415,0.08671429216260923
300930,0,0,0.7002015759705135,0.7283403541342678,0.07832280308675038
300932,3,0,0.7392208242419773,0.7411023428672803,0.14577022687263824
300939,3,0,0.40590258613936153,0.13336227100815787,0.04359618652010711
300945,0,0,0.7222393688330324,0.7056203214748923,0.07535850075769517
300960,1,0,0.048457273212898715,0.12726705008584036,0.036721316141216785
300969,1,0,0.11610536175266323,0.03469472572314184,0.03654359335363746
300984,2,0,0.36002376813256926,0.2151397760764087,0.039107986745542264
300992,1,0,0.3750823559768373,0.1820975148642087,0.045138580473426344
301023,2,0,0.5348098326183819,0.8241153662168265,0.0588805586063968
301028,1,0,0.11043207161179383,0.05465637419947542,0.03654359335363746
301047,3,0,0.3903344883668747,0.07370342422305981,0.03004456561461502
301065,0,0,0.5581301201128336,0.6319944209083189,0.04653078263245819
301073,1,0,0.544093457391066,0.4449616431020289,0.06385930171838845
301094,1,0,0.22922339943617367,0.08306967432615345,0.03654359335363746
301103,1,0,0.21317995467476236,0.10485734282718295,0.045138580473426344
301126,1,0,0.12513707701938936,0.12486813445912853,0.045138580473426344
301145,1,0,0.37237261987592196,0.06958210155384019,0.041489727350712116
301150,1,0,0.8662417515982922,0.347289295267244,0.05357919570313374
301156,2,0,0.3426047450984511,0.12216482648736726,0.043239762574341006
301179,2,0,0.5061508524491694,0.7624089309380183,0.0588805586063968
301211,1,0,0.8341262822067569,0.6947010616569663,0.08105812253669475
301212,0,0,0.1025414048798238,0.14837860282932636,0.039665725711137495
301238,1,0,0.7670434160874454,0.5255171517194744,0.07897091022620364
301246,1,0,0.3597018247207593,0.16198034446961884,0.0586887917069828
301249,1,0,0.12933074434052735,0.045085553153142444,0.03654359335363746
301257,1,0,0.5064143343362529,0.19217318291167884,0.045138580473426344
301309,1,0,0.5848755992739507,0.11489207728818071,0.0506233382542699
301311,3,0,0.6789074540344322,0.6793183707369183,0.12094957310117656
301338,3,0,0.6930318887211536,0.6613951852471257,0.10760941908947094
301345,3,0,0.522451708356323,0.12417090363503057,0.05846789369344439
301365,2,0,0.6197319497277389,0.5804195921737265,0.05171434606710744
301392,3,1,0.7725351772810418,0.6999312083153413,0.13584207646964688
301398,2,0,0.7895956556438898,0.6246632577291863,0.05786868058135989
301418,1,0,0.4560714130955636,0.236343508709435,0.0506233382542699
301422,2,0,0.2680339145767872,0.12059641907427665,0.03793425460871488
301426,0,0,0.21578160726250117,0.14956566510881233,0.03928792597754146
301440,3,0,0.21224999247791845,0.18000951440232232,0.06441786923660489
301449,1,0,0.07744371819715523,0.0837150941407012,0.03654359335363746
301480,0,0,0.06960345204698007,0.13704730030890444,0.045267486126968695
301491,1,1,0.8392633340444308,0.5937463722678564,0.06137888072851591
301492,1,0,0.08374948956438169,0.18850658295272854,0.0586887917069828
301495,3,1,0.3083219011275406,0.12850096396541427,0.0659064441276043
301497,2,0,0.3137968603756203,0.10651209742103282,0.03979579693051722
301498,3,0,0.27790006708799664,0.21360869951750913,0.06971186678544569
301513,3,0,0.4054530360690726,0.05834708111619387,0.03423423719072678
301526,1,0,0.1497042247970876,0.07384641770676781,0.041489727350712116
301548,1,0,0.10111467007604216,0.12332261159258502,0.05149621395102403
301617,0,0,0.14133821197073754,0.09686676840528585,0.04336522917003451
301619,1,0,0.8568716128389053,0.5954294625029262,0.0790439086755782
301644,2,0,0.22022958628417608,0.214912072871813,0.044064117889810656
301674,1,0,0.6105302987084006,0.5229449711171781,0.0790439086755782
301675,2,0,0.26705831608341324,0.12063845432281005,0.041224037052829364
301682,3,0,0.1661024761580705,0.0946342817935883,0.038019274980140634
301690,1,0,0.05845582391759039,0.10096074748595613,0.04916595741654698
301693,2,0,0.09940765287270024,0.07839106697310348,0.039107986745542264
301723,0,0,0.21565534604891862,0.10365863682599886,0.045779545930920554
301738,3,0,0.9188949072203954,0.3424392106252803,0.1524564762749121
301742,1,0,0.13035839823238557,0.027749711539314128,0.03654359335363746
301760,3,0,0.3014081298179445,0.12931685847394697,0.06199672965319734
301763,2,0,0.12669257952028193,0.2176386059968376,0.05526959489511729
301778,1,0,0.11446615790193247,0.09983766589945228,0.045138580473426344
301787,2,0,0.3947614624243165,0.11359903944457513,0.039307208021911476
301804,1,0,0.39537866251392884,0.246897585437015,0.049952408474690416
301821,2,0,0.28956600049018083,0.17442860807496305,0.03680661143378336
301827,1,0,0.2552967323257582,0.040735521627942396,0.03654359335363746
301842,2,0,0.26069016404991013,0.09482921656646762,0.03680661143378336
301843,1,0,0.13166406589176108,0.0757307802914453,0.04378138947711741
301879,0,0,0.17485265400535616,0.13784131238890684,0.045458359474605074
301885,2,0,0.5637137063672304,0.7893326740616797,0.0588805586063968
301894,0,0,0.31031870738829337,0.15999837215851115,0.04107751169898964
301899,1,0,0.4042313678251938,0.09063845514225136,0.045138580473426344
301920,3,0,0.8410689917556272,0.7023824822894572,0.13609178516302767
301930,1,0,0.19206758486513734,0.12966812010564582,0.060900497067004095
301950,1,0,0.19792332076895075,0.08339323459683756,0.05149621395102403
301954,1,0,0.12828551910541636,0.03575712467616566,0.03654359335363746
301957,1,0,0.06612063074412884,0.06678682930072614,0.041489727350712116
301975,3,0,0.1318821634521078,0.10755830706788304,0.03731868744735756
302018,1,0,0.3478317367829125,0.14413852964470825,0.049952408474690416
302020,1,0,0.17359304296711447,0.0756923301026021,0.051665630257641856
302029,1,0,0.4782833238713271,0.142875999858739,0.060900497067004095
302039,1,0,0.3400489042764129,0.05214172171915139,0.045138580473426344
302050,2,0,0.8794499116816298,0.7617939134026765,0.0588805586063968
302056,2,0,0.7185663128136336,0.8233002641426249,0.0588805586063968
302065,1,0,0.22760713374212335,0.15114067309756887,0.045138580473426344
302074,2,0,0.6173062040535098,0.713806160136284,0.05596883800974349
302076,1,0,0.28584787491662256,0.08972899414934968,0.03660837086997847
302084,2,0,0.34725130470392523,0.11082946791044365,0.044064117889810656
302088,2,0,0.08731948412562991,0.06321989492272442,0.03793425460871488
302109,0,0,0.8142632020694829,0.6584342886752291,0.061883991811755315
302155,2,0,0.10762343350660951,0.12361574114177663,0.03680661143378336
302163,2,0,0.18593331299630245,0.12667337880778518,0.041224037052829364
302170,2,0,0.49686851880186145,0.33111722383471587,0.0588805586063968
302177,2,0,0.8367937767283015,0.6653172619816826,0.0588805586063968
302179,2,0,0.12563746451541577,0.10448448455287468,0.043239762574341006
302184,1,0,0.20282156552091907,0.21025475038165034,0.045138580473426344
302187,2,0,0.05730235447449923,0.11436809393462934,0.03680661143378336
302193,1,0,0.5202952909494254,0.5581915089412582,0.0498008771827325
302201,1,0,0.21512426691202272,0.10850004126309842,0.03654359335363746
302205,1,0,0.1989160724055839,0.15199442749618577,0.041489727350712116
302225,0,0,0.23515254583108364,0.13672216833250317,0.040787904309439904
302231,3,0,0.3899259237742465,0.6327136731040107,0.10948247078425666
302234,2,0,0.12506980327289005,0.20488156077020622,0.04321532214812582
302237,2,0,0.20458923693405445,0.11787773701169214,0.03979579693051722
302243,0,0,0.7832158317246896,0.6828851550469424,0.07832280308675038
302253,0,0,0.6359327618371082,0.6590849223395163,0.07832280308675038
302257,3,0,0.35773195319828144,0.2949879784492149,0.10562904757464743
302261,1,0,0.6803776865920321,0.1687208176859081,0.045138580473426344
302268,3,0,0.5778992187838619,0.18988473874579184,0.06355848046009752
302286,3,0,0.23722491560640602,0.13435464043778292,0.041142185271924286
302299,3,0,0.3803523708935589,0.16981853955169401,0.04326788190468338
302308,1,1,0.9174185704044878,0.6517366371897048,0.0790439086755782
302309,0,0,0.24510605456381288,0.08501801431659088,0.04051001628367428
302323,0,0,0.6114418441668976,0.646218195857788,0.0699314596161306
302353,2,0,0.12520656787107687,0.10322879740921156,0.039107986745542264
302371,0,0,0.19000002742611588,0.10399107279640814,0.03752219478291442
302373,1,0,0.34009166067430446,0.0414674639332552,0.03654359335363746
302377,3,0,0.8578593347853115,0.48530949945599017,0.1329998781968711
302389,1,0,0.5301450019916286,0.08633472595685142,0.036721316141216785
302403,1,0,0.4347142231659134,0.11610214315724654,0.045138580473426344
302419,1,0,0.4259871686173498,0.05857149348925303,0.04278709843626327
302422,0,0,0.2675028345458261,0.28143750092061404,0.03840611011911951
302459,0,0,0.8698672240353128,0.684103548346338,0.07832280308675038
302502,1,0,0.35732476723837864,0.10711442895286667,0.045138580473426344
302526,1,0,0.0478940429214027,0.15214917259335098,0.03654359335363746
302533,1,0,0.5463716816123256,0.5852346044818126,0.0790439086755782
302564,0,0,0.09409945914720719,0.08274377739510629,0.042772479234137746
302589,2,0,0.1045125245514949,0.17991854722280506,0.04327762942775736
302594,2,0,0.28724458070799475,0.1936576436962825,0.05526959489511729
302604,2,0,0.5432310241211892,0.5615248966479663,0.05340375515755404
302622,1,1,0.5456075910100519,0.5491506049429327,0.0790439086755782
302652,1,0,0.24157854618181843,0.075669690538744,0.051016511781975526
302657,1,0,0.408021571791382,0.0788824295651761,0.040606377662277836
302663,1,0,0.37588109278946846,0.06289219060020657,0.03654359335363746
302674,2,0,0.1721794645612241,0.08908388843446571,0.03979579693051722
302687,2,0,0.35303312176009244,0.11525174204058924,0.039225685339645454
302695,1,0,0.3562353558618623,0.038409345153365845,0.03654359335363746
302700,1,0,0.11126987821155641,0.03681413057173923,0.03654359335363746
302724,1,0,0.7814732712283138,0.6109771015891505,0.0790439086755782
302727,1,0,0.10114489306130893,0.07988819717117315,0.05430418072875823
302736,1,0,0.3147656937586912,0.13191714706619886,0.0506233382542699
302741,3,1,0.6139388306318461,0.6741001148576187,0.12606975047870703
302769,1,0,0.20446191647931797,0.059698785209007586,0.03654359335363746
302772,2,0,0.8388489510466807,0.7265003242306608,0.0588805586063968
302794,3,0,0.2854720297359186,0.21351516877225343,0.0619129682321057
302823,0,0,0.1567399218668515,0.11932111970938224,0.04447170824184995
302875,0,0,0.2328688763412392,0.14217796550999537,0.03861531372685975
302884,3,0,0.07495859257070933,0.06748677966032335,0.03379780709214253
302902,1,0,0.02281139039580587,0.05289669867072226,0.03654359335363746
302903,1,0,0.2558329588502956,0.04258411227552665,0.03654359335363746
302904,1,0,0.8151500659186729,0.6125042533299397,0.0790439086755782
302922,1,0,0.052944344625123214,0.16442837925565876,0.05149621395102403
302949,3,0,0.5106184775172049,0.3043265070331578,0.14336704138319448
302959,1,0,0.4236009470674784,0.18753724565594632,0.0506233382542699
302990,2,0,0.08659778586335946,0.08682590161845093,0.039307208021911476
303027,1,0,0.5203529696950652,0.11570705259707187,0.045138580473426344
303028,1,0,0.13697538974945228,0.06000978565042935,0.03654359335363746
303040,3,0,0.87132644376174,0.6085435481515019,0.13365313314461988
303049,2,0,0.2776352702366082,0.16172526804553333,0.03979579693051722
303050,2,0,0.10697308824973951,0.1281604656395634,0.04327762942775736
303075,0,0,0.24864949634172487,0.13207449099747343,0.03861531372685975
303078,1,0,0.13803813525466258,0.13139321044711352,0.045138580473426344
303082,3,0,0.2652179468227115,0.24975987005063835,0.049578200766277156
303090,3,0,0.6585085325241364,0.15265740784908532,0.05732124709528653
303095,0,0,0.2397069083868962,0.13716603523284499,0.03890106100826425
303101,1,0,0.07861554895189987,0.058999389815012605,0.040606377662277836
303139,1,0,0.5555038672319206,0.09797659204773704,0.045138580473426344
303168,2,0,0.4151247638672802,0.1829411173257209,0.043239762574341006
303193,1,0,0.3665255682215149,0.11814656542146139,0.045138580473426344
303211,2,0,0.5028928265654612,0.14594126368483548,0.039307208021911476
303223,3,0,0.2342575376384527,0.14766584945937913,0.04179779170098634
303239,3,0,0.9668918200753969,0.7952711586516752,0.13879222411259937
303243,2,0,0.35913308821788203,0.2010361257679658,0.039225685339645454
303281,3,0,0.18237646474944497,0.3596814065876452,0.09014714148027882
303288,3,0,0.761115152233228,0.23419920329970165,0.05369471035105363
303295,3,0,0.24202196198331585,0.13611404488721643,0.03903845555646795
303314,1,0,0.6558675109429754,0.6712891590031063,0.0790439086755782
303342,1,0,0.05201029961274924,0.1600520604473629,0.03654359335363746
303347,1,0,0.03230459009929401,0.13930817970098064,0.045138580473426344
303350,1,0,0.2567031902230367,0.16590830908778392,0.045138580473426344
303364,1,0,0.1512029423359493,0.08293148215821203,0.03654359335363746
303370,1,0,0.14594583799193253,0.0859671652767695,0.03654359335363746
303406,2,0,0.3859635969312979,0.11833675492606116,0.041224037052829364
303423,0,0,0.17013172744883748,0.17080195556887912,0.05149654112980483
303428,3,0,0.9409968302566704,0.7760160704002053,0.14889073525638577
303429,2,0,0.14559831600228634,0.11113151593482667,0.03979579693051722
303431,1,0,0.5746697697759843,0.15234909849298658,0.045138580473426344
303442,1,0,0.5633644451529671,0.13820760587804934,0.045138580473426344
303453,2,0,0.5508461481695687,0.7387991544595919,0.0588805586063968
303457,1,0,0.4319149368442252,0.07697834857742926,0.045138580473426344
303469,3,0,0.10253955944479243,0.2217171335341602,0.07419734481491388
303473,3,0,0.4580521932659284,0.1006908194987774,0.03760256005918013
303484,2,0,0.2362709845672776,0.10857230255019379,0.039107986745542264
303528,1,0,0.8152330547939266,0.6109755894294598,0.0790439086755782
303551,1,0,0.7861658705841397,0.558358938050582,0.06646679460784717
303567,1,0,0.2166348822631189,0.04652310706605037,0.03654359335363746
303570,1,0,0.7714346962442462,0.5905831769743619,0.0790439086755782
303575,2,0,0.177572957942179,0.09393817698957052,0.039107986745542264
303609,1,0,0.4508588098453785,0.49626893342994,0.06385930171838845
303618,1,0,0.5194880454747609,0.635911620045881,0.0498008771827325
303625,2,0,0.4503943922406741,0.5463282033447554,0.05786868058135989
303631,1,0,0.5045251507023634,0.13039846742905659,0.04278709843626327
303632,3,1,0.6387067630337021,0.6450857083427455,0.13387336364373098
303634,0,0,0.1372328599870061,0.18418426363263624,0.043131446758103056
303645,3,0,0.384267057078192,0.08444013178818664,0.035310110532852546
303650,1,0,0.46896395867632745,0.07491312088263069,0.036721316141216785
303656,1,0,0.2770439077562178,0.05404801566350332,0.045138580473426344
303662,0,0,0.1179741528557106,0.11200106533178868,0.04460764711609256
303670,3,0,0.5534458970376817,0.08505969251329784,0.04419715714622352
303697,3,0,0.37850759819506086,0.16732763592795716,0.0689429457036179
303700,0,0,0.16776788955106473,0.1190066005596463,0.042772479234137746
303706,1,0,0.20994902879625546,0.04951882689874884,0.03654359335363746
303717,0,0,0.6403427568863397,0.5754516140254392,0.07472112279401351
303728,1,0,0.1485038131683731,0.08612024040253166,0.0586887917069828
303733,2,0,0.320244926178107,0.11335968867130372,0.039307208021911476
303769,2,0,0.16627838071817452,0.07717529451400643,0.03979579693051722
303783,2,0,0.17078430089284063,0.10543339777668971,0.04761226190619499
303862,2,0,0.2525207468489285,0.11094223647523828,0.041224037052829364
303890,3,0,0.2546687463241249,0.16839284618862307,0.07305408896208095
303894,3,0,0.8531241470854377,0.6140846973079923,0.12881324791668466
303897,0,0,0.2333423450358572,0.11174840944005136,0.04398968362446854
303914,2,0,0.2478863177790321,0.2332668570827071,0.043239762574341006
303933,1,0,0.7625508910417443,0.5921686964162653,0.07843589644846584
303940,2,0,0.04852396945375922,0.1812380256082385,0.05526959489511729
303949,2,0,0.1799180069371477,0.12352491416026268,0.04785905696083482
303982,1,0,0.048650560474692725,0.11333082779690619,0.045138580473426344
303988,1,0,0.8698764363616771,0.5851532644900375,0.0790439086755782
303990,2,0,0.23322632155602493,0.15477514122199934,0.04761226190619499
303992,2,0,0.45844292910526074,0.7617629109528774,0.0588805586063968
303994,3,0,0.21465483695590915,0.11419387544872947,0.06582666620435292
303995,1,0,0.06535774640314553,0.022952977600747312,0.03654359335363746
304002,1,0,0.2748577390791831,0.13149069462473048,0.0462190103162257
304022,1,0,0.18479435149753526,0.0499661311680897,0.03654359335363746
304028,1,0,0.49176243981411516,0.09214910135113724,0.041489727350712116
304033,1,1,0.6444647773716503,0.5620532240149223,0.0790439086755782
304043,3,0,0.17665931399037388,0.07229517647456248,0.03243558432485521
304056,2,0,0.3216124454053334,0.11946675509469415,0.03979579693051722
304073,1,0,0.580792635159805,0.09843664198636505,0.045138580473426344
304078,3,0,0.5266919915924659,0.22308279448338006,0.07521798665557608
304092,1,0,0.1212792048646504,0.03949197915512024,0.03654359335363746
304130,0,0,0.16653001962398767,0.21583725831794429,0.045267486126968695
304146,1,0,0.5084508413377422,0.14722248004592633,0.060900497067004095
304182,2,0,0.22070721277236752,0.1712946743805407,0.04327762942775736
304187,1,0,0.9589624094859289,0.6181052669787678,0.0790439086755782
304213,1,0,0.5035869461154802,0.0843611920829681,0.045138580473426344
304216,3,0,0.13266429599447477,0.325105312229597,0.04188828724899356
304222,1,0,0.48779969071639834,0.07277165846233428,0.041489727350712116
304254,1,0,0.29385028733616714,0.07843982036300959,0.03654359335363746
304256,1,0,0.7001889803395059,0.41360080283639383,0.0498008771827325
304260,2,0,0.3129310321868419,0.24447483549985452,0.043239762574341006
304270,3,0,0.4947487458807488,0.07949683294299922,0.04522732313032516
304271,3,0,0.4633913449146414,0.1048114972058613,0.04516496959322399
304306,1,0,0.10231181924611256,0.07779291128866947,0.041489727350712116
304314,1,0,0.2484219190703858,0.23969410969144067,0.060900497067004095
304315,2,0,0.17396683044127226,0.11770254614752557,0.03680661143378336
304328,1,0,0.2352016264293254,0.0555845336081093,0.045138580473426344
304368,1,0,0.07075114187658581,0.05152102125189112,0.03654359335363746
304395,1,0,0.27889248950263335,0.14952557878998068,0.060900497067004095
304403,1,0,0.1284734804024962,0.13212050500258343,0.03654359335363746
304418,1,0,0.058794782653785856,0.0728212658106182,0.03654359335363746
304435,1,0,0.13535073294773914,0.04690890367550496,0.03654359335363746
304439,1,0,0.6123860468271568,0.5774760017538724,0.07843589644846584
304443,1,0,0.6312121403168917,0.7767083361642662,0.08105812253669475
304449,1,0,0.9173947533678518,0.6603559282699056,0.0790439086755782
304453,2,0,0.6975953732693595,0.7664760808293335,0.0588805586063968
304456,1,0,0.2789663145998397,0.059750135047710415,0.03654359335363746
304478,3,0,0.48445633706263735,0.39570879634230943,0.0512093364517941
304482,3,0,0.41259086027567793,0.28368321441834293,0.11121906980247752
304499,0,0,0.11356039653636775,0.0803900484945921,0.043131446758103056
304525,2,0,0.2768552342354106,0.12742570429946182,0.04761226190619499
304561,1,0,0.6827701905792568,0.4811662010521241,0.0790439086755782
304562,3,0,0.4375281970399028,0.2182667822180162,0.04558456584628515
304582,0,0,0.1039843270079892,0.12205619177036083,0.03890106100826425
304584,1,0,0.31297781983326084,0.07810989402731282,0.04278709843626327
304595,0,0,0.2472718378256286,0.20467232922617407,0.043065190572814514
304623,0,0,0.3709259679038725,0.20208571908592926,0.05720352024939196
304641,1,0,0.20932538892789038,0.2433079660911796,0.05597087901463748
304650,3,0,0.4508078456255353,0.22553528475902643,0.03833675898081968
304680,1,0,0.5540991022403358,0.1304415831880674,0.045138580473426344
304682,1,0,0.33022411617220393,0.16119450943346764,0.045138580473426344
304702,1,0,0.4294977203362594,0.15455237803699198,0.03654359335363746
304776,2,0,0.2667188652195228,0.11390742116830309,0.03680661143378336
304785,3,0,0.6445651401109461,0.17298727978682749,0.04675579102373742
304789,2,0,0.6194863808452938,0.7040893251854528,0.05786868058135989
304815,1,0,0.6139585531836246,0.4049043057298789,0.07220339686583643
304843,0,0,0.140437611302092,0.054233161978219584,0.03992228278318054
304913,1,0,0.20691801567584453,0.09087972880040372,0.049952408474690416
304919,0,0,0.33333682916218027,0.13311973169979796,0.040787904309439904
304940,1,0,0.29437867447650423,0.11035269905772566,0.045138580473426344
304946,2,0,0.8298129523389168,0.7419289960415406,0.0588805586063968
304947,1,0,0.5549447858110504,0.1072071438627625,0.051016511781975526
304966,0,0,0.4705417885881434,0.36473333383508605,0.05013786819713781
304970,3,0,0.47202680506338035,0.34536144103268057,0.07871682882379767
304971,1,0,0.08257328308598536,0.05007143114142762,0.03654359335363746
304982,3,0,0.7158996937768872,0.23586031384021156,0.10750749151690875
304998,1,0,0.47376362435373653,0.20568849219329394,0.0506233382542699
305008,0,0,0.09417350733127391,0.1611941189433092,0.04051001628367428
305009,3,0,0.5305285490372315,0.15868789998353325,0.06812429603225446
305044,2,0,0.3395170643495437,0.12204376931626641,0.04761226190619499
305048,1,0,0.04833675605384398,0.08114843943557576,0.041489727350712116
305055,1,0,0.18485319826422453,0.13478691976975254,0.05430418072875823
305063,1,0,0.3966520378265106,0.09047084617592077,0.045138580473426344
305081,1,0,0.06534401772834117,0.1459146521093425,0.03654359335363746
305098,2,0,0.4645032881013411,0.1951461479074958,0.043239762574341006
305102,0,0,0.632716803864328,0.5746128996032619,0.07472112279401351
305103,3,1,0.9843584972083024,0.7954470360474372,0.14199593369735194
305106,1,0,0.8355801937823867,0.6739113128430732,0.0790439086755782
305136,1,0,0.041023407476540916,0.07332833547147946,0.03654359335363746
305138,3,0,0.47544470862688104,0.07695121863678038,0.03810267533623751
305161,3,0,0.2891087970106641,0.08396847252815323,0.04411027052021687
305183,1,0,0.9261399298159007,0.43387047169718396,0.07404344038399556
305221,2,0,0.1433176155733101,0.08185834180893119,0.03680661143378336
305231,2,0,0.4697280063785209,0.2661371433206394,0.043239762574341006
305260,3,0,0.8628228282915263,0.6770729454253464,0.13490547334117797
305264,0,0,0.19441688073996902,0.10337539758077861,0.04051001628367428
305295,3,0,0.3788943176175245,0.2603793356879865,0.05645373100927583
305301,1,0,0.1686594147109666,0.03299631085016263,0.03654359335363746
305303,1,0,0.08115511549247008,0.06882416407023391,0.03654359335363746
305309,2,0,0.28602565264193386,0.11894495017455457,0.043239762574341006
305318,3,0,0.3948966601338574,0.17586951432667025,0.0580072743433694
305323,1,0,0.17077190767358205,0.15037992468344383,0.0462190103162257
305330,1,0,0.23809335258507822,0.02351454729601064,0.03654359335363746
305338,1,0,0.4570935546654689,0.09673070952197381,0.036721316141216785
305356,1,0,0.40599308056793876,0.18940524723770508,0.03654359335363746
305368,1,0,0.25398550883210136,0.03486010978482835,0.036721316141216785
305372,1,0,0.03904483604530442,0.07180617380284249,0.03654359335363746
305374,1,0,0.15813478552310545,0.09757843993475893,0.03654359335363746
305397,3,0,0.5236691123324112,0.16541117772732084,0.05969212015612662
305401,2,0,0.25873119434160363,0.15605046772970968,0.03979579693051722
305402,1,0,0.46932629341649074,0.11578892812320525,0.045138580473426344
305405,0,0,0.1873217993427922,0.11902789148242401,0.04051001628367428
305418,0,0,0.17766054227331762,0.1349481525765426,0.04553336742124675
305431,2,0,0.2456080736398452,0.10455099357341735,0.03979579693051722
305432,1,0,0.13314901426120992,0.07101753794081093,0.041489727350712116
305437,1,0,0.8604793845641622,0.6191364856020769,0.0790439086755782
305472,3,0,0.4134642460660271,0.183460923261497,0.06190702260455819
305477,1,0,0.1967144670553615,0.2291901235522465,0.045138580473426344
305490,3,0,0.8326963184000968,0.734353610061329,0.15203566221825995
305525,1,0,0.14260366582450978,0.14918699840881808,0.06578065933042877
305529,2,0,0.11355061066246788,0.13049343762370427,0.04785905696083482
305553,0,0,0.12622126492515837,0.0944801704451171,0.04051001628367428
305572,0,0,0.1259419669129268,0.1539139710977034,0.05514195719588541
305573,1,0,0.12179806203068425,0.06847573524237316,0.03654359335363746
305576,1,0,0.029237263681027432,0.02179921495001705,0.03654359335363746
305577,1,0,0.34643560749070745,0.10373562717721185,0.045138580473426344
305582,1,0,0.3329223910971131,0.12711897124854596,0.045138580473426344
305603,1,0,0.14166461435740277,0.04419029651629714,0.03654359335363746
305604,1,0,0.9053661916209452,0.5283891774817336,0.0790439086755782
305608,0,0,0.1657755229387723,0.1420204336861685,0.03783355274650557
305613,1,0,0.33187964126811653,0.09090385614309278,0.0462190103162257
305619,0,0,0.7147780131413621,0.6217425811288909,0.07832280308675038
305624,1,0,0.5699229913537804,0.03726074320088427,0.03654359335363746
305625,1,0,0.23991156714106882,0.15276982968177016,0.05430418072875823
305626,3,0,0.40848564023934997,0.25530075641419886,0.08074362080409005
305629,1,0,0.8501583040767727,0.5161361253528313,0.07220339686583643
305638,0,0,0.0838369376545681,0.11244456393576525,0.04940040891194944
305667,3,0,0.2127441262321626,0.16294575843058895,0.06587052106619748
305679,1,0,0.7712118665241536,0.6307132122873294,0.06385930171838845
305714,3,0,0.6927493889931958,0.43696094447536477,0.055281710371739
305741,1,0,0.3012331862154992,0.1230556682666366,0.057772283877401805
305750,3,0,0.24305309186891375,0.06577913615516015,0.047725990874956416
305753,3,0,0.7153403765997584,0.7513037151047252,0.1390388295834454
305756,1,0,0.05575291627147466,0.161410296414006,0.04420824718515211
305770,2,0,0.743847749135667,0.5829030148599224,0.05596883800974349
305789,1,0,0.6488647323049471,0.08354279537284086,0.03654359335363746
305798,0,0,0.8042458773308409,0.7592450283644858,0.07832280308675038
305808,1,0,0.22362253929124865,0.13609898980875226,0.045138580473426344
305817,1,0,0.26137465597429643,0.0911791873921403,0.045138580473426344
305832,1,0,0.9091797643390226,0.44409436231384075,0.07843589644846584
305849,1,0,0.17420429760545508,0.08810113059989615,0.036721316141216785
305851,3,0,0.3061437592916226,0.21903088616597072,0.08570454925076987
305877,2,0,0.18109310312295987,0.16888088963053757,0.039307208021911476
305911,2,0,0.25812560604660645,0.12100369347958441,0.03680661143378336
305927,2,0,0.2509025947456479,0.07780140325904,0.044064117889810656
305939,2,0,0.5493015940553656,0.11892100389707791,0.03680661143378336
305947,3,0,0.478197571624555,0.2097876937149056,0.051860867035191556
305970,3,0,0.9667833313290229,0.7371154521803157,0.13834668003890824
305974,2,0,0.6675954598004213,0.696664855132722,0.0588805586063968
305981,3,0,0.2910634817709976,0.2544244663186745,0.0671996868862822
306000,3,0,0.6814484433243366,0.24010211931242106,0.05132729910367972
306010,1,0,0.19138675105424283,0.1724402663861521,0.045138580473426344
306034,1,0,0.33199762385874537,0.11151954223218732,0.045138580473426344
306035,1,0,0.05980846167532112,0.10378386285467553,0.041489727350712116
306051,2,0,0.21188124371082134,0.21058078569653227,0.04761226190619499
306095,2,0,0.6205154274499846,0.698850573859132,0.0588805586063968
306103,0,0,0.3169031623920038,0.15900049289909565,0.034468069922267
306161,1,0,0.04415131479364301,0.07910195999569124,0.03654359335363746
306181,1,0,0.025835667413576537,0.06501806879111195,0.036721316141216785
306201,2,0,0.25229568541927105,0.11798444383257924,0.039225685339645454
306205,2,0,0.0877375685515476,0.16051339877861676,0.03895652060433919
306222,2,0,0.1634780516171833,0.15433523652854128,0.039107986745542264
306236,1,0,0.7297275030249025,0.6369105802814693,0.0790439086755782
306239,2,0,0.4475833855897734,0.7854297624283929,0.0588805586063968
306251,1,0,0.07792046687097613,0.07231834654348837,0.05149621395102403
306253,1,0,0.061620379675932216,0.047051950103482676,0.03654359335363746
306269,0,0,0.22269489151175956,0.1291356974617408,0.03890106100826425
306270,1,0,0.09729794419853159,0.06196011058849666,0.040606377662277836
306272,2,0,0.3298306926612473,0.09234974476124805,0.041224037052829364
306316,3,0,0.4396677202306781,0.07518946663043759,0.03425160257138939
306317,3,0,0.569390358513496,0.23568582837739915,0.032802979886999324
306322,1,0,0.3853590613380372,0.0316160978176693,0.03654359335363746
306326,3,0,0.2333678904261106,0.1538960680180417,0.0408910084629719
306335,3,0,0.08856030150864698,0.06965318062141708,0.03130789452754723
306355,1,0,0.10083201949332278,0.02689119688676671,0.03654359335363746
306359,1,0,0.7946865151284284,0.479429773608403,0.07404344038399556
306367,2,0,0.32552074973187717,0.08540833866508585,0.041224037052829364
306373,1,0,0.4613074225739594,0.03642347621313731,0.03654359335363746
306384,1,0,0.06870542288452194,0.176947394799494,0.04735892056685851
306386,1,0,0.09703967759470945,0.09941246261578555,0.04916595741654698
306387,3,0,0.5269181942177937,0.24986095019319735,0.043700058228475475
306388,1,0,0.1670629914285009,0.1248621335687735,0.04278709843626327
306413,3,0,0.1119606696627445,0.22718392908963395,0.08645598650181362
306447,1,0,0.56776479864753,0.09448672535561903,0.045138580473426344
306449,3,0,0.7078759583047309,0.6341518340507641,0.12718881150879358
306453,1,0,0.09026417340160062,0.05566221064098952,0.041489727350712116
306488,0,0,0.061811699304253516,0.1180826802750254,0.04051001628367428
306506,0,0,0.20465840085389378,0.26541421366422074,0.06756788627993976
306519,3,0,0.9164553703078322,0.4366610584364944,0.1451152627293505
306530,1,0,0.24323686630449878,0.07734631771887406,0.05253282474628003
306560,1,1,0.6627422632829558,0.6140561548673625,0.0790439086755782
306575,1,0,0.25811526543976054,0.07434213288942788,0.03654359335363746
306596,1,0,0.2579124260372332,0.07926204363106694,0.041770438271605204
306616,1,0,0.0811577447073368,0.16311427983025217,0.05272041709239291
306639,3,0,0.6237293326531994,0.32638219449145767,0.11772920866029686
306655,1,0,0.42647484509346095,0.12757624688101596,0.053452256584867484
306658,0,0,0.08796333742230923,0.13884437401232363,0.04109512219911186
306674,1,0,0.12947854107079507,0.08103061044510429,0.03654359335363746
306689,3,0,0.809733534182362,0.7524085626320572,0.1312350497272299
306708,2,0,0.7400184470324959,0.7104916973248434,0.0588805586063968
306716,1,0,0.2961015706561997,0.043058290577152485,0.03654359335363746
306750,1,0,0.2737558032031564,0.07844226573784571,0.045138580473426344
306751,2,0,0.0956967521670283,0.15152922057654947,0.039107986745542264
306754,1,0,0.07004563932252418,0.07212445037142258,0.03654359335363746
306760,3,0,0.42217846546353655,0.23998941997233217,0.07345108983375552
306777,1,0,0.04793629629691405,0.016437687163573002,0.03654359335363746
306788,1,0,0.13374906919246415,0.07391106872961502,0.05400653719607418
306796,0,0,0.14636397010366933,0.1228841529094333,0.04051001628367428
306798,1,0,0.05693965999948493,0.08138385324012568,0.05149621395102403
306799,1,0,0.26842915878070633,0.03380772698174871,0.03654359335363746
306825,1,0,0.7745947288815814,0.5502014996466503,0.0790439086755782
306826,1,0,0.8245146526176632,0.5105054017929611,0.0790439086755782
306863,3,1,0.7864329477331157,0.6810196583699876,0.13722262486298195
306864,2,0,0.09275817830665065,0.10497115821242685,0.039107986745542264
306865,1,0,0.28670574603487037,0.06600895881671502,0.03654359335363746
306913,1,0,0.5463441840171596,0.13400203912636796,0.045138580473426344
306949,3,0,0.7381768580465391,0.5233136231140343,0.09498438344946107
306975,1,0,0.14626878897670553,0.09188761873423525,0.041489727350712116
306977,0,0,0.40677728329677915,0.09133948439777616,0.03969994002774194
306982,1,0,0.7977474927719429,0.5565912884106292,0.0790439086755782
306991,2,0,0.0503714983628284,0.11560924580075006,0.03979579693051722
307022,1,0,0.7003689507894215,0.6873265342989029,0.08105812253669475
307025,0,0,0.18872069768104147,0.16267768201499536,0.04214354426958145
307034,2,0,0.3260787606237268,0.11770167698060703,0.03680661143378336
307039,1,0,0.4319355717342024,0.22644315272321713,0.045138580473426344
307049,1,0,0.3578435824722574,0.08722935367036523,0.03654359335363746
307075,1,0,0.11540441439267736,0.16676735957589528,0.040606377662277836
307111,1,0,0.36513423996829664,0.1519600811528566,0.053452256584867484
307114,1,0,0.04625814603655143,0.13176165456440223,0.04735892056685851
307123,3,0,0.8099784925194311,0.8005924795950297,0.15203566221825995
307175,2,0,0.19723705949835713,0.13822585859164385,0.043239762574341006
307180,0,0,0.09728275237506999,0.11003757383606998,0.04579907598057319
307220,1,0,0.4758745523884425,0.11666588709129332,0.060900497067004095
307262,2,0,0.13648934135891627,0.20720593035402998,0.03680661143378336
307270,2,0,0.6049184811848288,0.6132707263409741,0.0588805586063968
307273,0,0,0.1745429242996008,0.1497136247118013,0.04940040891194944
307280,0,0,0.24218756568858732,0.3476317339234088,0.045458359474605074
307324,1,0,0.03576144030169893,0.09767022039870453,0.041489727350712116
307331,1,0,0.10821618438162824,0.10615589600070743,0.045138580473426344
307346,1,0,0.12543875863955703,0.09745045546975066,0.045138580473426344
307382,2,0,0.4123485815006839,0.17283554235990273,0.043239762574341006
307390,1,0,0.39366161753728923,0.1773597212344143,0.060900497067004095
307397,1,0,0.26861893821152466,0.19057946594638608,0.045138580473426344
307426,1,0,0.8540013553523118,0.7293885705850228,0.0790439086755782
307427,3,0,0.1254437756378625,0.12971613809872667,0.03972928289860106
307428,1,0,0.19192757372648903,0.04544517204858159,0.03654359335363746
307431,1,0,0.27927505978328,0.1391107721501219,0.045138580473426344
307454,1,0,0.8486513729351891,0.5262107297140897,0.0790439086755782
307464,2,0,0.6259076333002653,0.8146192137382264,0.0588805586063968
307465,1,0,0.10978176915454183,0.12842857241287362,0.041489727350712116
307498,1,0,0.20019398370192698,0.05455639739879738,0.04278709843626327
307519,2,0,0.30476767082233974,0.13868367314525293,0.04785905696083482
307525,1,0,0.2685841915599357,0.18512419043763256,0.049952408474690416
307528,0,0,0.20711483561474156,0.10165348434197226,0.0394085652058255
307535,1,0,0.7736264308953921,0.4160494002355795,0.0572831245447108
307555,1,0,0.29456985514676215,0.032029670388167175,0.03654359335363746
307579,1,0,0.09035778090617706,0.12559733754738364,0.05400653719607418
307589,1,0,0.5192319239828915,0.21154086990551815,0.045138580473426344
307598,1,0,0.10628974497029596,0.05862048457099366,0.03654359335363746
307604,1,0,0.16984125289811733,0.0846881261681357,0.045138580473426344
307625,1,0,0.22676388906000164,0.10578905884308559,0.03654359335363746
307626,3,0,0.8984315241766639,0.7136240742004385,0.11331653562657278
307630,2,0,0.7867984129376417,0.637331042651186,0.0588805586063968
307632,2,0,0.21559637156196368,0.08458266935304827,0.03680661143378336
307633,2,0,0.4927401785338087,0.12103659426997262,0.039307208021911476
307641,1,0,0.4580580506308752,0.11706484543034289,0.045138580473426344
307654,1,0,0.44248320278256786,0.07565008025064114,0.049952408474690416
307660,1,0,0.3309919111150147,0.09786074393774263,0.03654359335363746
307663,2,0,0.5398758271916363,0.6343358639297642,0.0588805586063968
307669,1,0,0.6307033982419348,0.13294804242485495,0.045138580473426344
307673,1,0,0.44907288990830546,0.07324224783070503,0.041489727350712116
307681,0,0,0.323511644791925,0.16897646565089477,0.04398968362446854
307696,2,0,0.3074721563893817,0.13278932915527966,0.03979579693051722
307709,3,0,0.6873319298146036,0.7519350926157408,0.13943550135720706
307747,0,0,0.5341846499286833,0.7838033290835869,0.06930116951034983
307761,1,0,0.8491451540468683,0.13681663366100347,0.045138580473426344
307773,1,0,0.12675441406784,0.1885743301333983,0.053452256584867484
307796,2,0,0.7001924268189595,0.837455564368217,0.0588805586063968
307825,1,0,0.10205528908486104,0.10183176271612224,0.05400653719607418
307856,3,0,0.7913558561407711,0.7647008943137837,0.1361115714835723
307857,3,0,0.8018019508613873,0.778498388414855,0.1390388295834454
307863,1,0,0.3522625776308851,0.11231890841560749,0.03654359335363746
307865,3,0,0.4216132461051508,0.15134455853639545,0.038330359675950006
307887,1,0,0.3928357127505849,0.3232461978790222,0.060900497067004095
307892,2,0,0.5884112669890436,0.8131108857294181,0.0588805586063968
307893,3,0,0.6566689900335227,0.5778612740601902,0.12132925940520102
307932,3,0,0.09914485302649992,0.20998628434921296,0.05422376385753365
307935,0,0,0.7319094636952692,0.5009790891683181,0.051936313265206674
307947,3,0,0.3835431281519773,0.18254222977611867,0.04702026394983728
307969,1,0,0.8917493440942884,0.6652726579853546,0.0790439086755782
307971,3,0,0.9786098725927573,0.7487208969861218,0.13638845662875063
307973,1,0,0.026486556800324464,0.1195860005191041,0.06578065933042877
307996,3,0,0.9034416262792662,0.5628419093530804,0.13460876730099877
308001,1,0,0.09328708106532797,0.19267542364995743,0.060900497067004095
308004,2,0,0.09846753978128531,0.1707011932133054,0.03680661143378336
308020,0,0,0.7598027507409,0.65414511628417,0.07832280308675038
308035,3,0,0.8843085282071114,0.7828050201981764,0.12972605181352123
308048,3,0,0.9842161168107234,0.7278347588529306,0.11315205582903226
308053,1,0,0.638644321449456,0.47658603971207164,0.0572831245447108
308058,0,0,0.20787805258317646,0.10265176992401734,0.03890106100826425
308070,3,0,0.45289344347315463,0.1004837024646636,0.050787839327698904
308088,3,1,0.9574618674013111,0.7950477741215825,0.14782235818533893
308092,1,0,0.5266181075120211,0.08851694564413987,0.036721316141216785
308094,3,0,0.4445145148154876,0.28173298646395606,0.09366350041156353
308110,1,0,0.05941534718850312,0.17709562755138175,0.041489727350712116
308111,2,0,0.06392731390590979,0.13905623788006738,0.039107986745542264
308127,1,0,0.07311292289556937,0.08868037580656252,0.041489727350712116
308143,1,0,0.10825938249115792,0.07097927837138146,0.045138580473426344
308148,3,0,0.4460180462618961,0.08965916922332179,0.06645876423474531
308170,1,0,0.5108529393639372,0.06444935708167106,0.03654359335363746
308173,1,0,0.36186831447064544,0.030466727832358532,0.03654359335363746
308178,0,0,0.5138839851790046,0.5487495154411159,0.07472112279401351
308197,3,0,0.7531635554127376,0.29232002767752036,0.05964361419954435
308201,3,0,0.8455876707927421,0.7491944591808779,0.1332248482311078
308220,2,0,0.4792829819821252,0.17481072844638007,0.03979579693051722
308242,2,0,0.13847944075675866,0.11879407261383985,0.04883118523478495
308244,1,0,0.8706076895402076,0.5457194177355496,0.0572831245447108
308246,0,0,0.262152062314646,0.10762034975475009,0.03579088590500353
308255,1,0,0.08962416798156883,0.07371687491279345,0.041489727350712116
308258,3,0,0.5445074942785432,0.24889826033193468,0.04849482722974031
308279,1,0,0.1316178938950583,0.049766580596124,0.03654359335363746
308286,0,0,0.280692683160305,0.15739752693883774,0.04107751169898964
308322,3,0,0.8251096877344054,0.7823744750260808,0.1277354027428251
308344,1,0,0.18118928184083208,0.12473769047503483,0.0560522975467529
308360,2,0,0.5246554378363232,0.5902754877106637,0.0588805586063968
308396,1,0,0.42019101885277005,0.047878080678908856,0.03654359335363746
308401,3,0,0.5608904175559941,0.18160646798629285,0.032416945836427694
308406,1,0,0.46446591865869774,0.13001629611853385,0.045138580473426344
308408,1,0,0.03600429017217566,0.08195465454660113,0.045138580473426344
308421,1,0,0.08167264118025522,0.031233797383158363,0.03654359335363746
308432,1,0,0.32966630456595997,0.10140893597058115,0.045138580473426344
308443,1,0,0.6788398286744839,0.554748397161014,0.0790439086755782
308467,1,0,0.457812405231435,0.12876079217967473,0.053452256584867484
308469,1,0,0.0677643010151913,0.1624764232331111,0.05149621395102403
308477,1,0,0.5700861691106858,0.1283365877806686,0.041489727350712116
308482,0,0,0.15964290534641462,0.10476498842416873,0.04460764711609256
308486,1,0,0.9188465213080724,0.5967356363232624,0.07843589644846584
308490,3,0,0.8676154337174176,0.6113841171021009,0.12463725383693615
308494,0,0,0.3187372166187745,0.20341134427804888,0.043065190572814514
308501,1,0,0.2591916855223521,0.2707979323544667,0.06727682894713186
308536,2,0,0.5173290704820582,0.71087637738576,0.05596883800974349
308584,1,0,0.1241555970689811,0.04418668719613002,0.03654359335363746
308589,1,1,0.4327068613084486,0.2036638017737713,0.0506233382542699
308595,0,0,0.5324798489788556,0.8013390403148212,0.07832280308675038
308597,1,0,0.2894506727270084,0.05180460436042274,0.03654359335363746
308609,1,0,0.22889515690976348,0.06000688313889728,0.03654359335363746
308622,0,0,0.6859816935404631,0.7344370092735786,0.07472112279401351
308633,3,0,0.21268219811186473,0.17687172967190026,0.06355848046009752
308638,0,0,0.5937164332054904,0.8278070599326106,0.07832280308675038
308663,3,0,0.45884255598315815,0.07722384192056282,0.049939963039035175
308664,0,0,0.12073903341870366,0.11291168575776936,0.04020250012649739
308728,2,0,0.11190866253048773,0.12486312296510282,0.03680661143378336
308739,1,0,0.17039687763695863,0.13704738539801306,0.045138580473426344
308776,2,0,0.08992506651762301,0.10021290513432238,0.039107986745542264
308783,1,0,0.21811272346774196,0.04821011795617762,0.03654359335363746
308796,0,0,0.14016540937074304,0.1722235874483222,0.045267486126968695
308813,2,0,0.6331428802046971,0.7103876077530136,0.0588805586063968
308825,3,0,0.548142344892869,0.24492563340143303,0.07897084927357696
308826,1,0,0.22096805520861154,0.05799393502292748,0.03660837086997847
308844,0,0,0.22410205488348076,0.12904198251944482,0.03861531372685975
308845,1,0,0.14023422739076244,0.04827720597532343,0.041489727350712116
308865,1,0,0.059932693313598136,0.1285660832793197,0.060569014443723486
308866,3,1,0.8664106943101638,0.7891037041497367,0.1506111938521244
308893,1,0,0.24119068738114743,0.03638145951164043,0.03654359335363746
308919,1,0,0.38805738106953086,0.15431283339786717,0.045138580473426344
308934,1,0,0.03500384324222892,0.08411478129782277,0.03654359335363746
308950,1,0,0.6460908312511114,0.4974254857337283,0.06240610813970667
308983,1,0,0.2115869194156599,0.09296274518369527,0.03654359335363746
309008,0,0,0.03334599800700261,0.0899744241129897,0.041340515838398886
309029,3,0,0.9789064292366982,0.7758431716533785,0.1377133596489567
309057,1,0,0.1842769720715338,0.0588572912214733,0.03654359335363746
309069,1,0,0.566172275083136,0.09133945762300238,0.03654359335363746
309099,2,0,0.28716733029261005,0.1076919388929912,0.03680661143378336
309138,0,0,0.06573241679782311,0.1044330933595414,0.045267486126968695
309151,3,0,0.8826433742625128,0.32688269532355657,0.08476556779090938
309173,1,0,0.246083832688682,0.06840515190248919,0.03654359335363746
309189,1,0,0.08547797575377485,0.07883183264652208,0.03654359335363746
309196,1,0,0.2649436459536863,0.14691996339235391,0.057772283877401805
309204,1,0,0.47332139042963267,0.16320490475881008,0.0506233382542699
309223,1,0,0.16667053854321678,0.06636367457975409,0.045138580473426344
309254,0,0,0.16264417406229162,0.10617570622973405,0.04107751169898964
309264,2,0,0.1911854777959686,0.1209463076765757,0.03979579693051722
309265,2,0,0.2745015403195981,0.1154715906218774,0.03979579693051722
309268,1,0,0.4917448534457078,0.17345377234620427,0.05430418072875823
309279,3,0,0.38623516540518077,0.09979629766586777,0.037487755202467395
309287,1,0,0.7947386392413258,0.17342816295534275,0.060900497067004095
309290,1,0,0.31310789312192594,0.0746644204835736,0.03654359335363746
309319,3,0,0.5239997276352389,0.1781702394480133,0.0367829430082666
309333,2,0,0.2689523742705954,0.12614381874607766,0.039225685339645454
309336,3,0,0.4627066752794026,0.11788758398661328,0.03431608934435056
309338,2,0,0.4727361140377879,0.1711823679423464,0.043239762574341006
309363,2,0,0.056597928737476835,0.13525614663608077,0.04761226190619499
309375,1,0,0.7167986923459355,0.6108095937590446,0.0790439086755782
309392,2,0,0.159374115612134,0.16374708142398242,0.043239762574341006
309411,1,1,0.7447146259851745,0.6016424718350231,0.0790439086755782
309415,1,0,0.10293941787170807,0.06882192649892784,0.03654359335363746
309417,1,0,0.14384713155621578,0.05008318018727385,0.045138580473426344
309479,1,0,0.04706739065081431,0.07653361703751461,0.03654359335363746
309482,1,0,0.16873920416216515,0.11363409757834278,0.03654359335363746
309489,1,0,0.047692822282806906,0.12143448054872331,0.045138580473426344
309491,1,0,0.06332186011544182,0.059185499170058276,0.03654359335363746
309495,0,0,0.08269788581240554,0.09171866382950399,0.04940040891194944
309511,1,0,0.2809157096126348,0.06986785878180149,0.03654359335363746
309571,3,1,0.6679885935555938,0.7162867675201767,0.1241081286160408
309580,1,0,0.19395799100151015,0.04238063430150086,0.03654359335363746
309596,2,0,0.6409826709186387,0.6557556360557371,0.0588805586063968
309613,1,1,0.7444748850407457,0.6239821330023066,0.0790439086755782
309663,1,0,0.08333661499835512,0.03500785999273702,0.03654359335363746
309666,3,0,0.5542328170908793,0.2290885742535978,0.08672272961377778
309668,1,0,0.13010800691779364,0.13056681777791365,0.04751540753370948
309675,3,0,0.5773203403490013,0.15818906860858364,0.07331157670935412
309692,3,0,0.5427422336059591,0.42424932951655336,0.10675335426362421
309700,2,0,0.3643827613364856,0.09093054114104751,0.03793425460871488
309713,1,0,0.3802191761091104,0.12509129748069456,0.0506233382542699
309737,3,0,0.23257617505798758,0.08219993946521362,0.050318699621223574
309742,2,0,0.48251036974100947,0.6856512573995117,0.05171434606710744
309743,1,0,0.35742150364144704,0.06007765117017263,0.036721316141216785
309784,1,0,0.1881168081933283,0.046636585900042625,0.03654359335363746
309787,1,0,0.4293841060247398,0.08257347019382694,0.03654359335363746
309812,3,0,0.47273408999364397,0.05117423366882437,0.03344612690993611
309836,2,0,0.0630519706590421,0.08448006039597701,0.04761226190619499
309844,2,0,0.1942072630311151,0.12690241091131177,0.041224037052829364
309847,0,0,0.28620416147129074,0.1083727634682202,0.04977745234354723
309871,2,0,0.28204180127484896,0.1725312078557556,0.03979579693051722
309915,3,0,0.5014491159832543,0.09405681430022671,0.04447298770281675
309926,2,0,0.2860173876669832,0.15728602334414407,0.03979579693051722
309927,3,0,0.5745936532647254,0.1686314190645685,0.08244704320659849
309954,2,0,0.37974823240701006,0.1289077998710361,0.03680661143378336
309963,1,0,0.6403850187332384,0.6169993753640983,0.07396643437346692
309969,1,0,0.33832963229760504,0.1463699837794476,0.060900497067004095
309984,1,0,0.31469652371602613,0.09231714722519473,0.03654359335363746
309999,1,1,0.08239500352513263,0.12976760011554,0.03654359335363746
310037,1,0,0.138618358137495,0.15300138925785936,0.05272041709239291
310042,1,0,0.27005438191822223,0.032952265567860725,0.03654359335363746
310056,3,0,0.3262485420806105,0.0996715673737473,0.04992457104832957
310064,1,0,0.4287582749625953,0.0829729843697904,0.045138580473426344
310072,3,0,0.9472731238950438,0.6975312448041475,0.13379816515128004
310081,3,0,0.2763520906191926,0.2329774590471839,0.0671996868862822
310086,0,0,0.3315451041802843,0.20097778409737457,0.058133113074995864
310132,1,0,0.8392579301800186,0.5931438889255646,0.0790439086755782
310152,1,0,0.3188212574638836,0.06005783523673175,0.03654359335363746
310155,2,0,0.37289596794786306,0.1421491697301032,0.03793425460871488
310160,1,0,0.8118213048632459,0.6826032285582683,0.0790439086755782
310173,3,0,0.32160248143052084,0.22945113094747227,0.04344165517204668
310174,0,0,0.22525663035788535,0.12242237501384917,0.040763539715324086
310182,2,0,0.11284164720077715,0.11694161856805824,0.03979579693051722
310193,1,0,0.7857497193414915,0.5518886425555874,0.0790439086755782
310235,0,0,0.13855350881791687,0.11760601000760537,0.03579088590500353
310237,1,0,0.3538517766328144,0.07017528214057965,0.045138580473426344
310240,0,0,0.30914245865876316,0.17662481886579748,0.03890106100826425
310242,1,0,0.10587078337178779,0.09346420372127716,0.03654359335363746
310245,1,0,0.3793463686687836,0.07888389124720563,0.03654359335363746
310254,2,0,0.7283899422137294,0.36611807378692807,0.05399190201209463
310255,1,0,0.11040538268478337,0.17649038745868179,0.036721316141216785
310268,2,0,0.7383186400645212,0.751941044216091,0.05786868058135989
310317,1,0,0.12227294047211712,0.09040735971993115,0.040606377662277836
310319,1,0,0.8755469350392174,0.742693507008873,0.08105812253669475
310325,3,0,0.15986317369600672,0.1282269372492074,0.05062127434871715
310326,1,0,0.419580969103662,0.050717540647636276,0.03654359335363746
310358,1,0,0.18274548179829123,0.08032110125130282,0.0462190103162257
310367,0,0,0.16110600977446737,0.08905538183777223,0.04336522917003451
310379,1,0,0.44622840374237926,0.3815821643158954,0.0790439086755782
310382,2,0,0.7512977425847779,0.7063389059917633,0.05786868058135989
310388,1,0,0.3846365412190868,0.16302343036397113,0.045138580473426344
310389,1,0,0.21392146685881455,0.12727739811397293,0.045138580473426344
310419,2,0,0.6324382561788396,0.16073861109039808,0.03680661143378336
310427,2,0,0.7031979113005068,0.5987095921833672,0.05596883800974349
310432,3,0,0.28307911849027784,0.18322116715703726,0.038019274980140634
310439,1,0,0.1306117625674717,0.11186541112925959,0.045138580473426344
310442,2,0,0.1202621831591073,0.11194500519025448,0.043239762574341006
310446,0,0,0.18990857493371222,0.09255313193047592,0.03890106100826425
310450,1,0,0.352730242800867,0.145718040540086,0.045138580473426344
310452,3,0,0.4170138924316613,0.2788207929673969,0.05267868396951806
310470,1,0,0.04584460889430063,0.07136958114462578,0.03654359335363746
310481,1,0,0.042442539439605874,0.08962961881296244,0.041489727350712116
310483,1,0,0.17300104426412383,0.11213915636774024,0.03654359335363746
310484,3,1,0.8568087689504645,0.8296997058080945,0.1538166727411127
310489,3,0,0.6289605587514514,0.24935934665561388,0.05944335112009704
310503,2,0,0.3781426789247402,0.15705698720609354,0.03979579693051722
310506,1,0,0.08242234617279694,0.07067585515885612,0.041489727350712116
310507,1,0,0.5233364746557774,0.12741331596494943,0.03654359335363746
310511,3,0,0.7986788139465085,0.7209562676907919,0.09848001800387979
310524,0,0,0.29352290435462575,0.14889758911534895,0.04611150192918037
310525,1,0,0.08655368163462393,0.1168975191555044,0.0462190103162257
310546,3,0,0.7852762113413848,0.7783386420678847,0.1128363952009114
310578,1,0,0.1676048244050722,0.02275815946480246,0.03654359335363746
310581,2,0,0.05151271633856243,0.14959898400274757,0.04327762942775736
310593,2,0,0.08922443287319265,0.11650192433853253,0.04883118523478495
310594,1,0,0.6066184758965285,0.4827060673661322,0.0572831245447108
310604,3,0,0.4161388860732692,0.07061956637310919,0.031694530747468634
310607,0,0,0.16775788171188338,0.1147305665564668,0.042772479234137746
310612,1,0,0.17278590102416855,0.08508925175133238,0.040606377662277836
310618,3,0,0.8937147201379654,0.446938292827624,0.08346860214866975
310620,0,0,0.18942559543215345,0.14378421197548388,0.03890106100826425
310629,1,0,0.42927299059077567,0.12190409821366253,0.03654359335363746
310643,1,0,0.29300269623229536,0.10149498151650294,0.045138580473426344
310645,1,0,0.26524487567720134,0.08539383432076722,0.045138580473426344
310649,2,0,0.07281014203720752,0.10049173171751842,0.03680661143378336
310654,2,0,0.27475725479665264,0.1221062751254975,0.04327762942775736
310659,1,0,0.8888397534469534,0.6124183763368548,0.07792073518949832
310687,2,0,0.20093692773551114,0.16230425076754337,0.04761226190619499
310688,1,0,0.21282289805139867,0.09968694209826116,0.04278709843626327
310705,3,0,0.9577465881827893,0.762539147330161,0.1390388295834454
310725,2,0,0.21392680911506945,0.13356564519858063,0.03793425460871488
310741,3,1,0.8576218678020614,0.7417700095813358,0.1406928508136424
310746,1,0,0.2514731956853206,0.09113580971567846,0.045138580473426344
310749,1,0,0.7939576897547475,0.5447150196056396,0.0790439086755782
310774,2,0,0.4146567597943875,0.19479592965521114,0.03979579693051722
310791,0,0,0.1975958917269708,0.10804811649769713,0.04159192571126894
310849,2,0,0.5791305362166324,0.631186699890848,0.05596883800974349
310878,2,0,0.24166846911540432,0.3140537702122409,0.03793425460871488
310884,1,0,0.19085783752462582,0.12917561806287048,0.05289363628527345
310890,1,0,0.4451187737191036,0.16718536967775863,0.060900497067004095
310905,0,0,0.1583707215905197,0.10958048760557493,0.042772479234137746
310920,1,0,0.24735547359684368,0.09629719717241643,0.045138580473426344
310923,1,0,0.08927122721412978,0.03761093595417099,0.03654359335363746
310941,1,0,0.312164370748198,0.10957652371707452,0.04751540753370948
310969,0,0,0.3381719223937229,0.16205758551378008,0.04398968362446854
310975,1,0,0.6916423401391654,0.4162430627681474,0.07404344038399556
310981,3,1,0.958151650713896,0.8096145584627594,0.13625166619831602
310982,1,0,0.2832968049099915,0.15307262340560057,0.053452256584867484
311001,3,0,0.5257194778429681,0.10641177174926883,0.0335803664642047
311005,0,0,0.23416874265926738,0.275445589360238,0.04077645560779726
311007,2,0,0.2986434319438755,0.10702341690025097,0.044064117889810656
311013,1,0,0.18473162985074457,0.10473778662320514,0.045138580473426344
311014,3,1,0.9829136721863019,0.8193151863683406,0.1431574974535518
311048,0,0,0.13028446907536498,0.07847575898691207,0.045267486126968695
311075,3,0,0.9489644023178759,0.3053214925536144,0.1443553809787896
311131,3,0,0.350906106067732,0.10408002444099751,0.031694530747468634
311147,1,0,0.7078576066295929,0.5065995204529151,0.0732908158645075
311150,2,0,0.07334397293297766,0.11511809036427843,0.03979579693051722
311154,0,0,0.11614560155179061,0.13171338879071,0.03556233395198523
311158,3,0,0.26083540763274404,0.09949675191075613,0.04347112976281663
311164,1,0,0.3459596591801708,0.0936730812328921,0.053452256584867484
311168,3,0,0.2013888001738284,0.08714993458131184,0.0543927870744467
311171,2,0,0.706253186374055,0.7036519938650707,0.05786868058135989
311182,1,0,0.08335002579384786,0.068064063479376,0.03654359335363746
311191,0,0,0.7584775638659617,0.7009594816738033,0.07832280308675038
311236,2,0,0.0989211193365093,0.10885286637130742,0.03979579693051722
311248,3,0,0.9174118946656084,0.8092759957544235,0.15203566221825995
311281,1,0,0.1103080385806879,0.03763641736124351,0.041489727350712116
311299,1,0,0.3657139425019898,0.05728657148740015,0.03654359335363746
311325,1,0,0.20561440285449348,0.09797521105850748,0.045138580473426344
311328,1,0,0.33371345743496117,0.05288665715500094,0.03654359335363746
311392,1,0,0.6291364793802666,0.1515405815619795,0.0506233382542699
311406,1,0,0.15646552997807534,0.0738146259899623,0.04762177173003558
311411,2,0,0.27215576332719044,0.15104667405051203,0.043239762574341006
311415,1,0,0.8990914940905979,0.5649308579104874,0.07897091022620364
311426,2,0,0.37050029236711174,0.15790757420906135,0.039307208021911476
311438,1,0,0.17823216622574395,0.07040193391039182,0.03654359335363746
311441,1,0,0.2976174441134322,0.044671678672802945,0.03654359335363746
311503,3,1,0.8481699000528414,0.26144957723298384,0.05619136043068274
311505,1,0,0.5920957656430603,0.14915904089986015,0.05430418072875823
311550,1,0,0.6817775415349298,0.5128009023724058,0.05352224253229474
311557,1,0,0.2202431737242218,0.06852215651995738,0.045138580473426344
311568,1,0,0.09777005801800752,0.0697126819720988,0.036721316141216785
311593,1,0,0.9403715716854848,0.5547910471105201,0.07404344038399556
311631,1,0,0.19253729538308262,0.01767203993887726,0.03654359335363746
311633,2,0,0.47258454168352915,0.11953199003270149,0.03793425460871488
311667,1,0,0.03974489731334281,0.08326392215855132,0.03654359335363746
311694,1,0,0.5796035096982802,0.5531566349308578,0.07843589644846584
311696,3,0,0.48151070193949713,0.2650728799311637,0.06355848046009752
311709,1,0,0.32504024085756084,0.1213636308270575,0.045138580473426344
311711,0,0,0.31039167440046417,0.2889675827751201,0.059922750851694205
311718,1,0,0.19429852861345268,0.05953139959869147,0.041489727350712116
311725,2,0,0.13760899234050716,0.10478478483638597,0.039107986745542264
311759,1,0,0.19696105783253207,0.07523824171088975,0.06007315232246997
311760,0,0,0.13881799952490886,0.1762153294942987,0.04940040891194944
311790,1,0,0.18870911124491557,0.1011167382337934,0.045138580473426344
311805,0,0,0.3223783502796037,0.12337625940842127,0.042772479234137746
311821,3,0,0.50273857362578,0.25982484747631907,0.07016327826054865
311828,3,0,0.8926062777806628,0.7063758487338105,0.1191122655987908
311830,0,1,0.7697594692457937,0.588648192777772,0.07783355687633112
311864,1,0,0.8589193144770304,0.5874766132560084,0.05722897375357503
311869,1,0,0.3335763714266387,0.05368837880461465,0.03654359335363746
311881,3,0,0.80549927798846,0.5849117724536849,0.10333122616593265
311887,1,0,0.06624666940664363,0.05035088476422038,0.03654359335363746
311918,2,0,0.5649749883012339,0.17980115210185718,0.03680661143378336
311940,0,0,0.14934980894168168,0.0644147954458427,0.043131446758103056
311942,2,0,0.15529655712497037,0.12909612240526125,0.03680661143378336
311952,2,0,0.21099022810063126,0.14608409428706046,0.039225685339645454
311976,1,0,0.05573071637828227,0.12328165168246509,0.041489727350712116
312011,1,0,0.11803782867526293,0.05004740445918683,0.03654359335363746
312018,2,0,0.06251005524020466,0.0995902110425857,0.03979579693051722
312061,1,0,0.10258594951087889,0.07363769904889055,0.041489727350712116
312074,1,0,0.09309350428347454,0.0481035396088622,0.03654359335363746
312118,3,0,0.2273413335096873,0.2727865994467925,0.07639251686512269
312143,2,0,0.15451370911492143,0.08332831745059764,0.039225685339645454
312150,1,0,0.2950602089210524,0.08116864028107422,0.03654359335363746
312157,1,0,0.12596185635716203,0.25365286082907845,0.060900497067004095
312166,1,0,0.06749042911734994,0.08261665729494774,0.045138580473426344
312177,1,0,0.30212434268815963,0.06645265129077438,0.03654359335363746
312178,2,0,0.20043855927736895,0.09917329414589578,0.039107986745542264
312197,2,0,0.12792685533868328,0.1411770307791399,0.041224037052829364
312232,1,0,0.579568491746282,0.5212743884880806,0.07843589644846584
312233,2,0,0.19520582609458642,0.136460322747827,0.039107986745542264
312244,1,0,0.06004646285761895,0.06890045939073737,0.053159020008777216
312247,3,0,0.4037615067341257,0.12111006684947957,0.056758000220599264
312251,3,0,0.35251111757045406,0.0578469267953825,0.038825006807214055
312261,2,0,0.2359827087464814,0.11844061338688723,0.043239762574341006
312269,1,0,0.0629940536240425,0.06239815733904111,0.045138580473426344
312274,1,0,0.02062305603760538,0.131809343710642,0.05272041709239291
312285,2,0,0.11293130871946756,0.09854440064393266,0.03680661143378336
312299,1,0,0.10857691918628769,0.11105230995737664,0.05400653719607418
312300,2,0,0.0543232790239195,0.08834117149631167,0.039107986745542264
312364,3,0,0.3940640891986741,0.1356987200173623,0.056653819333632914
312375,3,0,0.7357655991622881,0.2526014949691035,0.11648824271886307
312383,2,0,0.18145599406634857,0.07005224277474775,0.043239762574341006
312401,1,0,0.13213932375171125,0.029050844022216894,0.03654359335363746
312414,2,0,0.1603179934848339,0.11235581775583181,0.039107986745542264
312416,2,0,0.12730665389920753,0.0910539944472608,0.03680661143378336
312443,2,0,0.04172670222704817,0.07411793560111044,0.03895652060433919
312462,2,0,0.08261350528521003,0.11067385242918727,0.043239762574341006
312465,2,0,0.2255170942500656,0.1517375545195764,0.03680661143378336
312486,1,0,0.31248515641144,0.02896105635719001,0.03654359335363746
312494,1,0,0.09940942077185572,0.031079077444987988,0.045138580473426344
312495,1,0,0.7045198609071764,0.5461432610899652,0.07843589644846584
312511,0,0,0.29104477104656584,0.1166378972460262,0.04798336410037973
312550,1,0,0.3494452078818019,0.1601601649055231,0.051016511781975526
312554,1,0,0.042417203934449726,0.17043407556445508,0.051665630257641856
312570,1,0,0.18792946189770154,0.08933610340749613,0.03660837086997847
312646,2,0,0.23163397320999748,0.128268798477036,0.039107986745542264
312655,1,0,0.45189213994092453,0.11795950227514655,0.045138580473426344
312668,1,0,0.6884709057442927,0.10033924301290285,0.049952408474690416
312701,0,0,0.25634231978905186,0.1497476111785413,0.03969994002774194
312706,2,0,0.2521794027916037,0.1729668938552159,0.04895138524505201
312734,2,0,0.40909718872893625,0.2583819074006316,0.043239762574341006
312767,2,0,0.6195673367232278,0.6452055755641751,0.05786868058135989
312786,2,0,0.07259066689922106,0.12910680539202404,0.03680661143378336
312790,3,0,0.32811240724077934,0.13032516301873823,0.06392366749261302
312823,0,0,0.1933991117458715,0.10604127859673745,0.03890106100826425
312830,1,0,0.34841295234242886,0.05287794568413785,0.04278709843626327
312831,1,0,0.8536483535106211,0.695570913302336,0.0790439086755782
312854,2,0,0.6793564918961701,0.8067712147006155,0.0588805586063968
312856,1,0,0.5078102394401315,0.1149360891009875,0.045138580473426344
312859,0,0,0.16555566039291292,0.17750269664477308,0.040787904309439904
312864,1,0,0.395895170730504,0.0606113941281356,0.03654359335363746
312903,2,0,0.7876902457977917,0.6622794311115396,0.05582860675799179
312917,2,0,0.403916785847134,0.12481527871097015,0.043239762574341006
312932,2,0,0.20682744284552185,0.12590279084979464,0.03680661143378336
312944,0,0,0.0646851283285125,0.13462256538004438,0.04460764711609256
312951,2,0,0.655135405589057,0.5435200119936643,0.05786868058135989
312976,1,0,0.3254424730057199,0.12820708470339023,0.045138580473426344
313030,3,0,0.7428644072295183,0.6555494596118246,0.10448884759067247
313042,1,0,0.15905154109948277,0.1105468285872272,0.045138580473426344
313064,1,0,0.8817827801226701,0.7369356891340321,0.0790439086755782
313113,2,0,0.34555585140185313,0.15466528496901671,0.04401103510171641
313132,2,0,0.14247842823945792,0.08374900030787596,0.03979579693051722
313134,2,0,0.6244894519331446,0.2284233411636374,0.05171434606710744
313154,1,0,0.26993005803646464,0.3604518797940854,0.06385930171838845
313169,1,0,0.26717309340630824,0.11655169212648256,0.045138580473426344
313190,3,0,0.7381920557101205,0.741462140680611,0.13880838266488177
313192,1,1,0.8655376365108306,0.620662092243514,0.0790439086755782
313197,1,0,0.26964405178477724,0.19904643965914737,0.060900497067004095
313202,0,0,0.1943802239501615,0.1596994726543607,0.04077645560779726
313224,1,0,0.2604857482854941,0.11077445177550217,0.045138580473426344
313229,1,0,0.37523544467641107,0.06213887369874389,0.03654359335363746
313234,1,0,0.9134679641860316,0.6077547311702244,0.0790439086755782
313235,2,0,0.17256906348300904,0.18810534036314386,0.04327762942775736
313238,1,0,0.8270193249847796,0.6008204544999592,0.0416662699544284
313241,2,0,0.5140714367450766,0.2381027517448678,0.03979579693051722
313248,0,0,0.09273343065369517,0.18487978351227202,0.037559288239570145
313253,1,0,0.9606231293104897,0.6451402915800951,0.0790439086755782
313262,3,0,0.5001999099181336,0.1410446898602521,0.0453979791533107
313273,0,0,0.11833909233670552,0.07109052318000955,0.04460764711609256
313277,2,0,0.5870576488145419,0.5922884332583384,0.049879747382139655
313318,1,0,0.6231801535421133,0.06163423174130573,0.03654359335363746
313319,3,0,0.6503670159088444,0.25208061277926963,0.09211938564289343
313322,2,1,0.6345986931630968,0.6420185414372451,0.0588805586063968
313328,1,0,0.45670492756971426,0.10646911352481586,0.045138580473426344
313348,1,0,0.04363503437925553,0.05167644682543122,0.03654359335363746
313349,1,0,0.8581445026500915,0.6020107258019829,0.07404344038399556
313373,3,0,0.25937154042431193,0.2556763856098895,0.0636100194816529
313375,3,0,0.9802140449566596,0.7552354038012379,0.123973911247768
313384,1,0,0.2529341290597142,0.06750925497931162,0.03654359335363746
313385,3,0,0.7004950879732105,0.49081164258742077,0.1328430986817393
313416,1,0,0.8288563268021722,0.6048707956584607,0.08105812253669475
313440,0,0,0.33256712951656175,0.135597402072663,0.045458359474605074
313448,0,0,0.206149586967563,0.1124917400684607,0.04077645560779726
313461,3,0,0.2660885117886845,0.08622851539353321,0.0323676825539789
313480,1,0,0.8591825745271212,0.6609904793014552,0.0790439086755782
313529,1,0,0.17741301787385944,0.07901441779778827,0.03654359335363746
313533,0,0,0.3427365051857156,0.12934234656257654,0.03890106100826425
313535,1,0,0.6904686012497948,0.5889476749583191,0.0790439086755782
313562,1,0,0.7724388548734338,0.16682270364469978,0.05430418072875823
313578,2,0,0.1994496239710676,0.1469821696568232,0.03979579693051722
313589,3,0,0.5296345787474037,0.34529312829350045,0.08355849788944253
313590,3,1,0.7908214576495284,0.6405087324673354,0.08655728022961535
313617,0,0,0.55161634737827,0.8268932770850177,0.07832280308675038
313647,1,0,0.10086222920784584,0.09890720632781586,0.05149621395102403
313675,3,0,0.4764177928134768,0.1714276594054738,0.059333841721139514
313680,3,0,0.126009350903579,0.2973756373084645,0.09841078771631476
313683,1,0,0.24623738844323065,0.057404507562283075,0.03654359335363746
313685,0,0,0.06045748156818319,0.18755813105338529,0.047782419330315115
313690,1,0,0.531860534996876,0.43271680330386636,0.05955778581642158
313696,1,0,0.3783075557303758,0.11176605918674,0.0506233382542699
313723,3,0,0.5616562425581861,0.3342750809179122,0.06525219778962796
313732,1,0,0.9291938011086,0.500689801431358,0.07404344038399556
313737,2,0,0.1364478962760065,0.06787844790873548,0.03680661143378336
313751,3,0,0.40427828989806197,0.15580001139822786,0.0468306359727109
313767,1,0,0.7672683944330926,0.709316344515407,0.0790439086755782
313772,1,0,0.7492992955079454,0.6677280895546562,0.0790439086755782
313777,1,0,0.7700281452557669,0.5829920598507712,0.0790439086755782
313788,1,0,0.6494667322314881,0.6516107925884755,0.0498008771827325
313794,2,0,0.23364582017815072,0.10343858464061163,0.039225685339645454
313810,1,0,0.312005236841057,0.035419276461556515,0.03654359335363746
313815,1,0,0.3189070554188731,0.10545201796198328,0.045138580473426344
313821,2,0,0.19873551396165834,0.11983060978067243,0.03979579693051722
313826,3,0,0.616222495720364,0.26952542724334877,0.09315119350894854
313831,3,0,0.5902933806632854,0.1510922656350882,0.041099138733595296
313838,3,0,0.7727514685525015,0.38978414669281947,0.13406574770424368
313874,1,0,0.406153037402101,0.16594079982283005,0.049952408474690416
313887,0,0,0.17759761555242645,0.14326591128986035,0.04398968362446854
313905,2,0,0.5333343965458981,0.22208799149227565,0.04761226190619499
313941,1,0,0.6086318397169648,0.5528443436444003,0.0790439086755782
313955,1,0,0.16349330714791246,0.05747703707460289,0.03654359335363746
313998,1,0,0.14406229101548354,0.13262926418316184,0.04735892056685851
313999,2,0,0.2804309188684866,0.19101509235363,0.04761226190619499
314000,0,0,0.11932861061875552,0.13338436096641484,0.03992228278318054
314013,0,0,0.10162217469919232,0.14524915614620512,0.043101229357811285
314025,2,0,0.28132959126652207,0.11213312194018304,0.03979579693051722
314098,1,0,0.10626848546011773,0.0934207331798553,0.05400653719607418
314110,0,0,0.3725320687988529,0.5470529623626911,0.07832280308675038
314114,1,0,0.3256895689379704,0.055574119848450426,0.03654359335363746
314117,1,0,0.3950128405986499,0.1466855683310837,0.045138580473426344
314127,1,0,0.6370896135281787,0.1579234228584942,0.046552731277610504
314178,0,0,0.08977869893702382,0.0770899793949367,0.042153363215403465
314180,1,0,0.3583009094258255,0.14118079967445046,0.053452256584867484
314188,3,0,0.9611438735636331,0.7990982641554784,0.13052883197025597
314193,3,0,0.36013893883366543,0.2831938677490112,0.10582105968712759
314233,0,0,0.12614699428427026,0.11879361396448232,0.04109512219911186
314239,0,0,0.25826615748920895,0.09931355850210676,0.03579088590500353
314275,3,0,0.45312983101863075,0.17821008083361445,0.034349452370341524
314284,2,0,0.2479902525982115,0.14077074820399738,0.03979579693051722
314297,3,0,0.5255152794099731,0.2232058373919077,0.09274638051208671
314303,2,0,0.10218721253587525,0.11335183147493896,0.039225685339645454
314357,0,0,0.23036989004294825,0.09654312194015366,0.045779545930920554
314376,2,0,0.646211091286182,0.7455470123991229,0.04933405919220342
314382,0,0,0.7990495590137058,0.674851667339563,0.0575384827200743
314393,1,0,0.070007772162649,0.15110440468747466,0.04735892056685851
314398,2,0,0.27285576317697535,0.13144726055198044,0.03979579693051722
314399,1,0,0.3301143352990167,0.027046284977538713,0.03654359335363746
314404,1,0,0.6702068607287507,0.5820299461199088,0.0790439086755782
314408,1,0,0.18920581543690265,0.12181375688888957,0.05400653719607418
314425,2,0,0.6838770945742236,0.7419826764573374,0.0588805586063968
314439,1,0,0.7227372937654486,0.5570168972110578,0.07843589644846584
314453,1,0,0.03555979249025138,0.132931939563733,0.03654359335363746
314455,2,0,0.4230729516937541,0.1953492602145511,0.039307208021911476
314470,3,1,0.8225670728794063,0.5951171602821161,0.10822902299723461
314481,3,0,0.8746723707871905,0.5887997063912772,0.12432504251074458
314493,0,0,0.12199457976915144,0.10493473792226114,0.04051001628367428
314497,2,0,0.45276302700902266,0.2009959279539143,0.039225685339645454
314518,3,0,0.7289806947341395,0.42319831638968425,0.08476710623052243
314544,1,0,0.8174661047703192,0.5131081490665419,0.07792073518949832
314566,1,0,0.4466138206029689,0.15260634440238346,0.045138580473426344
314582,2,0,0.5856711790930558,0.16388858840288073,0.043239762574341006
314593,1,0,0.06506947808312546,0.08598967077158397,0.0586887917069828
314604,1,0,0.8569769148912478,0.6653221866589574,0.07586192079889884
314636,1,0,0.15989943730149656,0.0908748060010209,0.05400653719607418
314677,1,0,0.4895197146178953,0.0495182092657813,0.03654359335363746
314681,1,0,0.7551777692148407,0.5510503443799463,0.05355778694881963
314692,3,0,0.26282727361452884,0.051469035886040605,0.03704171422630402
314711,1,0,0.32300032068693046,0.15299248703207502,0.0506233382542699
314716,2,0,0.27055266748294765,0.12403370136604192,0.03979579693051722
314725,1,1,0.6721516225855326,0.6177651082390555,0.0790439086755782
314732,2,0,0.27118316672527576,0.1431548771724443,0.05526959489511729
314760,1,0,0.4595534103313259,0.6559971623367293,0.0790439086755782
314761,1,0,0.2719209844811983,0.11394701566959312,0.045138580473426344
314766,0,0,0.30213842674249436,0.17649128630126648,0.05149654112980483
314815,1,0,0.15137580412503265,0.04122959853070574,0.03654359335363746
314819,2,0,0.05487249701392455,0.12533342434306272,0.039107986745542264
314827,2,0,0.19235470604180066,0.16893139342357444,0.043239762574341006
314835,1,0,0.05270465056925972,0.12197713328037992,0.03654359335363746
314836,2,0,0.32625476770925155,0.12535535500593192,0.03680661143378336
314843,0,0,0.2784670388563617,0.15669972292588893,0.04398968362446854
314851,1,0,0.3468822809574236,0.11105060927244692,0.045138580473426344
314878,0,0,0.05548587661221314,0.20065178438375417,0.04051001628367428
314881,1,0,0.08024341184530154,0.06701408547679027,0.03654359335363746
314901,1,0,0.3797734487610302,0.17755294997477125,0.045138580473426344
314918,1,0,0.7219935080138292,0.5307068204146254,0.07843589644846584
314935,1,0,0.3205919541854037,0.10658775243170762,0.0506233382542699
314956,1,0,0.06673725900037014,0.13803923054455283,0.04691585217692644
314964,0,0,0.054434859320385304,0.08933998858464502,0.043131446758103056
314975,1,0,0.5971030637862109,0.6351346323095166,0.0790439086755782
314978,1,0,0.3284117850947538,0.09501566492337185,0.045138580473426344
314990,0,0,0.25254994976211287,0.1252554252353472,0.037467761089925444
315007,2,0,0.4375108046501436,0.7208325033958987,0.0588805586063968
315030,1,0,0.36453529772889526,0.11218771135108513,0.045138580473426344
315081,0,0,0.37629079578259755,0.1542982228459714,0.040787904309439904
315104,1,0,0.18614841288595518,0.19043837881139147,0.045138580473426344
315109,3,0,0.46658354419409176,0.5219891400522387,0.09736443828155172
315204,3,0,0.5213323130718074,0.21534334564052454,0.09756284404527102
315225,2,0,0.2752377901819572,0.15885809681436056,0.04761226190619499
315245,1,0,0.4940036580796103,0.05591726741057854,0.045138580473426344
315247,1,0,0.3172528742180302,0.037495443234012146,0.03654359335363746
315258,3,0,0.46303872415633707,0.2169810178203059,0.0768446096376595
315259,3,0,0.971835871885154,0.720496256914166,0.14997071451218544
315269,1,0,0.16794553683408642,0.17740906259989025,0.06233357304431559
315279,0,0,0.47978158727480646,0.4635433383402706,0.07472112279401351
315283,3,0,0.9280960856532796,0.7314244155677759,0.12175616343827016
315338,0,1,0.6450407004315422,0.8298555458393746,0.07832280308675038
315349,1,0,0.9253984694948946,0.5976777521497865,0.0790439086755782
315376,1,0,0.5906889921757094,0.38411503254299717,0.04079332388806812
315379,0,0,0.7399068712241333,0.5651665858068242,0.07511823348348311
315383,3,0,0.36974512239494683,0.20615021365872266,0.08314533600073201
315385,0,0,0.14485249095195007,0.08373743516313543,0.04579907598057319
315393,0,0,0.4631208858569023,0.10867961540479715,0.04162385372883917
315440,1,0,0.5653576713477803,0.6280233352968859,0.0790439086755782
315458,0,0,0.42546134247190104,0.22095148068763734,0.040488881123757266
315461,0,0,0.09266470212303574,0.09829138903539039,0.03861531372685975
315492,3,0,0.6647867519864763,0.20788437530184528,0.054057316588603015
315591,1,0,0.0877773297519095,0.03451436577787312,0.03654359335363746
315601,1,0,0.8313556348234525,0.488225018064079,0.0790439086755782
315604,2,0,0.1670099255487013,0.15095015825684432,0.041224037052829364
315630,3,0,0.8236481983393068,0.7405183893889762,0.12984195229517492
315664,1,0,0.5037509582518893,0.05676768495606284,0.03654359335363746
315673,1,0,0.6795145603408123,0.5109019805787757,0.0498008771827325
315701,2,0,0.030475936738585695,0.1309077364605259,0.03979579693051722
315710,1,0,0.5182167294316411,0.36354878354324444,0.04536641338717081
315715,1,0,0.23304264302503008,0.02677223486097037,0.03654359335363746
315720,1,0,0.40813516776042796,0.6070736642751934,0.0790439086755782
315736,2,0,0.18640835488796734,0.1172276543723158,0.03979579693051722
315739,1,0,0.22222780232885933,0.02626866712238601,0.03654359335363746
315752,1,0,0.07420973347407885,0.06335815898908222,0.051016511781975526
315767,2,0,0.25226128293872024,0.13521134894700026,0.03680661143378336
315781,1,0,0.067576433681679,0.04968810735473747,0.03654359335363746
315783,3,0,0.9556933759540881,0.774328790453619,0.1538166727411127
315793,1,0,0.7787837482120703,0.6172312479129368,0.07843589644846584
315811,3,0,0.8349942898584194,0.7499726389784662,0.14859166139476146
315830,3,0,0.677125944679908,0.4843935999658084,0.1312080479406953
315853,1,0,0.1371795517815952,0.03652945769103668,0.045138580473426344
315870,0,1,0.263549026636363,0.1092250522483273,0.03861531372685975
315888,1,0,0.08075709361801471,0.07509274491951871,0.03654359335363746
315929,1,1,0.5878690681731437,0.07246952188586227,0.03654359335363746
315933,2,0,0.3829532242001848,0.7031999446722661,0.0588805586063968
315968,1,0,0.6201090053616166,0.5339890645749898,0.0498008771827325
316009,0,0,0.19285107673585075,0.14493136353856514,0.04051001628367428
316013,1,0,0.6152932133168335,0.5947267455851091,0.06385930171838845
316035,1,0,0.15125953143706333,0.07346062361453778,0.03654359335363746
316036,0,0,0.5606051596967294,0.2400753147708702,0.040342327194977344
316066,3,0,0.332158526982017,0.14833014847892362,0.056466900852014335
316078,0,0,0.3055734271303871,0.08905582079529313,0.03780017119862066
316108,3,0,0.4272168666385755,0.30754506825634687,0.04746532475609168
316110,0,0,0.10946530543364756,0.09481673420809252,0.04051001628367428
316139,2,0,0.2533061965875808,0.11756431948198715,0.03979579693051722
316188,3,0,0.3981213578930648,0.265541896003511,0.0777090738289085
316189,1,0,0.15789795774618884,0.046737124762302136,0.03654359335363746
316190,0,0,0.1259152818049653,0.10872920505930543,0.04051001628367428
316199,3,0,0.23546270524885976,0.10872854546367744,0.05764506679734421
316202,1,0,0.5918849864600099,0.5792299998329746,0.07843589644846584
316208,1,0,0.07120338866682217,0.1078311472322174,0.045138580473426344
316223,1,0,0.05537257533093271,0.1152579303805959,0.05272041709239291
316237,2,0,0.03494867508278811,0.10549646402781311,0.039107986745542264
316244,2,0,0.15695738099957407,0.10488136433447087,0.03680661143378336
316363,2,0,0.29299457882610463,0.18382717305873963,0.04761226190619499
316389,0,0,0.12361914382724272,0.07085983031868376,0.047782419330315115
316401,1,0,0.30185471735403163,0.15052190022755238,0.03654359335363746
316407,1,0,0.04515325917423549,0.11106696729759381,0.054720277446040244
316412,1,0,0.2428389487802004,0.107487135759353,0.045138580473426344
316416,2,0,0.14752311562354742,0.167101538677084,0.03979579693051722
316436,0,0,0.17390014890646965,0.13556575770748724,0.03890106100826425
316448,1,0,0.17540105979228904,0.1246470666312365,0.045138580473426344
316481,1,0,0.30015602127985114,0.21002938257607362,0.045138580473426344
316484,1,0,0.33962564177532895,0.1413345325981521,0.045138580473426344
316544,1,0,0.17117264214894573,0.14745209308886786,0.05400653719607418
316623,0,0,0.2696401579681801,0.12684867218427756,0.03861531372685975
316673,1,0,0.2499050004918217,0.0325766328502938,0.03654359335363746
316679,0,0,0.2936639425055346,0.08845946959810502,0.04051001628367428
316680,2,0,0.19741621011119156,0.10216342136159516,0.03979579693051722
316710,1,0,0.767060811398496,0.6302342384757627,0.0790439086755782
316726,1,0,0.7183808158896248,0.1936957987161889,0.0506233382542699
316743,1,0,0.26028243257677014,0.08376943441368317,0.03654359335363746
316837,3,0,0.47457675185561204,0.15019961233062484,0.040070856306838425
316853,3,0,0.8512224798952355,0.6672874313322775,0.10556727410184574
316884,0,0,0.4259862378300445,0.18027275339580634,0.043065190572814514
316895,1,0,0.42775051426609034,0.09703042779655129,0.03654359335363746
316921,2,0,0.7435832372243151,0.6224142390280447,0.05522162014797584
316934,2,0,0.019544534643460447,0.11201324306842377,0.043043782468172975
316952,1,0,0.087601045644827,0.048761430602644165,0.03654359335363746
316982,0,0,0.10304710804917341,0.14453277831822953,0.04051001628367428
316985,0,0,0.1828677984139589,0.09146436960268937,0.037467761089925444
316988,3,0,0.6127091220219044,0.29058729240340964,0.0988600659195968
316994,1,0,0.06307337388108494,0.13421348426065344,0.0586887917069828
317058,1,0,0.7210453832622811,0.4388902537111467,0.0790439086755782
317060,1,0,0.42599396869365863,0.050222560826331246,0.04420824718515211
317087,0,0,0.1419707552606826,0.08357689119058691,0.04051001628367428
317139,3,0,0.9849232086589815,0.7562347192445595,0.14889073525638577
317149,1,0,0.13805485609928822,0.09720038227915069,0.04735892056685851
317170,2,0,0.35615888023717923,0.10662237945456393,0.04785905696083482
317173,3,0,0.8079220290643653,0.7060587797220529,0.12594600645067264
317178,1,0,0.7896343292574797,0.6114250544749462,0.0790439086755782
317179,1,0,0.7224227361892067,0.6436682095898795,0.0790439086755782
317180,0,0,0.17358142436228197,0.1651834067959941,0.045293845241468456
317187,1,0,0.7780527445478219,0.6531960843486218,0.0498008771827325
317199,3,0,0.7745393866948408,0.2225714039347216,0.056628402718980585
317215,1,0,0.5610534919724266,0.5654569218318599,0.0790439086755782
317223,3,0,0.30921294960366197,0.11650008891523306,0.056621401792085024
317238,1,0,0.24343913636132566,0.17823184661964803,0.045138580473426344
317257,2,0,0.47546564639297756,0.20907709293623292,0.04321532214812582
317279,1,0,0.9220822626230781,0.5134848236268639,0.05722897375357503
317298,2,0,0.15694764009818146,0.10042063356074155,0.03979579693051722
317302,0,0,0.7484616450877324,0.7528002262644371,0.07535850075769517
317309,2,1,0.6604228424282594,0.8102138868643763,0.0588805586063968
317320,3,0,0.9778276128308796,0.7139285283249447,0.13250409914859165
317321,1,0,0.8797988910319321,0.6026868365399798,0.0790439086755782
317333,2,0,0.070966852059937,0.15739709597720972,0.03680661143378336
317344,1,0,0.5112118126566263,0.04157108896635556,0.03654359335363746
317353,1,0,0.09007887611107578,0.14985741763857116,0.045138580473426344
317356,1,1,0.19081846097165422,0.08438278378854033,0.041489727350712116
317357,0,0,0.25190761060918865,0.13514523579788254,0.040488881123757266
317365,1,0,0.6337410906484013,0.5212692684841658,0.07843589644846584
317370,3,0,0.4520700975991577,0.24174648544315638,0.040601238172651
317379,3,0,0.6443507182568439,0.6775506654135846,0.1390388295834454
317383,1,0,0.3117080020401312,0.16592106022761904,0.04762177173003558
317389,3,0,0.8025244803430802,0.6491981021181537,0.11321960839624526
317411,3,0,0.25355653335898787,0.11058103206728293,0.08103882889772379
317413,1,0,0.08983283879583474,0.18937712242018898,0.045138580473426344
317421,1,0,0.3983049342185707,0.07681651241730174,0.03654359335363746
317437,1,0,0.897789148170177,0.430332541085153,0.07843589644846584
317464,1,0,0.5055831036506345,0.1396779755880554,0.045138580473426344
317468,1,0,0.3955221452991245,0.0373538398968489,0.03654359335363746
317474,1,0,0.38110728476470035,0.1229399889189841,0.045138580473426344
317502,2,0,0.020725303987215844,0.14213445395767318,0.043043782468172975
317511,1,0,0.05369254171263421,0.1170564955590341,0.03654359335363746
317521,3,0,0.2784405544613506,0.19882648297301592,0.07061945505518451
317523,1,0,0.8851653244175777,0.4827434571640709,0.07843589644846584
317525,1,0,0.26539656388099414,0.1806455866818321,0.053452256584867484
317564,2,0,0.1893971942762473,0.15739241020925365,0.041224037052829364
317574,3,0,0.9227483845827176,0.40807262467853006,0.1298362227413261
317576,3,0,0.7377786117487417,0.4032935359724064,0.1213725367911589
317607,0,0,0.1829548852376336,0.19538616882251567,0.03890106100826425
317649,1,0,0.6917335675443856,0.12065305483090613,0.0506233382542699
317669,2,0,0.20137288508977436,0.13322499037943422,0.03979579693051722
317701,0,0,0.7468458308229652,0.6235362014598398,0.07832280308675038
317704,2,0,0.24036308851205562,0.14754020022101175,0.043239762574341006
317711,1,0,0.38879568030372313,0.09298057901432967,0.045138580473426344
317723,1,0,0.06519824062720497,0.10588679683557521,0.060569014443723486
317727,1,0,0.27791812129132976,0.11884699737374955,0.0462190103162257
317752,3,0,0.2269381007590786,0.10907141089653156,0.04868304948778447
317763,2,0,0.388249691689909,0.14234405438490555,0.03979579693051722
317772,3,0,0.4064673259614943,0.1725831330781613,0.06787978192195704
317773,3,0,0.2612592433983938,0.14334402835602736,0.0546671500552243
317787,1,0,0.10657144419223051,0.0750901468456222,0.045138580473426344
317789,3,0,0.30919835840870924,0.06890312291602062,0.03370151386013113
317798,0,0,0.0986991288673019,0.06636054483771686,0.04051001628367428
317801,2,0,0.2836939923748682,0.15599915344782214,0.04761226190619499
317810,1,0,0.25746031757179344,0.03950091286599969,0.03654359335363746
317823,2,0,0.24699990753588807,0.09515394610791933,0.043239762574341006
317918,1,0,0.6119187060606667,0.08461203063404948,0.045138580473426344
317926,1,0,0.05107397763723875,0.03562074768844065,0.03654359335363746
317978,1,0,0.19253831561990528,0.09977026198095902,0.05400653719607418
317998,0,0,0.2976705755746168,0.10818766113213166,0.0394085652058255
318009,3,1,0.9639109216957418,0.8415570142765578,0.14537359240535416
318048,1,0,0.15309616147123048,0.0922934018836119,0.03654359335363746
318067,3,0,0.5203030806123755,0.325371987379746,0.10922261270090398
318072,3,0,0.695735496940289,0.2649570528281808,0.11104258430034733
318081,1,0,0.14267860131237486,0.20163667293041862,0.041489727350712116
318084,1,0,0.06973862271580172,0.07378339430003264,0.06578065933042877
318091,1,0,0.046835952086203066,0.12602855574790361,0.04751540753370948
318096,1,1,0.3964381580942034,0.10900950693935477,0.03654359335363746
318160,1,0,0.49781991956592075,0.09629214757043329,0.045138580473426344
318167,1,0,0.5772769077230943,0.18634517180421462,0.0506233382542699
318168,2,0,0.7037838554070338,0.7323026171495506,0.0588805586063968
318177,0,0,0.8171151131574909,0.7347244736861036,0.07832280308675038
318183,1,0,0.35221425774938625,0.04342474320861773,0.03654359335363746
318201,1,0,0.7923942178664477,0.3338194407430874,0.07792073518949832
318235,3,0,0.2963228974569653,0.3230762246850062,0.0741693468919993
318265,3,0,0.7955419923171787,0.8033927806558434,0.13839186414768148
318274,1,0,0.2520277827664474,0.17434263193156554,0.045138580473426344
318290,0,0,0.28269929640825076,0.1426639208786526,0.04107751169898964
318307,1,0,0.506496028744789,0.26602292335086364,0.045138580473426344
318331,0,0,0.1537681040235145,0.14846790439426535,0.03890106100826425
318344,1,0,0.5110488159255432,0.14216865415199842,0.052229939073612716
318349,2,0,0.18592748144899204,0.107330474756151,0.039225685339645454
318364,3,0,0.6190744491984239,0.33370198563604747,0.0400722028487126
318377,1,0,0.8316064844436031,0.7025596949536042,0.0498008771827325
318383,2,0,0.3410308153805496,0.11212963594330194,0.04785905696083482
318401,2,0,0.060948216099039026,0.11316809405779042,0.043239762574341006
318416,2,0,0.1711736228745914,0.11766631625258674,0.03680661143378336
318419,3,0,0.6351835165535368,0.36440272909994453,0.06812826223621173
318439,1,0,0.07927074495065112,0.17027207381339238,0.05149621395102403
318458,1,0,0.1244601142955687,0.10244714504496737,0.045138580473426344
318476,2,0,0.7175556665134682,0.6383496139487896,0.05786868058135989
318500,3,0,0.20740413680991698,0.12797338190597934,0.06355848046009752
318503,3,0,0.8528678901062487,0.5111293325134206,0.14949844087140493
318539,2,0,0.26808799074694223,0.15014621615551235,0.03979579693051722
318540,2,0,0.44390359900493914,0.11832960007123332,0.03979579693051722
318569,1,0,0.36470435089294434,0.045159336606794394,0.03654359335363746
318572,0,0,0.12880439756225504,0.10369642160275337,0.04051001628367428
318576,1,0,0.48887197643207936,0.06279973557710616,0.03654359335363746
318579,3,0,0.6300663116782036,0.6803872947967384,0.15130708536098617
318594,0,0,0.7393181575412222,0.7193739512054258,0.07300089446874852
318613,2,0,0.3084043696657195,0.1515267272237676,0.03979579693051722
318626,1,0,0.2870211844292598,0.25626484188928006,0.0506233382542699
318643,3,0,0.4038414199394665,0.21517638555180618,0.07929133763077673
318645,3,0,0.8035676881093218,0.5523872244103564,0.12189758443600342
318646,1,0,0.577117864236581,0.14340880547256402,0.045138580473426344
318653,2,0,0.1978899206299309,0.18793475884537927,0.04761226190619499
318683,1,0,0.20649016967537556,0.04449915737588164,0.03654359335363746
318695,1,0,0.09558783140741835,0.06743428847074942,0.04735892056685851
318704,3,0,0.817757870473016,0.6463993391626939,0.13732526124252611
318710,3,0,0.9602649617414982,0.803875216684431,0.15665155840259037
318711,2,0,0.3177487564559118,0.23752771039977436,0.043239762574341006
318718,3,0,0.5400016400789693,0.29341305958772673,0.07500366686464095
318727,0,0,0.0400198304333188,0.07951433943902525,0.042772479234137746
318734,3,0,0.3138404288390333,0.132279174061253,0.03760256005918013
318750,1,0,0.3963207485333154,0.11204873637835605,0.045138580473426344
318752,3,0,0.4438704094603331,0.0726412358869758,0.031694530747468634
318782,1,0,0.3301448507231426,0.05466389629028174,0.03654359335363746
318831,1,0,0.4146607547307299,0.09355256240115846,0.045138580473426344
318878,0,0,0.4082518704547817,0.10724506966558188,0.04097960668303892
318911,1,0,0.04492220084169027,0.09765161772052702,0.03660837086997847
318920,3,0,0.5714088566750231,0.367171275359424,0.06843265347091092
318936,3,0,0.5752131073813552,0.4705250670179027,0.09484285752116955
318968,1,0,0.08635027961093641,0.10800368964115999,0.060900497067004095
318990,1,0,0.3930113630689982,0.16522053931419492,0.0506233382542699
319013,1,0,0.5673276141691068,0.3784601255323002,0.06650041619528362
319022,3,0,0.5806214484323914,0.26886128620324645,0.06021343709938802
319057,1,0,0.39433505990660217,0.04092224509851803,0.03654359335363746
319061,2,0,0.16121723713486527,0.16421938829562158,0.04883118523478495
319065,3,0,0.18259162258582576,0.17767909956730396,0.04295684163395538
319069,3,0,0.07466602380431767,0.13311705658910802,0.06753040025245757
319071,3,0,0.7856336020227332,0.38427638266274416,0.06612744806157367
319146,3,0,0.135326438741272,0.10601662242101453,0.034230141693690166
319166,3,0,0.41874879385753105,0.18058464816261233,0.04868304948778447
319201,3,0,0.5122381034449037,0.21279691287200422,0.0483939659466879
319225,1,0,0.613144716039706,0.4348158658744486,0.06385930171838845
319253,2,0,0.2204956391182325,0.1309317926677429,0.043239762574341006
319279,0,0,0.11281790072061061,0.08371857866060002,0.04553336742124675
319289,1,0,0.1169062255759707,0.07700562355822992,0.036721316141216785
319290,1,0,0.02045645501005728,0.11935871016480919,0.053159020008777216
319316,1,0,0.17354640789824022,0.12727967196363,0.040606377662277836
319404,2,0,0.3411148630437323,0.16011000550313856,0.039107986745542264
319407,1,0,0.7495646068793649,0.6304795364184976,0.0790439086755782
319418,0,0,0.7667597465721144,0.7846099171978367,0.07535850075769517
319436,3,0,0.4295746803809337,0.14032406883999463,0.031694530747468634
319486,1,0,0.13949403136906116,0.06180658618513789,0.03654359335363746
319504,3,0,0.8866725365996367,0.7380044438400541,0.1277212318889522
319518,0,0,0.23662649952768375,0.23458961988537755,0.06756788627993976
319537,2,0,0.2978667405639796,0.11602659884061929,0.03979579693051722
319547,2,0,0.0895082030420971,0.1010524404214026,0.039107986745542264
319550,3,0,0.6005841387521061,0.5758918291155054,0.12123246106419117
319552,1,0,0.19878963955066362,0.042554408748413416,0.03654359335363746
319573,3,0,0.4765378049359238,0.2833215891648863,0.050072350096842494
319594,1,0,0.06796387619645199,0.09448578465800689,0.03654359335363746
319637,3,1,0.865592692588747,0.7413472408177817,0.12540216725612444
319656,1,0,0.4177627403467182,0.297506328061401,0.06598197682389885
319692,3,0,0.5914781738137687,0.6123680633454113,0.08415158526900672
319694,0,0,0.622550857652481,0.6157072040849878,0.0699314596161306
319712,1,0,0.14138102842145644,0.050298444226590036,0.0462190103162257
319753,3,0,0.41774879276254406,0.103931298768295,0.04249292131035291
319781,1,0,0.03395262119063319,0.1547157496821544,0.03654359335363746
319825,2,0,0.4172010131556962,0.18474991686465767,0.03680661143378336
319839,1,0,0.8241943365485379,0.640537406951666,0.0790439086755782
319849,1,0,0.1850681387101632,0.04714076090975022,0.03654359335363746
319865,1,0,0.5398353530018335,0.648985127887674,0.0790439086755782
319923,0,0,0.08867639087832012,0.09890998190729441,0.04211162695550778
320000,1,0,0.7806784307613055,0.5896818526374423,0.07404344038399556
320015,1,0,0.060279164096373856,0.06961896572944527,0.045138580473426344
320022,0,0,0.24279083446758548,0.14548211888459464,0.04611150192918037
320038,0,0,0.15349346375545034,0.2133060273282665,0.03861531372685975
320040,1,0,0.4226395826685488,0.08524173237894832,0.03654359335363746
320070,3,1,0.1151632896229932,0.13112922962428553,0.05598157657678292
320101,1,0,0.3846753647899269,0.16677852844092367,0.03654359335363746
320159,3,0,0.40398354379887774,0.18415256237538952,0.06409500688818538
320161,3,0,0.26254456812149823,0.11436101399142748,0.03987479563805971
320212,1,0,0.11157862621810481,0.03627449577351425,0.036721316141216785
320286,1,1,0.8968155601516167,0.681784146137464,0.0790439086755782
320324,1,0,0.26045243236745036,0.10108857559846805,0.0462190103162257
320346,1,0,0.12071919516064078,0.10013826191749056,0.05149621395102403
320374,1,0,0.11259044349674442,0.08174905190727053,0.045138580473426344
320378,0,1,0.6512609292620483,0.5662803480611431,0.07472112279401351
320386,1,0,0.3241293015948284,0.046893856537886,0.036721316141216785
320401,1,0,0.1884349834527282,0.1149090855115245,0.040606377662277836
320438,1,0,0.06825949888211476,0.1354868831311519,0.05149621395102403
320482,1,0,0.7956098133486021,0.5246284870757261,0.07843589644846584
320516,1,0,0.11592918113683053,0.05475722834686968,0.03654359335363746
320531,1,0,0.22182506311078046,0.4289702126082424,0.07843589644846584
320579,3,0,0.9381174213718285,0.8107594091308623,0.1307486903021694
320605,2,0,0.08699908220718719,0.0884688262103674,0.03979579693051722
320666,1,0,0.3417500910494488,0.06630158804409544,0.041489727350712116
320678,2,0,0.18488008497435884,0.11901084841345343,0.04761226190619499
320704,0,1,0.23112443509601185,0.19013533858891138,0.03783752865234639
320732,1,0,0.21661468442076423,0.09072126932211626,0.03654359335363746
320738,1,0,0.25388538205203215,0.11876810203612614,0.03654359335363746
320748,1,1,0.38953836047758206,0.06819858914165738,0.03654359335363746
320767,0,0,0.2555899741905607,0.12316831523560838,0.0394085652058255
320774,1,0,0.08738407611091084,0.11409273480837506,0.057772283877401805
320790,3,0,0.7704872193863506,0.6875170691186018,0.13807162029967146
320791,1,0,0.2606219842896938,0.029653721332478403,0.03654359335363746
320806,1,0,0.8463646536159012,0.5825477488990579,0.051111269717469
320810,0,0,0.5932439937939327,0.2850962528372114,0.05537205210078483
320834,3,0,0.3398072293103465,0.2718178955239654,0.04606643775018945
320837,1,0,0.03389034142114964,0.07752779363084361,0.04735892056685851
320847,2,0,0.4754023346892846,0.16084021469789728,0.041224037052829364
320852,2,0,0.3362187550235428,0.21521650699303368,0.045079879229967756
320893,1,1,0.9979995832959518,0.5422300438415101,0.0790439086755782
320920,1,0,0.7987762178545679,0.5004695355521076,0.06385930171838845
320931,1,0,0.17551583498682635,0.13158082256372253,0.03654359335363746
320946,3,0,0.4391051977579204,0.2724468079831946,0.059455955364209674
320953,1,0,0.6125604852041596,0.5936042995146118,0.0498008771827325
320959,1,0,0.054184873357681546,0.069900333985171,0.04916595741654698
320960,2,0,0.17900670811927458,0.15300368753601418,0.039225685339645454
320966,1,0,0.8257566870789371,0.5747395697180074,0.0790439086755782
320971,1,0,0.7694972427900176,0.6349598773876984,0.0790439086755782
320995,0,0,0.25418616799406274,0.17114510815512574,0.051880054866809626
321025,2,0,0.33471850041525003,0.1603035431598875,0.04401103510171641
321037,2,0,0.07488047219059012,0.11066129994496164,0.03979579693051722
321041,1,0,0.03163429433463219,0.08316803352354013,0.03654359335363746
321057,1,0,0.05418723698201651,0.06092274578170927,0.045138580473426344
321067,1,0,0.38277171655486714,0.15494439887113576,0.03654359335363746
321087,2,0,0.2390556792247655,0.1612757745216119,0.03793425460871488
321106,3,0,0.6424738710271687,0.29277582600824514,0.044387952827984196
321121,2,0,0.2587798905158115,0.1277254520601402,0.04327762942775736
321131,2,0,0.33157231028094925,0.07405827256664939,0.039107986745542264
321150,1,0,0.045300825065134755,0.17690207847352768,0.045138580473426344
321152,0,0,0.6090361905003537,0.7384619650390806,0.07472112279401351
321165,1,1,0.5362913728366681,0.5373430878453549,0.06385930171838845
321181,2,0,0.2197827557535736,0.13158640957828474,0.03680661143378336
321189,1,0,0.40536575004345615,0.10152024909234957,0.045138580473426344
321226,1,0,0.13787398508722254,0.14475363461572227,0.05971827044004703
321311,3,0,0.6128061001936805,0.15163151132309782,0.047119477629566926
321316,0,0,0.5716301977006389,0.7172707988263164,0.07832280308675038
321321,1,0,0.45229811277386417,0.12764187828068074,0.045138580473426344
321357,1,1,0.9303441717372748,0.5730414890307471,0.0790439086755782
321365,1,0,0.1226900531163834,0.14570268051589086,0.04762177173003558
321371,3,0,0.6772125149801026,0.6385203894361807,0.08397698631583601
321394,2,0,0.3961511726963894,0.12051368721372693,0.03680661143378336
321428,1,0,0.11022993900771497,0.13623968132435327,0.045138580473426344
321458,2,0,0.28036073187417027,0.13944310483501327,0.039307208021911476
321465,3,1,0.9594512170490038,0.7897822842411212,0.14737566547730055
321484,1,0,0.3620705050284014,0.4212749238939796,0.07745063143458321
321488,0,0,0.559670712757729,0.7958955101443883,0.07832280308675038
321496,1,0,0.13294759727036337,0.09681162878706835,0.051665630257641856
321503,2,0,0.2781509131681571,0.12957260985146574,0.03680661143378336
321511,0,0,0.6718110436299286,0.6152373288014442,0.07832280308675038
321538,2,0,0.17421291284009915,0.131723260257256,0.039107986745542264
321542,3,0,0.7883764455821759,0.7263966385400553,0.15215726144058972
321546,3,1,0.7182067564134954,0.6759089416960075,0.12295942706225906
321552,1,0,0.0842427539586088,0.12493652016312941,0.041489727350712116
321585,1,0,0.0650813252998865,0.07515516570903237,0.045138580473426344
321587,0,0,0.09516741979933264,0.08679584502156347,0.04051001628367428
321590,1,0,0.5681361786112822,0.11349962130352434,0.045138580473426344
321591,1,0,0.11008291329178867,0.11003189084465624,0.041489727350712116
321623,0,0,0.09213397213798871,0.06820235299949641,0.047782419330315115
321629,2,0,0.1677885772673355,0.11181272893506629,0.043239762574341006
321631,2,0,0.09055035387997473,0.15253191382964454,0.04327762942775736
321640,1,0,0.32681847060750746,0.10438170986219447,0.05149621395102403
321659,1,0,0.34418086886627025,0.1613176964410151,0.0506233382542699
321664,1,0,0.09967310250302001,0.15151242225319264,0.051016511781975526
321761,2,0,0.46396141058276774,0.18084712977923145,0.03680661143378336
321770,2,0,0.038122624914630414,0.07923628116158264,0.039107986745542264
321771,1,0,0.07918824386323332,0.07195028396989271,0.040606377662277836
321797,2,0,0.12497790150580541,0.09543172917098199,0.04785905696083482
321826,0,0,0.683144511637941,0.6420150754065886,0.07832280308675038
321827,3,0,0.7701992930742866,0.8008476076431532,0.1549583749006314
321843,3,0,0.2171552038014972,0.1427083915367224,0.044569621560351595
321850,3,0,0.6169998670117638,0.06863152244405867,0.031694530747468634
321854,1,0,0.14188815289617937,0.12649900352183524,0.045138580473426344
321881,2,0,0.30860429286366015,0.19064797648471113,0.039107986745542264
321921,1,0,0.7700909145104705,0.5884583157154648,0.051111269717469
321925,1,0,0.34631217782042045,0.22055535586390518,0.053452256584867484
321959,1,0,0.3524490708910538,0.09134126469184813,0.045138580473426344
321961,1,0,0.6097317089852664,0.4747217225084895,0.04536641338717081
322026,3,0,0.4532103245804351,0.1775083814835056,0.08430698439736825
322108,1,0,0.5078994795096661,0.6057420760893573,0.0498008771827325
322114,1,0,0.9037484447691924,0.5476440455184278,0.07313583372854321
322153,1,0,0.3119091787666166,0.09998764091000441,0.03654359335363746
322157,1,0,0.2192593050402022,0.0214861409663205,0.03654359335363746
322173,3,0,0.857399000295181,0.7412807658183557,0.12304135829117281
322199,3,1,0.7750416368884437,0.6821778122533994,0.14735025923166764
322263,1,0,0.41596682601085205,0.2176416532120867,0.060900497067004095
322281,2,0,0.790155723996185,0.5908543634893317,0.05171434606710744
322301,3,0,0.07500795964423246,0.034036291016017683,0.031220919669227437
322328,3,0,0.8989753472804208,0.6407564275388737,0.10990861236934621
322332,2,0,0.46191430634296277,0.17359720705801643,0.043239762574341006
322334,1,0,0.4078055542078441,0.10883878797343703,0.045138580473426344
322409,2,1,0.8869648330222526,0.6425978896807187,0.05399190201209463
322422,3,0,0.3127227509083993,0.22075452110518293,0.08594738151487187
322541,2,0,0.40500632248560964,0.7345793855201008,0.0588805586063968
322576,1,0,0.02956645664532506,0.04794645162439761,0.03654359335363746
322580,2,0,0.6345110311407415,0.6898589350577643,0.04933405919220342
322610,1,0,0.5619946737031419,0.11076250950624292,0.0506233382542699
322618,1,0,0.217078008589819,0.09357040725151096,0.03654359335363746
322621,1,0,0.1838923492447568,0.1066340318119544,0.0462190103162257
322645,1,0,0.5147748906359345,0.11601399373370617,0.045138580473426344
322655,2,0,0.17381867567991574,0.15845331164857435,0.03680661143378336
322660,3,0,0.5337862939095296,0.29557871918138356,0.09998364348333649
322679,0,0,0.4877836788142521,0.2844934419691466,0.045458359474605074
322704,3,0,0.9482375007425854,0.8050409659099625,0.1524316709454783
322708,3,0,0.4345738732999134,0.19522007119148163,0.040777269785311474
322719,1,0,0.0957373184746432,0.08246772804607383,0.03654359335363746
322734,1,0,0.2614226585032565,0.20333510406803654,0.045138580473426344
322735,2,0,0.6893034647050427,0.7775754500890675,0.0588805586063968
322750,0,0,0.1227637134517839,0.13938252322244604,0.04776345476243379
322762,0,0,0.10603865231238346,0.16772856338181305,0.059674940427432994
322827,1,0,0.2312243510039068,0.12001739043215999,0.04877630373752038
322841,1,0,0.48177102155872226,0.4047983125752898,0.0790439086755782
322850,2,0,0.15841378137472448,0.20626646516623773,0.043239762574341006
322857,2,0,0.4036819279829517,0.1874244668652165,0.043239762574341006
322907,2,0,0.4076855641344345,0.7288024732047735,0.0588805586063968
322921,1,0,0.6559975681102116,0.5521274897070945,0.06385930171838845
322932,2,0,0.11481383071966228,0.05351704911512585,0.03680661143378336
322962,1,0,0.1787840747080425,0.1034006027394622,0.045138580473426344
322963,1,0,0.11063355766966584,0.12188498560897297,0.04955193009066487
323022,1,0,0.8344176005817787,0.48563055447398107,0.0790439086755782
323042,3,0,0.08476698366166788,0.1361696746187716,0.04319550261788379
323084,1,0,0.6045705109740246,0.6004880017897161,0.059013461702473125
323096,1,0,0.6258187177745589,0.5675841115237659,0.0790439086755782
323117,2,0,0.75245850533455,0.6677803737659406,0.05786868058135989
323124,2,0,0.2814063822547513,0.1476628746631678,0.04761226190619499
323133,1,0,0.7156920047844888,0.4361296704808211,0.07792073518949832
323135,1,0,0.4121551237695125,0.03586699712618859,0.03654359335363746
323140,1,0,0.7938728303841622,0.7097928688014895,0.0790439086755782
323155,3,0,0.44652910927137046,0.4610244318519734,0.0806043038443942
323252,1,0,0.5293075984618273,0.4971937944497106,0.06385930171838845
323255,2,0,0.07940606306816095,0.10819196735261598,0.03680661143378336
323301,3,0,0.9280980720374742,0.3747957864222318,0.15817470247529292
323304,1,0,0.31220037576709403,0.18737655831812972,0.0506233382542699
323314,2,0,0.7105778392474885,0.5764141818586161,0.05786868058135989
323334,1,0,0.1937614462420894,0.11534323033446253,0.03654359335363746
323356,0,0,0.732782245184466,0.7601246865567074,0.07832280308675038
323377,0,0,0.26563800138354854,0.20373321453747686,0.04611150192918037
323393,3,0,0.22748344870737297,0.11001725008993146,0.04947503651137944
323439,2,0,0.09261610767463635,0.07227921953736854,0.03793425460871488
323453,0,0,0.650194940997926,0.5298077343089627,0.0699314596161306
323459,1,0,0.15080574398374738,0.11743385667811046,0.03654359335363746
323467,2,0,0.04880862351165739,0.14363131420512784,0.041224037052829364
323474,3,0,0.8172600369239773,0.47342819208610365,0.1019389531174435
323497,3,0,0.7521886813767409,0.7451616666695214,0.13905024588944676
323527,1,1,0.05428047763223589,0.13678860295396655,0.041489727350712116
323535,3,0,0.4065561038548401,0.13023380202809895,0.0709925871440188
323616,1,0,0.18456724725870163,0.0874020438993291,0.045138580473426344
323622,3,0,0.39004973459653564,0.24005672182948026,0.08330792577732572
323665,1,0,0.20664946230441344,0.0539350603349183,0.041489727350712116
323676,1,0,0.08636187281406886,0.16586633228376396,0.045138580473426344
323687,1,1,0.6057551797474632,0.43181436382910915,0.05357919570313374
323732,2,0,0.7472484745781113,0.7129687464753792,0.0588805586063968
323739,3,0,0.672636124657961,0.28195001982958967,0.0473826593106572
323763,1,0,0.11408206049519128,0.12148134459887718,0.060900497067004095
323765,1,0,0.4555660697407302,0.09428250022407914,0.045138580473426344
323784,1,0,0.4968502727367186,0.13593004902406222,0.04762177173003558
323800,2,0,0.5298734254014047,0.7377540301008704,0.0588805586063968
323809,2,0,0.3071728995854914,0.1349474884247113,0.039307208021911476
323846,1,0,0.20387485175735498,0.20096971963112098,0.060900497067004095
323859,1,0,0.2713580047753694,0.0466900940158255,0.03654359335363746
323863,1,0,0.15332394652103495,0.07493520986030917,0.05253282474628003
323900,2,1,0.05679352626778249,0.0899154965143053,0.039107986745542264
323940,2,0,0.3754930165983491,0.0935217965857961,0.041224037052829364
323950,2,0,0.04656884792968351,0.17540946691611448,0.039107986745542264
323968,1,0,0.14083216972050144,0.09071022275761625,0.03654359335363746
323983,1,0,0.44701986435244934,0.1359368427136892,0.045138580473426344
324037,1,0,0.3004703475396589,0.11134981057749346,0.0586887917069828
324095,3,0,0.296451620694047,0.28508289064977693,0.06531624118969094
324145,0,0,0.36440946723355483,0.07472230785843341,0.043013144948999674
324164,3,0,0.07420409384010869,0.06941774569683658,0.03283605547456453
324170,1,0,0.0803993794295705,0.10125809977202986,0.045138580473426344
324188,3,0,0.849006953821113,0.7608754817438611,0.13336470030113237
324198,1,0,0.3744969305466854,0.09386141661068452,0.03654359335363746
324242,2,0,0.564083197995668,0.32625715955682055,0.05340375515755404
324339,2,0,0.4134012771499749,0.1253401537900446,0.041224037052829364
324363,3,0,0.3463702982289356,0.1573471396787993,0.06355848046009752
324373,1,0,0.2677400702261041,0.09943059830358926,0.053333301135973836
324392,0,0,0.6857198441627191,0.5718471022628357,0.07511823348348311
324398,2,0,0.6809014780080538,0.7314130333771598,0.05171434606710744
324422,1,0,0.06107380842821394,0.09937555416782877,0.05400653719607418
324443,2,0,0.13518045566260156,0.10658028693531384,0.039107986745542264
324445,3,0,0.4305276126713435,0.21382019188496343,0.04829120028214474
324448,1,0,0.13455526460670855,0.11670666230523398,0.045138580473426344
324464,3,0,0.3662358731165157,0.09707766443536388,0.05794330199506024
324469,1,0,0.7079827520361411,0.4622929426835873,0.07220339686583643
324470,1,0,0.2200063040955437,0.15327734166665602,0.045138580473426344
324472,2,0,0.5107987516536875,0.14304987783015763,0.041224037052829364
324501,2,0,0.23395705295501917,0.10828650157325999,0.03979579693051722
324508,1,0,0.18272218695906467,0.06361555321820492,0.03654359335363746
324550,3,0,0.516043552788673,0.16257508203709126,0.04539922369940852
324595,1,0,0.24217508023264903,0.1622060250438951,0.04762177173003558
324646,2,0,0.33789240721952096,0.17205567674148697,0.043239762574341006
324650,3,0,0.20599527537211182,0.12058547658031221,0.04707609682586685
324651,1,0,0.8528296808392686,0.5516527365479028,0.0790439086755782
324665,1,0,0.5894485395808176,0.1511415448337703,0.0586887917069828
324670,1,0,0.04883057686714608,0.12043765583677922,0.041489727350712116
324694,1,0,0.1590644613011077,0.08932182705538252,0.03654359335363746
324695,1,0,0.1850017961068072,0.11667088309348723,0.0506233382542699
324720,1,0,0.29401277868355236,0.13958973933317378,0.045138580473426344
324752,1,0,0.641535305414658,0.5585211217511822,0.07843589644846584
324781,2,0,0.1460738749403218,0.1330951818392382,0.03793425460871488
324889,2,0,0.43153297249367284,0.13005850112483908,0.043239762574341006
324938,1,0,0.07696650950255804,0.03595422334188523,0.03654359335363746
324960,1,0,0.30474547654505113,0.17404609332567197,0.045138580473426344
325001,1,0,0.26844563705813435,0.48820201533287516,0.0572831245447108
325008,3,0,0.31338657807548487,0.17161693968123237,0.0901760178481335
325061,1,0,0.3398914099423925,0.07982718246514746,0.045138580473426344
325081,2,0,0.09208226970180997,0.1233372760288553,0.04327762942775736
325115,1,0,0.2629056949669128,0.20193474671191208,0.05430418072875823
325121,3,0,0.355251843735061,0.14453631387504914,0.0359951991900011
325147,2,0,0.18974652919245538,0.10739145275699931,0.043239762574341006
325176,3,0,0.5088581964000874,0.24270410459134395,0.07564499533756947
325184,2,0,0.7342678877443445,0.7850445276783593,0.0588805586063968
325203,3,0,0.4265917989441396,0.1416647438827893,0.038532753426183154
325204,2,0,0.09264727505041354,0.07330898439311904,0.03979579693051722
325214,1,0,0.1170527154342795,0.10866040177249447,0.05430418072875823
325220,1,0,0.8826866760147866,0.5972170091693998,0.0790439086755782
325222,3,0,0.3327959717274597,0.15066900793189425,0.07286861966966991
325230,1,0,0.45565108225830153,0.15935433026767487,0.053452256584867484
325235,1,0,0.2611705352797199,0.057343758224279416,0.03654359335363746
325243,3,0,0.4472966750588618,0.2151974574206569,0.06803918017992862
325245,2,0,0.2612463796990534,0.14593100378656682,0.03979579693051722
325257,1,0,0.4059023442171513,0.1099127000069711,0.060900497067004095
325279,3,0,0.17018249286587067,0.1137267956076714,0.03720607660144302
325280,1,0,0.05731686727786605,0.09023553212889425,0.045138580473426344
325283,1,0,0.14551218144490613,0.07273232501936887,0.05430418072875823
325310,1,0,0.1768329774623089,0.19977911804817133,0.0586887917069828
325363,1,0,0.4957668368116323,0.097689630302391,0.03654359335363746
325366,1,0,0.5061674298289188,0.12434641623663659,0.03654359335363746
325377,1,0,0.3261594500681879,0.22489614823307968,0.0506233382542699
325403,1,0,0.3624391263445885,0.12193662498550557,0.045138580473426344
325404,1,0,0.25204019444467496,0.07667151260477541,0.03654359335363746
325441,1,0,0.03165215962040881,0.14910918737014037,0.036721316141216785
325491,1,0,0.8890701613626188,0.5132931964000638,0.07843589644846584
325506,3,0,0.3400118495690828,0.19471929795893012,0.06380436119255439
325515,3,0,0.3549070723619745,0.17571249824786647,0.04300654744991172
325571,1,0,0.20128241539448413,0.04763054482442877,0.03654359335363746
325576,3,0,0.9872255180488757,0.7779729728906236,0.1455578817361108
325577,1,0,0.1137562898640373,0.09336178402736939,0.041489727350712116
325578,1,0,0.056818275757550524,0.2046021020737476,0.041489727350712116
325581,1,0,0.18681165295582539,0.1219834786739822,0.045138580473426344
325592,3,0,0.656483367591731,0.22072888324646203,0.03644636448622321
325594,2,0,0.07500958682147015,0.08121419054431449,0.03680661143378336
325615,3,0,0.1886146506329469,0.0921419608315906,0.03810267533623751
325640,1,0,0.3018250756489301,0.1423417146885119,0.053452256584867484
325642,0,1,0.6177178163466606,0.598773859525954,0.071548513217965
325665,2,0,0.32211447803836396,0.11381584859069711,0.03680661143378336
325691,1,0,0.19651247202643074,0.125981388227493,0.041489727350712116
325704,1,0,0.335878898513734,0.12534005080519425,0.045138580473426344
325728,2,0,0.5302540598645628,0.6588848519149425,0.05786868058135989
325771,1,0,0.10962472359124957,0.23940837338926793,0.041489727350712116
325774,3,0,0.9368204444213392,0.2590101994363138,0.10943029532968673
325805,1,0,0.11967115362095156,0.08492711481116809,0.045138580473426344
325847,1,0,0.162107986588367,0.1750724999777885,0.0560522975467529
325865,1,0,0.4681875323929611,0.04887393772885717,0.03654359335363746
325950,1,0,0.256400104416263,0.08291069109834284,0.045138580473426344
325974,0,0,0.7254844963215391,0.8008954548071594,0.07832280308675038
326012,1,0,0.7225965217313113,0.501958373819531,0.07843589644846584
326026,0,0,0.11237979874591246,0.09105598926561166,0.042772479234137746
326041,1,0,0.2214474656429548,0.1696295937783316,0.060900497067004095
326085,2,0,0.1032061339942108,0.11527187566938533,0.03895652060433919
326099,3,0,0.2772534399487348,0.20769494766163582,0.03373690139267403
326101,1,0,0.21961234797281406,0.0366103003578199,0.03654359335363746
326127,2,0,0.22976083492785945,0.15553547637268278,0.03680661143378336
326156,3,0,0.4207998946197494,0.23760666620471452,0.07805777804954271
326176,2,0,0.1273523926585778,0.08702266322481668,0.03979579693051722
326192,3,0,0.3383703933188409,0.2371743545685738,0.041025529888282765
326198,2,0,0.0748511696897475,0.12787482921626217,0.039107986745542264
326225,1,0,0.13814261440780415,0.0430935262097909,0.03654359335363746
326227,3,0,0.9891483512042005,0.7245526841707273,0.1459621333971609
326229,3,0,0.11363504508869154,0.12254123708095994,0.04342471336216433
326243,1,0,0.37947811898435424,0.04115238459160674,0.03654359335363746
326244,1,0,0.837296482155413,0.6109947866498906,0.07843589644846584
326247,2,0,0.16887955976376504,0.12505893714827804,0.039225685339645454
326285,0,0,0.31608237729593813,0.1116303493589359,0.04211162695550778
326288,2,0,0.4618470653227327,0.1518321136004749,0.043239762574341006
326289,1,0,0.6488228094411302,0.6499597918562579,0.0790439086755782
326295,1,0,0.05471317211375119,0.07741944962560203,0.03654359335363746
326296,1,0,0.05456352721011952,0.03426622011777884,0.03654359335363746
326329,1,0,0.4450621418822223,0.2289330286850977,0.045138580473426344
326330,3,0,0.17034917848665157,0.10400012977971272,0.060356249434437785
326332,1,0,0.35637285961591036,0.10044982977204872,0.045138580473426344
326347,1,0,0.07381572875297888,0.17108589728843895,0.04691585217692644
326350,0,0,0.10362357558237667,0.07982777781941494,0.04051001628367428
326375,0,0,0.7229978996765919,0.6138955812801314,0.07535850075769517
326398,1,0,0.49549210524777926,0.6323936243271023,0.0790439086755782
326438,3,0,0.3332543853654534,0.16649886625914012,0.045370351259404425
326511,1,0,0.0655544988125843,0.11711777989491072,0.04735892056685851
326525,3,0,0.3390951843829586,0.08619008219012797,0.0323676825539789
326537,0,0,0.2722288664023638,0.07585186997081272,0.04336522917003451
326549,2,0,0.2182023307509946,0.1578841941093117,0.039225685339645454
326556,3,0,0.9586634675588407,0.7730840164753465,0.1524316709454783
326625,1,1,0.9646148456127155,0.6734511655294685,0.0790439086755782
326632,2,0,0.11283027019459291,0.13182467173603968,0.04761226190619499
326684,1,0,0.04273432672300049,0.13643423416903513,0.03660837086997847
326700,0,0,0.7179437608406198,0.6588827586044721,0.07832280308675038
326734,2,0,0.1469021549557338,0.12871192654332053,0.039107986745542264
326751,3,0,0.7635598460504823,0.5338570310692552,0.12637465048518887
326757,2,0,0.16980974495635423,0.09349469250134143,0.03680661143378336
326778,1,0,0.24709035466099588,0.04239600081622867,0.03654359335363746
326779,1,0,0.36492136202200653,0.10139081538302873,0.045138580473426344
326791,0,0,0.13436045852115988,0.11153586630081153,0.04460764711609256
326854,1,0,0.39955041048469486,0.10320637354353156,0.03654359335363746
326914,1,0,0.2762531389430869,0.15232588697116464,0.0506233382542699
326921,3,1,0.6353444615252566,0.5461987285377742,0.13334068362106752
326946,3,0,0.3973130829633079,0.3047508202693645,0.07984468967456926
326953,1,0,0.286441997531862,0.0940495596681509,0.045138580473426344
326964,1,0,0.2635468853615598,0.06328515669218576,0.045138580473426344
326972,3,0,0.44162032249764055,0.21375937214075602,0.09304190704822805
326997,1,0,0.0911795694087621,0.09503538552185412,0.057772283877401805
327011,2,0,0.4496772298381194,0.6992358424728004,0.05786868058135989
327030,2,0,0.8143996707576617,0.6870491046873596,0.05596883800974349
327032,1,0,0.23030267509066005,0.06592174490890597,0.03654359335363746
327067,1,0,0.21478147954600274,0.04275318442006776,0.03654359335363746
327084,1,0,0.1759676718798193,0.058683809267405185,0.040606377662277836
327090,3,0,0.7117188358731285,0.3798144502551661,0.05368205796951567
327094,2,0,0.06728664464518111,0.12507872219227958,0.039107986745542264
327107,1,0,0.15547457324276542,0.08962883919897363,0.041489727350712116
327126,2,0,0.3038954606992318,0.15592882020592433,0.03680661143378336
327189,2,0,0.2937216572690641,0.2807809778896523,0.043239762574341006
327202,2,0,0.282935973084863,0.44786206747489193,0.04895138524505201
327219,1,0,0.5575286308341468,0.14508210576103664,0.045138580473426344
327233,0,0,0.24820532423366723,0.10840841116552995,0.03861531372685975
327249,2,0,0.05699918266312616,0.06466330406877907,0.043239762574341006
327273,3,0,0.09958480470912383,0.07177550378731774,0.03714682590551149
327372,0,0,0.6764875841544433,0.7103897945404496,0.07832280308675038
327375,2,0,0.15820125878593208,0.20265495344065276,0.039225685339645454
327389,2,0,0.1813896113866857,0.11545022065772084,0.03680661143378336
327436,3,0,0.587867330728587,0.2198576856926933,0.04019979602899904
327439,2,0,0.5353213273232216,0.6600118793422373,0.05171434606710744
327453,3,0,0.16753201916305901,0.11917411011293652,0.07641858760779775
327491,1,0,0.20075597348405586,0.047415376473322494,0.03654359335363746
327544,2,0,0.14361676929609402,0.14114005511954517,0.043239762574341006
327563,1,0,0.3564843098121348,0.07352857866844235,0.045138580473426344
327574,3,0,0.4768403699829895,0.17456038581351382,0.08382623033371647
327599,0,0,0.3516892938521887,0.1928443904724574,0.04798336410037973
327618,2,0,0.04963710222602499,0.08792573566512084,0.03979579693051722
327652,3,0,0.1910504770803759,0.33513417502551635,0.1258602182745728
327695,1,0,0.7658110278017008,0.5130958150369306,0.07396643437346692
327705,1,0,0.1518866707227961,0.17717753449560114,0.045138580473426344
327719,2,0,0.37151419078978015,0.16834230669234432,0.041224037052829364
327726,2,0,0.19077897398657673,0.11591613923857765,0.03680661143378336
327760,3,0,0.5834332880752712,0.1785148832771979,0.06895425519766575
327774,1,0,0.18729598426918193,0.06093669959903772,0.03654359335363746
327799,0,0,0.34383630277346644,0.10769354176904794,0.03552713988176232
327819,2,0,0.3778070052612802,0.16330655990315535,0.043239762574341006
327827,1,0,0.1334806272727066,0.15549960082113967,0.05400653719607418
327835,3,0,0.7894939279832834,0.5153303029702352,0.06848608994916953
327836,1,0,0.3492694936778569,0.09896994810432855,0.03654359335363746
327844,2,0,0.3115002430837413,0.12425575625153426,0.04401103510171641
327848,2,0,0.47781034256121724,0.1056396728284915,0.039225685339645454
327901,1,0,0.6421216839216699,0.5655819264562543,0.0416662699544284
327916,0,0,0.3460353688302973,0.07682932545632494,0.04336522917003451
327917,3,0,0.25043681876953294,0.3102272546639545,0.07527978353248149
327941,2,0,0.7561496590977543,0.7537498054972801,0.05171434606710744
327984,1,0,0.02988984181782285,0.06438753051177402,0.03654359335363746
328000,1,0,0.5675239482807539,0.19713765270519765,0.05852355134650288
328015,3,0,0.6874568419601079,0.24080883690682126,0.05479577058128049
328047,0,0,0.30460001680058935,0.08415316749853329,0.03552713988176232
328115,3,0,0.40013986361399445,0.11216416408938831,0.036423961475932604
328116,2,0,0.6510578652103087,0.7352695074198137,0.0588805586063968
328161,1,0,0.19834779275695688,0.1709401375228001,0.0586887917069828
328171,2,0,0.6957226798559452,0.5301084091444498,0.05786868058135989
328252,1,0,0.11666869058521344,0.12998417063270712,0.05149621395102403
328268,3,0,0.868645967741996,0.632703483911275,0.14163403160987373
328276,3,0,0.2166934917483788,0.15160644204159945,0.052917315852971346
328290,0,0,0.802326962249397,0.6397171482042,0.071548513217965
328350,1,0,0.4377560846956614,0.17844388187952798,0.053452256584867484
328365,2,0,0.09247272832500932,0.0769361835513261,0.03979579693051722
328389,2,0,0.22729244379236005,0.12491771695138693,0.041224037052829364
328406,1,0,0.40572989108982854,0.13482246714968374,0.04278709843626327
328460,1,0,0.11489679919049897,0.054662650080667924,0.03654359335363746
328465,3,0,0.6689637327164386,0.5733385786311387,0.10383432088712793
328479,1,0,0.3292965756123921,0.15098970779364262,0.051665630257641856
328488,2,0,0.37469700081443214,0.1361263963127224,0.03680661143378336
328499,2,0,0.3893164191978349,0.14514573495287714,0.043239762574341006
328520,1,0,0.1814803019809165,0.17220938978773326,0.04735892056685851
328565,1,0,0.4858377647301021,0.10712383021096769,0.045138580473426344
328570,1,0,0.22301993264808034,0.04281070340105113,0.03654359335363746
328621,1,0,0.11957284764493357,0.061551603546549975,0.041489727350712116
328622,3,0,0.07535184646589471,0.22375782966035374,0.06665897821841021
328646,0,0,0.14516018509195563,0.07854451551804324,0.03890106100826425
328651,1,0,0.9136327434659935,0.6702957855497609,0.0790439086755782
328770,0,0,0.15123893142551542,0.15414054170276917,0.04363569876149763
328776,2,0,0.05566455638152606,0.09316822433687565,0.03680661143378336
328810,1,0,0.18453619564467189,0.084037529560122,0.03654359335363746
328829,2,0,0.07278532309964734,0.29251152051080387,0.03680661143378336
328929,0,0,0.8232425972691713,0.6413432970574072,0.050239907160278464
328934,3,0,0.3460717718183974,0.21498945880708717,0.04096460706659896
328943,1,0,0.1223273848072906,0.13206099758335943,0.04735892056685851
329005,1,0,0.4811779808392722,0.09105095372446895,0.045138580473426344
329027,1,0,0.23337910193729602,0.07593336243860803,0.03654359335363746
329036,1,0,0.22994853234269455,0.09757174256172281,0.0591481096457769
329075,0,0,0.780671362735605,0.42044883615321305,0.07832280308675038
329081,3,0,0.4069482829162977,0.12435267521337046,0.04663228268192848
329083,1,0,0.309775407057127,0.11349637839859712,0.041489727350712116
329084,1,0,0.20993185453365526,0.1325818501304559,0.057772283877401805
329092,1,0,0.32336084210958627,0.20364142769308194,0.045138580473426344
329095,2,0,0.13367317643118795,0.15066588184280208,0.04761226190619499
329116,1,0,0.12229016064823994,0.1639974994331854,0.0586887917069828
329172,0,0,0.1580118496946527,0.08601490702642599,0.04460764711609256
329175,1,0,0.2837471584602841,0.15612500658753733,0.0462190103162257
329244,3,1,0.8828425935860098,0.5651458528142573,0.1488870687159572
329246,2,0,0.4956106237163455,0.6232071500267988,0.04933405919220342
329253,1,0,0.07064521982444033,0.08774752649867112,0.040606377662277836
329256,1,0,0.2654846417864873,0.04160349578164392,0.03654359335363746
329269,1,0,0.38446423981479094,0.05489138305014753,0.03654359335363746
329313,3,0,0.9507137452825953,0.7698279933455231,0.1524316709454783
329319,3,0,0.13477437161212324,0.08938722655838252,0.035702362786059594
329332,1,0,0.638769541995735,0.2368813921147382,0.054720277446040244
329350,2,0,0.212233699205125,0.2131798797799812,0.03793425460871488
329354,1,0,0.6058070039341721,0.18919668264290956,0.05430418072875823
329356,2,0,0.11635583704316109,0.07760592319489104,0.03680661143378336
329389,1,0,0.5554451371242991,0.22223849252659797,0.055987794412428626
329440,0,0,0.24484957450549755,0.17402312243263782,0.03969994002774194
329482,1,0,0.3774708572897325,0.14950229991821082,0.04762177173003558
329493,3,0,0.3037480101446453,0.14562228060147955,0.061620970892238884
329524,1,0,0.08158277603642718,0.07164538467612515,0.03660837086997847
329532,1,0,0.20237701202656366,0.04169376764250932,0.041489727350712116
329596,2,0,0.16722788604793168,0.128151490832905,0.03680661143378336
329598,2,0,0.07783483449216072,0.19115009384258314,0.043043782468172975
329600,0,0,0.3129974486792739,0.08885291133282049,0.03780017119862066
329641,1,0,0.4299801954055967,0.08847292395647832,0.045138580473426344
329692,1,0,0.42535626850650676,0.23327176548913212,0.036721316141216785
329693,1,0,0.6459187696665427,0.5205200818638062,0.0572831245447108
329708,3,0,0.5807489981306804,0.28252305492459734,0.07570217475503054
329725,1,0,0.2307490742471762,0.10446803042979586,0.051016511781975526
329728,3,0,0.557254230049524,0.18860979240243061,0.048562060539479306
329734,0,0,0.2114649089989105,0.19496935833265097,0.04363580871474369
329757,0,0,0.07197287678486777,0.07629896989329678,0.045267486126968695
329786,1,0,0.3229080357364922,0.049285568861727726,0.03654359335363746
329852,1,0,0.5789956373677135,0.6614504544569257,0.0790439086755782
329877,1,0,0.10219907719474082,0.10673390180507777,0.041489727350712116
329913,1,0,0.6507466985653176,0.22706146500953323,0.06578065933042877
329926,1,0,0.8065375851016964,0.31243850973291204,0.0582497608598261
329964,0,0,0.8310284463966177,0.7263837573404045,0.07832280308675038
329972,1,0,0.8150518966839033,0.6086953311896923,0.0790439086755782
330004,2,0,0.14168194065060177,0.08748035755471564,0.03793425460871488
330051,3,0,0.08425587230597684,0.1027492239082905,0.046371841829937865
330052,2,0,0.7563914075516058,0.6904653742591894,0.0588805586063968
330066,2,0,0.6372966642696205,0.6241659492290936,0.05786868058135989
330142,3,0,0.7791381352472281,0.3035756362179524,0.04950655313003038
330163,1,1,0.8248684610809146,0.45607914914394676,0.07396643437346692
330168,1,0,0.09547874987589264,0.12120219308445156,0.04735892056685851
330175,3,1,0.6408828011110004,0.33357035086771936,0.11009897133110023
330253,2,0,0.24858063486099483,0.15270969726426675,0.04327762942775736
330288,0,0,0.0916400641338636,0.09517224451670181,0.04940040891194944
330325,3,0,0.43520432786635826,0.14170130551437238,0.04966424907585074
330328,2,0,0.07059969627044788,0.0829541823655769,0.04188348433127233
330354,3,0,0.48595558535130867,0.2244896967890501,0.05978852581536576
330365,3,0,0.47124470908835214,0.25670978009182177,0.0697753604045171
330388,1,0,0.4870073868676722,0.17464458435765906,0.05717272851726729
330408,2,0,0.3363621341470618,0.11535734656480777,0.03979579693051722
330439,2,0,0.15953599628870702,0.14627872615091764,0.04761226190619499
330484,0,0,0.24296887902950481,0.11240622758082854,0.045779545930920554
330491,1,0,0.46163140826536697,0.09302003266694295,0.045138580473426344
330511,1,1,0.7807801232301926,0.5721191522577385,0.07843589644846584
330549,1,0,0.2628413513366411,0.2249220005243428,0.04751540753370948
330599,2,0,0.23290505422586713,0.17598941125112164,0.03680661143378336
330614,0,0,0.1342913094985864,0.10891375551676942,0.04940040891194944
330685,0,0,0.557603009701406,0.37370628732640815,0.07535850075769517
330689,0,0,0.14372701503040144,0.15057750283421764,0.040787904309439904
330699,1,0,0.9580323664005707,0.5713080447256109,0.0790439086755782
330779,3,0,0.8943841814892513,0.7851064737783879,0.15566879435925407
330803,1,0,0.8776463588216865,0.7790631446387067,0.08105812253669475
330846,1,0,0.9081070000747558,0.629806905026778,0.0790439086755782
330860,1,0,0.8459848153278464,0.656686140944083,0.0498008771827325
330866,1,0,0.29926816466139905,0.026727961247300414,0.03654359335363746
330890,1,0,0.08192147302922818,0.04135363990453055,0.03654359335363746
330903,3,0,0.5434435202767539,0.2228158521891487,0.04016877578183803
330927,3,0,0.8379427570434804,0.6349511186556693,0.12130134474882767
330977,2,0,0.3516402480604882,0.12428959587872827,0.03680661143378336
331088,2,0,0.18425820076183425,0.11609508238961741,0.03979579693051722
331093,1,0,0.06245529442745294,0.06613653410982097,0.03654359335363746
331135,2,1,0.8808352672607185,0.6891001150222895,0.0588805586063968
331183,3,0,0.6391937069800858,0.3245642082792328,0.058306604967530776
331241,1,1,0.8889258231199696,0.573143675934938,0.0790439086755782
331281,1,0,0.24923461661896235,0.03320043934609963,0.03654359335363746
331349,3,0,0.6522194309050416,0.28831391003835954,0.06829374625352508
331439,1,0,0.4440222363789293,0.07021143701011452,0.045138580473426344
331460,2,0,0.7372812006146385,0.7113961837446604,0.0588805586063968
331461,1,0,0.37350023400605276,0.1177221122691348,0.05430418072875823
331500,0,0,0.2651053553958192,0.09640111074003518,0.04619082365329199
331584,1,0,0.24856401729778654,0.07762316221456328,0.03654359335363746
331612,1,0,0.23788516088537137,0.062071369866016426,0.03654359335363746
331666,1,0,0.4649844349768618,0.13694277046529243,0.04875860376427636
331709,3,0,0.85417332563077,0.6670694092093751,0.11572061976644471
331792,1,0,0.6152689770205269,0.09896226779305589,0.045138580473426344
331821,1,0,0.2630218286971088,0.04938958401582307,0.03654359335363746
331865,3,0,0.8543223073890526,0.5965471268462467,0.07577753504044077
331889,3,0,0.7836461628938773,0.4721953871186493,0.14233980802254007
331928,1,0,0.20144732307403942,0.052042680711370685,0.03654359335363746
331930,2,0,0.32111166822727283,0.14901181686827014,0.043239762574341006
331933,1,0,0.3175861452412925,0.10965111396741976,0.045138580473426344
332035,1,0,0.5560724598417636,0.08123874749527941,0.03654359335363746
332039,1,0,0.2777066702348899,0.09936538740602824,0.045138580473426344
332066,1,0,0.4035111342125013,0.17602339980780457,0.045138580473426344
332104,0,1,0.24268905277402936,0.20753072218664811,0.04889331612777234
332124,0,0,0.20224619877906277,0.12034486693716528,0.03995232067593701
332136,1,0,0.04264850525947063,0.17726231727174827,0.041489727350712116
332145,1,0,0.956506123056626,0.6127034246968439,0.07792073518949832
332148,3,0,0.37264642005403625,0.1114369022687642,0.06477689738924945
332154,3,0,0.25621356764233744,0.12594138786541287,0.031694530747468634
332183,0,0,0.23411516458502474,0.10465971769862273,0.043065190572814514
332199,2,0,0.45419651695793745,0.14396291940405354,0.04401103510171641
332203,3,0,0.5361142156462009,0.15625551287420075,0.031694530747468634
332294,0,0,0.23855872628959515,0.21490588234560534,0.05149654112980483
332309,1,0,0.14321434403823805,0.09759744556259405,0.045138580473426344
332326,1,0,0.07129744154943957,0.11789686011336574,0.03654359335363746
332381,3,0,0.499727755318033,0.17954733462141534,0.06781670304649516
332398,1,0,0.7789274651877724,0.5172692707211275,0.0572831245447108
332443,2,0,0.6908902069707702,0.6332151619569341,0.0588805586063968
332444,3,0,0.325164601774722,0.09040021438709506,0.038881947833104495
332451,3,0,0.7722051815858725,0.09521313021224861,0.06493549832906687
332463,1,0,0.8564120489684725,0.6639005298219065,0.07843589644846584
332541,1,0,0.9478071350073966,0.6477781433859677,0.0790439086755782
332572,0,0,0.14887262271877852,0.21200392706370688,0.06036502392407855
332580,1,0,0.506195152904245,0.5219706198003832,0.07092867403083175
332589,1,0,0.12532093209349854,0.027018272532103874,0.03654359335363746
332622,1,0,0.12929787604217938,0.0318631464123826,0.03654359335363746
332764,2,0,0.4810359024267439,0.14200973409142975,0.04785905696083482
332801,0,0,0.2442137314830187,0.14167887560393436,0.03780017119862066
332872,1,0,0.09942471360613421,0.04822505236468763,0.03654359335363746
332907,3,0,0.36311040382798665,0.1983033074567075,0.037546612247800065
332911,1,0,0.6264724000329863,0.5411262705133435,0.0790439086755782
332912,1,0,0.32232220862436434,0.2533550702777319,0.058341580311069355
332913,1,0,0.621987937302224,0.08385480004528358,0.03654359335363746
332925,3,0,0.8357770737670449,0.6122862281954755,0.14205333188129707
332926,1,0,0.726535871561972,0.14431816709912376,0.03654359335363746
332956,1,0,0.29118751322767444,0.06366537180245162,0.045138580473426344
333022,1,0,0.6535292773317787,0.4809956613093261,0.0572831245447108
333055,1,0,0.09503824642142211,0.09256328313304635,0.041489727350712116
333077,2,0,0.2317330154820027,0.12191704780936101,0.04761226190619499
333181,1,0,0.23268939342773787,0.10176883570887092,0.045138580473426344
333182,1,0,0.43974306197369833,0.13055419687529488,0.0506233382542699
333203,1,0,0.08904242791095617,0.07585386595061536,0.03654359335363746
333257,0,0,0.1321668956912916,0.12617142223508665,0.03969994002774194
333270,2,0,0.07530972311019765,0.11220974895348367,0.041224037052829364
333280,2,0,0.2682605156188686,0.21037674218815142,0.05526959489511729
333322,3,0,0.8239909043036961,0.6825068653686153,0.13857193960676192
333339,1,0,0.2732716494799728,0.19022047678958479,0.03654359335363746
333345,1,0,0.2066570282780045,0.09078448633930615,0.03654359335363746
333349,1,0,0.5743619126454252,0.07574893812000656,0.03654359335363746
333495,1,0,0.12488468155828504,0.10751985634885763,0.03654359335363746
333531,3,0,0.5330271259003271,0.22691501511208723,0.06950100619503194
333549,1,0,0.2628153611562464,0.07012506093871583,0.03654359335363746
333555,3,0,0.4732431320954768,0.2994902563292281,0.07664244324031225
333628,1,0,0.17132285421515464,0.035657188083969275,0.041489727350712116
333651,1,1,0.4335450012702288,0.1340357498586539,0.03654359335363746
333673,0,0,0.5766163451526809,0.45611859499616514,0.07535850075769517
333738,3,0,0.07923350976285368,0.08192949508454557,0.035557428636180076
333751,0,0,0.1381164209840531,0.08748665286822653,0.045267486126968695
333798,1,0,0.5972663475164948,0.14009560369605176,0.045138580473426344
333864,2,0,0.1998290332340557,0.2271845849573103,0.045079879229967756
333894,1,0,0.09980724653702622,0.031324325271112924,0.03654359335363746
333903,1,0,0.12146750267004601,0.10419771347975543,0.0506233382542699
333905,1,0,0.16552981516881599,0.19933434720358303,0.05344372493605977
333920,1,0,0.972190509902403,0.5662037554903686,0.0790439086755782
333921,2,0,0.17027265296357316,0.14442920942263393,0.043239762574341006
333947,2,0,0.4237322627744037,0.2048891438237919,0.04761226190619499
333950,1,0,0.36138076620319126,0.04021960185850253,0.03654359335363746
333995,3,0,0.7463498043351939,0.5120611323779598,0.13002637996646885
333996,3,0,0.19379442618879145,0.0775711320382448,0.04514911712235762
334020,1,0,0.6859414600760557,0.6064530197772892,0.06385930171838845
334052,3,0,0.6539302705784861,0.21391861744320284,0.05321632897577511
334055,1,1,0.7674617193116945,0.6484582223177412,0.08105812253669475
334056,1,0,0.31653574042172283,0.09313581797216433,0.045138580473426344
334058,1,0,0.2086807493843783,0.17474075785311854,0.045138580473426344
334127,3,0,0.8790463763899031,0.702345149444732,0.15610430833938155
334132,1,0,0.5797386083320217,0.48370334870815346,0.0790439086755782
334148,3,0,0.794573567387172,0.5198948560150903,0.10383432088712793
334188,1,0,0.786158564970545,0.3289235028727536,0.0498008771827325
334253,1,0,0.3184007100562774,0.2205240166828272,0.03654359335363746
334254,3,0,0.08095894516237388,0.10114218578278875,0.037878638567069745
334293,2,0,0.3004363751994489,0.10892000608939226,0.04276235616617193
334296,3,0,0.7610084305910808,0.6597498351135448,0.149279994457611
334319,0,0,0.09941529210292219,0.10888422094236294,0.04082211866134636
334424,1,0,0.36133785634971993,0.09475300432657079,0.03654359335363746
334425,3,0,0.5370364017915139,0.3068820477497505,0.08954123500327617
334439,1,0,0.2814688878284375,0.09076980531717448,0.05430418072875823
334483,1,0,0.5895988064855706,0.5615479229195676,0.04650700230382281
334497,0,0,0.09601605870427134,0.13700444951981794,0.04704796593556582
334534,3,0,0.6389922157224227,0.34125205263231634,0.09450496768857915
334599,3,0,0.5595990574582027,0.22771017207897018,0.07197291392811504
334616,1,0,0.16651098980004367,0.0505415453222672,0.03654359335363746
334684,1,0,0.025115819022642056,0.0902896244065337,0.03654359335363746
334711,1,0,0.3888329353866293,0.11335411044536547,0.041770438271605204
334728,2,0,0.41458976943210163,0.21682947551404053,0.043239762574341006
334732,1,0,0.1079237229323144,0.08320760547640738,0.03654359335363746
334796,1,0,0.3653151752385949,0.06752417764721456,0.03654359335363746
334813,2,0,0.630509257529005,0.20887492263189494,0.043239762574341006
334875,1,0,0.17123652295804986,0.0942062797463938,0.041489727350712116
334914,1,0,0.2395248879712792,0.05737107420518797,0.03654359335363746
334921,3,0,0.4859802799532905,0.16025974041757163,0.06169151337119969
335004,1,0,0.10842513260135517,0.08505917683173941,0.045138580473426344
335052,1,0,0.12718542020632745,0.0677121043613855,0.05430418072875823
335092,2,0,0.30025179168016836,0.20038069047367063,0.043239762574341006
335102,1,0,0.2645430088297779,0.13630629316587473,0.060900497067004095
335117,1,0,0.8001166464576126,0.6367427236395955,0.0498008771827325
335122,0,0,0.24088257368441288,0.1074468736611353,0.03861531372685975
335131,1,1,0.6150525313211854,0.4409253610902049,0.05352224253229474
335146,1,0,0.5966200064782412,0.06490040388903265,0.045138580473426344
335148,0,0,0.22780185291477167,0.2382341831908983,0.043065190572814514
335154,1,0,0.10955332166449655,0.15505308371870272,0.03654359335363746
335157,0,0,0.2351524586738362,0.12996982541788404,0.03780017119862066
335181,3,1,0.9226314532167921,0.7421374231654692,0.15492524972960664
335219,3,0,0.6680735540025297,0.629448372333337,0.1307486903021694
335232,1,0,0.2044938984810409,0.11539543705459368,0.053452256584867484
335262,1,0,0.05907585301747763,0.14387359931772234,0.03654359335363746
335269,1,0,0.8968316659106538,0.4911837742338244,0.0790439086755782
335296,3,0,0.13841603584262757,0.1881563430492429,0.06796265192778934
335338,3,0,0.21259900983541255,0.2899014592007714,0.0731213326889548
335388,1,0,0.6160108170020381,0.6112991254299078,0.0790439086755782
335392,3,0,0.21893178139656072,0.20099084528806874,0.06339276738982212
335406,3,0,0.1345473562447705,0.22712983310457452,0.05942279773212135
335436,1,0,0.13127877827185427,0.08311414721136133,0.03654359335363746
335504,1,0,0.897167472765385,0.23605338771560497,0.06650041619528362
335514,1,0,0.8482435061882997,0.538854851856831,0.07843589644846584
335532,3,0,0.41793623918723066,0.17386697703743137,0.07287826869161908
335586,3,0,0.4284377701693168,0.237089081467197,0.06756698372156056
335624,2,0,0.23800391437374044,0.11271065475616274,0.03680661143378336
335632,1,0,0.5151814075532418,0.09086821242425268,0.03654359335363746
335640,3,0,0.5971128392326266,0.2951220493164971,0.05500262716685186
335646,1,0,0.33193125781851734,0.07147239842862517,0.045138580473426344
335660,1,0,0.22442171898512522,0.1281496429045438,0.05559122442602579
335665,1,0,0.9031699940746495,0.6257316662625745,0.04650700230382281
335681,1,0,0.8379519009472861,0.49830744941300004,0.07843589644846584
335696,1,0,0.5727270925928214,0.11852886521294663,0.045138580473426344
335738,1,0,0.35721368088373295,0.08391260837427625,0.045138580473426344
335740,3,0,0.5624197163427853,0.3129115948307012,0.059137900166194524
335764,3,0,0.7028800008966352,0.29127967504911556,0.082724470260555
335767,0,1,0.6823780667801197,0.6290327185978118,0.07832280308675038
335771,2,0,0.3111070734558504,0.15057294370027086,0.04761226190619499
335816,3,0,0.9822265490982641,0.833211674071389,0.15566879435925407
335830,1,0,0.14673548917843263,0.08562161370457438,0.041489727350712116
335836,3,0,0.40374973919438356,0.22420990147227582,0.08376656787575301
335838,1,0,0.05597473648044083,0.11087584136968033,0.041489727350712116
335845,2,0,0.3530978455617414,0.11538167934867057,0.043239762574341006
335870,1,0,0.47880003206554034,0.10105353408710925,0.0506233382542699
335927,1,0,0.058574579467244065,0.06332137180043378,0.041489727350712116
335948,2,0,0.31305811423225255,0.11041046575550448,0.03793425460871488
335949,1,0,0.275246960048519,0.2592804394118888,0.053452256584867484
335988,3,0,0.46196124250209536,0.15444217582296643,0.05978191734568542
336002,3,0,0.30816223354861855,0.2388533092657122,0.05573914286037545
336050,1,0,0.36945828838012107,0.20955756793261596,0.060900497067004095
336072,1,0,0.29822924942663914,0.16296674471230446,0.0506233382542699
336090,2,0,0.6078071125310281,0.25845148752822844,0.041224037052829364
336102,1,0,0.36158357428559057,0.10751479127873856,0.045138580473426344
336105,1,0,0.09362435884438629,0.030015876552390405,0.03654359335363746
336110,1,0,0.237856539521536,0.03181490502437368,0.036721316141216785
336128,1,0,0.8048519205463515,0.2392046534833541,0.0586887917069828
336146,1,0,0.4716380194317799,0.23285160276301192,0.060900497067004095
336179,1,1,0.647495307513979,0.33538440951347104,0.06598197682389885
336210,2,0,0.5581626616449602,0.6261739033145428,0.05786868058135989
336211,1,0,0.10979815070194172,0.12505441354028116,0.03654359335363746
336216,1,0,0.5799812409577282,0.5342769851991979,0.0572831245447108
336273,1,0,0.24526028448949483,0.06055821615881011,0.04278709843626327
336285,1,0,0.5620484738014612,0.14845073420848645,0.045138580473426344
336293,3,0,0.9681971679046995,0.6986320397896335,0.14578467879040777
336306,2,0,0.1859412705437478,0.17269736398557226,0.043239762574341006
336330,3,0,0.7685437787943301,0.7463099092460841,0.13671852336971765
336337,3,0,0.11072029846079195,0.188552693106809,0.06319940658035696
336374,3,0,0.42266717924998537,0.19968955014686243,0.09451901232743376
336386,3,0,0.7726139626904285,0.7801934657613662,0.15130786379874656
336421,1,0,0.9956850391792621,0.5209196397079141,0.0790439086755782
336451,1,0,0.08226491023055274,0.07652239333151312,0.03654359335363746
336463,1,0,0.8890664953065319,0.5364728825225464,0.0498008771827325
336477,1,0,0.14338516163012832,0.1491659458220508,0.05149621395102403
336483,3,0,0.9186748797077251,0.6805659718692223,0.13926944353855625
336487,0,0,0.16213079848334136,0.1361013799570809,0.03780017119862066
336506,0,0,0.17712607656273469,0.062498277307053034,0.04507442099489848
336531,1,0,0.39992974011293825,0.10083623238561333,0.04762177173003558
336532,1,0,0.37426530440771166,0.08657109198305908,0.045138580473426344
336547,1,0,0.32443923994764384,0.12570473476384955,0.045138580473426344
336553,1,0,0.0679925401737777,0.10249363425936966,0.03654359335363746
336578,3,0,0.4329549117625765,0.2052085732977945,0.07233958598900794
336637,1,0,0.7556629092608915,0.6016162189336992,0.0790439086755782
336654,3,0,0.4186792145972426,0.24651384814684582,0.06075540472964123
336669,3,0,0.2493836761465142,0.336093226724807,0.12384873907443246
336676,1,0,0.3364349491555875,0.10499352416470932,0.04278709843626327
336687,3,0,0.8459667895583116,0.6206655598142898,0.15612647844296693
336705,0,0,0.14804025709022375,0.1284568087967858,0.03890106100826425
336715,3,0,0.4074150178979275,0.35120494006914443,0.04145545849854463
336745,2,0,0.44816133272365116,0.1917004090878558,0.044064117889810656
336750,1,0,0.15958916539690277,0.17979226388982242,0.05149621395102403
336753,2,0,0.24359901317383012,0.14107516667823064,0.039107986745542264
336761,1,1,0.6707953489723028,0.11119828512923878,0.045138580473426344
336770,2,0,0.5769138872717909,0.24352176275123397,0.04785905696083482
336773,1,0,0.4550921029610792,0.17677599356862536,0.045138580473426344
336775,2,0,0.3410689940575343,0.12564982764965812,0.03680661143378336
336777,1,0,0.8879619770352831,0.5953125000377668,0.0790439086755782
336795,1,0,0.2662908773639745,0.07221835470864826,0.045138580473426344
336900,1,0,0.48932732898144776,0.10660956656548264,0.045138580473426344
336925,2,0,0.15368514018626184,0.11178381996177227,0.03680661143378336
336961,3,0,0.844301279975571,0.7561502253420734,0.1524316709454783
337031,0,0,0.17691494589712245,0.13056834540531098,0.043131446758103056
337047,1,0,0.10230507612443081,0.11489184811290025,0.045138580473426344
337052,0,0,0.10306077757742077,0.08573856161877594,0.03579088590500353
337088,0,0,0.11285452886014126,0.11985669276299543,0.040342327194977344
337096,2,0,0.42175526214397474,0.17770558196541347,0.04276235616617193
337104,1,0,0.445089738920073,0.08498699109012942,0.05430418072875823
337115,2,0,0.26875281619738844,0.15353065929930176,0.043239762574341006
337123,1,0,0.23689316203610758,0.1395438234190545,0.045138580473426344
337128,1,0,0.440969704057307,0.27733601293569315,0.0586887917069828
337146,2,0,0.26903254195259907,0.12257097684047867,0.041224037052829364
337175,1,0,0.8712576034724293,0.792634362642377,0.08105812253669475
337232,2,0,0.6815680494000639,0.32270259558714026,0.05596883800974349
337287,1,0,0.20846648931226178,0.07341183317827704,0.03654359335363746
337299,1,0,0.3271594407081004,0.1014701967760373,0.045138580473426344
337302,3,0,0.21838568796736385,0.2622025041171425,0.09599598498912637
337305,1,0,0.2021505638390883,0.14702280143830074,0.04735892056685851
337307,3,0,0.4780267311238085,0.3187114915833742,0.051708093685932655
337310,1,0,0.5725788218402352,0.12946450439170337,0.051016511781975526
337316,3,0,0.5566315302966407,0.40082309692035445,0.08314326399747694
337353,1,0,0.435585512020027,0.08791840806130495,0.036721316141216785
337381,1,0,0.9745569459696649,0.20693122307790696,0.05358525345837434
337459,0,0,0.2928373600776346,0.11762066080872031,0.04553336742124675
337484,3,0,0.13975516259922915,0.17049362981428945,0.033798384852140456
337487,1,0,0.9345077711392836,0.6372548587996999,0.0790439086755782
337495,1,0,0.918699477097473,0.5680902382025422,0.06646679460784717
337500,1,0,0.12765346269713565,0.13323510033129446,0.05149621395102403
337535,1,0,0.31338394335091685,0.0985415789595537,0.045138580473426344
337556,1,0,0.6165497771926458,0.12993280452010547,0.045138580473426344
337657,3,0,0.6600668565379233,0.28628233569133826,0.05532710438970323
337682,1,0,0.5322675238531717,0.10715964961206019,0.03654359335363746
337684,2,0,0.32934734032478463,0.1506705808023034,0.04761226190619499
337761,1,0,0.36900201134270527,0.14204489058309147,0.045138580473426344
337763,3,0,0.5145586403716313,0.18881023087733495,0.03888886549386674
337774,2,0,0.22040649567408013,0.11328382268417309,0.03680661143378336
337775,1,0,0.852831259388991,0.628043796329477,0.07843589644846584
337791,1,0,0.6306481778872023,0.5293314140490041,0.06385930171838845
337807,3,0,0.2442109254499244,0.17126586021087006,0.05530150583271104
337819,1,0,0.8533897024530377,0.4546411605369592,0.0790439086755782
337839,1,0,0.8182259052354633,0.49682776269069323,0.0790439086755782
337842,2,0,0.3381547963355445,0.16312800758736917,0.043239762574341006
337852,1,1,0.849249921372255,0.7144003686369377,0.08105812253669475
337880,1,0,0.10472532299970812,0.11432374142452341,0.0586887917069828
337982,0,0,0.3066326349767376,0.19201870293246434,0.043065190572814514
338002,1,0,0.39873194606743584,0.10711319279100712,0.05430418072875823
338010,1,0,0.1857173062925147,0.1389826182234599,0.04762177173003558
338012,3,0,0.5227227298010161,0.1934972957792398,0.058376580905348766
338042,3,0,0.25463512378387915,0.16363074395882332,0.04159753486077072
338053,1,0,0.9681709725506802,0.6066076543038812,0.0790439086755782
338099,1,0,0.08604264767570004,0.190802661515386,0.05400653719607418
338225,2,0,0.2898819736407026,0.12590333547851157,0.039107986745542264
338228,3,0,0.7233051608655727,0.3355855790212393,0.08315161115405914
338235,3,0,0.9758919905271445,0.7323700686660191,0.15610430833938155
338243,3,0,0.6453564136428266,0.2543404115675082,0.12960057512036527
338251,1,0,0.49873460072310516,0.10346372025030641,0.03654359335363746
338255,2,0,0.2890500862646418,0.15291306774940697,0.043239762574341006
338293,0,0,0.2316495246994988,0.15031589330525807,0.045458359474605074
338308,1,0,0.34604797392577646,0.09343046539989597,0.03654359335363746
338314,3,0,0.5352529379447968,0.3000619568468573,0.07321309306033331
338344,1,0,0.5447244341111156,0.5442492851018504,0.06385930171838845
338434,0,1,0.6011179469898738,0.4331604329016539,0.07832280308675038
338445,3,0,0.6123884651075392,0.19669558356493277,0.054334955521235
338457,1,0,0.8106128620543066,0.5624822742833286,0.0790439086755782
338485,3,0,0.2787112830088441,0.25601770725316675,0.05590945955845268
338548,1,0,0.3976201193825519,0.20975023787421485,0.060900497067004095
338555,3,0,0.38514192233196204,0.19770125103155864,0.047370210475931415
338596,1,0,0.4596568323734829,0.08829789066976175,0.04762177173003558
338603,3,0,0.36132355584500664,0.30029684909242993,0.044599454113254715
338615,3,0,0.29414897497424847,0.24930143565857865,0.059184908138482976
338632,1,0,0.5277283544003236,0.11048400205221041,0.060900497067004095
338640,3,0,0.4553689665699694,0.18823503629225935,0.0599750634749441
338657,0,1,0.43672884699283837,0.49006082978036924,0.07832280308675038
338678,3,0,0.34316906352028265,0.10575476222896539,0.054893067513235354
338731,1,0,0.4642033327106532,0.08890870656612336,0.03654359335363746
338734,0,0,0.2178607225867819,0.08633303932635412,0.047782419330315115
338741,3,0,0.3191170063709011,0.21858414273840654,0.04875905528139326
338777,1,0,0.3474718199730562,0.18242496685313386,0.045138580473426344
338779,1,1,0.47884630175281345,0.5683884419055175,0.0790439086755782
338780,3,0,0.23119303946059117,0.15439524794012702,0.06646138411144845
338798,2,0,0.1291135663691128,0.14359156405164172,0.04761226190619499
338800,1,0,0.539386125399212,0.1208694051667394,0.045138580473426344
338806,3,0,0.6350206919771515,0.5100878186491125,0.11687007238283446
338902,1,0,0.684654675214063,0.052269301586784486,0.03654359335363746
338950,1,0,0.5187508700356164,0.19480504336773827,0.053333301135973836
338962,1,0,0.6146705069428636,0.5177485921163655,0.07843589644846584
338985,1,0,0.2409465246207546,0.06514325351917136,0.03654359335363746
339001,1,0,0.7992967963875695,0.570459340633112,0.0498008771827325
339100,1,0,0.4491507635420923,0.17846756570767716,0.05430418072875823
339102,3,0,0.34969346161243714,0.08175675878326016,0.03665537677901284
339132,0,0,0.11269146561496642,0.2405694881232261,0.04077645560779726
339177,0,0,0.13921223309627767,0.14112699383649843,0.045779545930920554
339205,1,1,0.8139161400415034,0.5971608751099612,0.07843589644846584
339218,1,0,0.3057815745566126,0.2192313282240483,0.0462190103162257
339221,3,1,0.8027434514241581,0.7884920986580869,0.14124574819767138
339297,3,0,0.9611271022659795,0.8322542103170987,0.15566879435925407
339318,3,0,0.671684145572694,0.46946173704064537,0.08528664788625692
339320,1,0,0.41817227923042116,0.431284021110692,0.0790439086755782
339377,3,0,0.4824867760861051,0.24955929841431487,0.05477710488599625
339432,3,0,0.6922301080530766,0.6919988084255845,0.14233980802254007
339471,2,0,0.646621169686674,0.5847847023752095,0.05171434606710744
339485,1,0,0.08858481767281581,0.0332986432239588,0.03654359335363746
339509,1,0,0.5756589660140412,0.1706970324901725,0.053452256584867484
339579,3,0,0.27611707745781694,0.34319929747974726,0.1104975844139529
339642,1,0,0.6973264447854179,0.566477423337276,0.0790439086755782
339672,3,0,0.8231768111945063,0.39948283347392805,0.13157972336348478
339682,3,0,0.8407793259595847,0.6522775256107929,0.15566879435925407
339683,0,0,0.7753801221310599,0.6227257106147301,0.071548513217965
339710,0,0,0.6766453450795712,0.7800668371911635,0.07832280308675038
339724,3,0,0.31761272911389304,0.2933860288331535,0.07216368392742453
339764,1,0,0.5705235304361227,0.055237262449361786,0.03654359335363746
339777,2,0,0.538352193362542,0.31664478392517814,0.043239762574341006
339799,1,0,0.9107455533522091,0.6851173320426011,0.07396643437346692
339840,0,0,0.32501906177828827,0.13996548563194888,0.04132965139290407
339846,0,0,0.29538967063422533,0.14698528030778155,0.04798336410037973
339851,1,0,0.3474364267257406,0.11411300148315856,0.04916595741654698
339855,1,0,0.23952788866355154,0.16839366323054583,0.045138580473426344
339882,1,0,0.7032933358909751,0.5594429271114424,0.07843589644846584
339948,1,0,0.5675825778546773,0.17441959063987297,0.060900497067004095
339962,2,0,0.3478176571486096,0.22937956121223343,0.04785905696083482
339967,3,1,0.8153352747778546,0.7261014945037452,0.14887547442936278
339970,1,0,0.4665978767316979,0.06637347425136098,0.03654359335363746
339977,2,0,0.24989299266968823,0.1142143101355312,0.039107986745542264
339991,1,0,0.5908690255024936,0.16756887495234288,0.0506233382542699
340012,3,0,0.7019520370429096,0.3640644176890131,0.1365123146373017
340026,1,0,0.5589532643839085,0.19595583969912198,0.05268580910615615
340035,0,0,0.6372845302629067,0.7735309525161231,0.07693963941897637
340090,3,0,0.7596190112423646,0.697250746438163,0.13924109738166843
340135,1,0,0.6291601949551842,0.2062804888974803,0.045138580473426344
340168,3,1,0.8144724117712633,0.5676636970237743,0.14794117549848174
340182,1,0,0.39624012719180457,0.5459563616352132,0.0790439086755782
340238,1,0,0.34740288779452333,0.06999304327411952,0.03654359335363746
340255,3,1,0.43860751911907636,0.30476283795261366,0.04706388823249979
340293,2,0,0.339857220010464,0.14369665612779503,0.03793425460871488
340309,2,0,0.7295075469734271,0.656777597034789,0.05171434606710744
340335,3,0,0.8481413445666495,0.6681238400982881,0.15557358031950097
340337,1,0,0.37297237230954444,0.12822558371158002,0.045138580473426344
340348,0,0,0.3548623548685365,0.12613057865088698,0.03928792597754146
340352,1,0,0.5778227216270072,0.27809945033470024,0.04536641338717081
340374,0,0,0.1800623254527722,0.11390713396441715,0.04940040891194944
340378,1,0,0.33324809850613735,0.1748812042741601,0.041489727350712116
340394,3,0,0.35054234260180983,0.11924891830132876,0.0757293573055188
340407,1,0,0.10216971650743946,0.14153251264772726,0.057772283877401805
340435,1,0,0.6662175470815243,0.636840767608921,0.07843589644846584
340463,1,0,0.8671669864497945,0.3859725310966448,0.07092867403083175
340490,3,0,0.5219606565445138,0.15674757950982107,0.034481479701502185
340523,3,0,0.8418563827911182,0.6201393525212453,0.150473278060541
340584,0,0,0.25270646248341294,0.08407113429649399,0.03890106100826425
340587,1,0,0.08551445380847475,0.12555187056794448,0.03654359335363746
340610,2,0,0.1559018510295484,0.12573327961683778,0.04327762942775736
340614,0,0,0.35587658524877175,0.30028710357268773,0.05537205210078483
340622,3,0,0.8838751264107131,0.38874905101036367,0.12411590013782708
340632,3,0,0.7972516072353981,0.521958692288456,0.12969923932057195
340640,1,0,0.13127878529826884,0.14997308629274328,0.045138580473426344
340683,3,0,0.1908084587990064,0.12282688100747848,0.03774884370270823
340689,1,0,0.1025348666486605,0.15228058569172281,0.03654359335363746
340712,1,0,0.12906147819403394,0.14702090314676503,0.0586887917069828
340772,1,0,0.6430787624906414,0.4115423586600872,0.0790439086755782
340781,3,1,0.7007226087655768,0.5344613583897211,0.14013587976540776
340822,1,0,0.9704508915673,0.4701553293332906,0.0790439086755782
340842,1,0,0.22988262556571123,0.17077851611530484,0.03654359335363746
340880,1,0,0.2948343826877211,0.18122052615737302,0.04691585217692644
340884,2,1,0.6797408118683343,0.19452561772466534,0.03680661143378336
340941,3,1,0.76679667818876,0.3279850570695932,0.14473479934153666
340954,2,0,0.30429943284637156,0.10955491741922857,0.04761226190619499
340981,1,0,0.2604099596297639,0.14311963531898445,0.03660837086997847
340984,1,0,0.8342702451256948,0.4260630020757778,0.0790439086755782
341020,3,0,0.22870754718813527,0.1968327492237535,0.04829966253202067
341053,2,0,0.3681529047223059,0.15119326868788113,0.04761226190619499
341086,1,0,0.1054617419502735,0.189148514918896,0.05400653719607418
341102,1,0,0.12588335144634036,0.09958142306154487,0.058341580311069355
341143,3,0,0.6312924227519224,0.4152624935602845,0.14887547442936278
341145,3,0,0.632117046154672,0.38619916569744445,0.12376964914527736
341155,0,0,0.9073256001303431,0.6258943039131055,0.0699314596161306
341187,1,0,0.14106523394673734,0.1464896750832673,0.03660837086997847
341206,1,0,0.623696662348478,0.15308478826872995,0.05149621395102403
341221,1,0,0.5005344221189564,0.18512161752627584,0.0586887917069828
341225,1,0,0.1355803605922753,0.15860118534814138,0.045138580473426344
341299,3,0,0.8830145713933201,0.2712034703465329,0.1335023036772803
341310,1,0,0.3313505632609063,0.12620563050756844,0.03660837086997847
341385,2,0,0.5938050084650172,0.46246692654571414,0.05596883800974349
341428,0,0,0.2933690260957468,0.11169539990615475,0.04107751169898964
341437,1,1,0.8523947282002725,0.5454374700339668,0.06646679460784717
341444,1,0,0.4705693509844165,0.1897437922487825,0.04762177173003558
341574,2,0,0.3877882037966692,0.16100502694651972,0.04761226190619499
341576,1,0,0.7218837636536823,0.12219526367150112,0.03654359335363746
341637,3,0,0.22440635961468552,0.3174555536989932,0.08710058204120268
341645,1,0,0.2679574458471851,0.21495135487628558,0.045138580473426344
341658,1,0,0.8825749888620616,0.41669628019933463,0.07843589644846584
341726,1,0,0.9243357955895247,0.42251501550480036,0.0790439086755782
341882,1,0,0.5412385395934417,0.15483280895253937,0.05149621395102403
341954,1,0,0.7371254991701589,0.23680651328709854,0.0586887917069828
341960,2,0,0.5638496549901432,0.1547662321253903,0.04761226190619499
341961,1,0,0.9747006004462265,0.39515351826171297,0.07843589644846584
341986,3,0,0.781563797218086,0.26563528354425314,0.11849640093049996
